;NAME;CORES;CPUMARK;THREAD;TDP;SOCKET;CAT
;06/5f;16;5830;;NA;Unknown;Unknown
;AArch64;4;833;;NA;Unknown;Mobile/Embedded
;AArch64 rev 2 (aarch64);8;2411;;NA;Unknown;Mobile/Embedded
;AArch64 rev 4 (aarch64);8;1813;;NA;Unknown;Mobile/Embedded
;AC8257V/WAB;8;827;;NA;Unknown;Unknown
;AC8259V/WAB;8;940;;NA;Unknown;Mobile/Embedded
;Allwinner A133;4;666;;NA;Unknown;Mobile/Embedded
;Allwinner A333;5;1289;;NA;Unknown;Mobile/Embedded
;Allwinner A523;8;1904;;NA;Unknown;Mobile/Embedded
;Allwinner A527;8;2187;;NA;Unknown;Mobile/Embedded
;Allwinner A733;8;3109;;NA;Unknown;Mobile/Embedded
;Allwinner H618;4;653;;NA;Unknown;Mobile/Embedded
;Allwinner h728;8;1953;;NA;Unknown;Mobile/Embedded
;AMD 3015Ce;2;2099;;6;FT5;Mobile/Embedded
;AMD 3015e;2;2622;;6;Unknown;Laptop
;AMD 3020e;2;2405;;6;Unknown;Laptop
;AMD 4700S;8;17649;;NA;Unknown;Desktop
;AMD A10 Micro-6700T APU;4;1426;;5;FT3b;Laptop
;AMD A10 PRO-7350B APU;4;1862;;19;FP3;Laptop
;AMD A10 PRO-7800B APU;2;3305;;65;FM2+;Desktop
;AMD A10 PRO-7850B APU;2;3441;;95;FM2+;Desktop
;AMD A10-4600M APU;2;1945;;35;FS1r2;Laptop
;AMD A10-4655M APU;2;1654;;25;FP2;Laptop
;AMD A10-4657M APU;4;1759;;35;FP2;Laptop
;AMD A10-5700 APU;2;2747;;65;FM2;Desktop
;AMD A10-5745M APU;4;1768;;25;FP2;Laptop
;AMD A10-5750M APU;4;2042;;35;FS1r2;Laptop
;AMD A10-5757M APU;4;1997;;35;FP2;Laptop
;AMD A10-5800B APU;2;3027;;100;FM2;Desktop
;AMD A10-5800K APU;2;2967;;100;FM2;Desktop
;AMD A10-6700 APU;4;3118;;65;FM2;Desktop
;AMD A10-6700T APU;2;2299;;45;FM2;Desktop
;AMD A10-6790B APU;4;1416;;100;FM2;Desktop
;AMD A10-6790K APU;2;3112;;100;FM2;Desktop
;AMD A10-6800B APU;2;3155;;100;FM2;Desktop
;AMD A10-6800K APU;2;3192;;100;FM2;Desktop
;AMD A10-7300 APU;4;1736;;19;FP3;Laptop
;AMD A10-7400P;4;2134;;35;FP3;Laptop
;AMD A10-7700K APU;2;3196;;95;FM2+;Desktop
;AMD A10-7800 APU;2;3215;;65;FM2+;Desktop
;AMD A10-7850K APU;2;3394;;95;FM2+;Desktop
;AMD A10-7860K;2;3278;;65;FM2+;Desktop
;AMD A10-7870K;2;3503;;95;FM2+;Desktop
;AMD A10-7890K;2;3528;;95;FM2+;Desktop
;AMD A10-8700P;2;2262;;35;FP4;Laptop
;AMD A10-8750;2;3266;;65;FM2+;Desktop
;AMD A10-8850;2;3438;;NA;Unknown;Desktop
;AMD A10-9600P;4;2338;;15;FP4;Laptop
;AMD A10-9620P;4;2504;;15;Unknown;Laptop
;AMD A10-9630P;4;2993;;35;FP4;Laptop
;AMD A10-9700;4;3549;;65;AM4;Desktop
;AMD A10-9700E;4;3250;;35;AM4;Desktop
;AMD A12-9700P;4;2427;;15;FP4;Laptop
;AMD A12-9720P;4;2628;;15;FP4;Laptop
;AMD A12-9730P;4;2979;;35;FP4;Laptop
;AMD A12-9800;2;3695;;65;AM4;Desktop
;AMD A12-9800E;4;3416;;35;AM4;Desktop
;AMD A4 Micro-6400T APU;4;1082;;4.5;FT3b;Laptop
;AMD A4 PRO-3340B;4;1709;;25;BGA769 (FT3);Laptop
;AMD A4 PRO-7300B APU;1;1458;;65;Unknown;Desktop
;AMD A4 PRO-7350B;1;1544;;65;FM2+;Desktop
;AMD A4-1200 APU;2;375;;3.9;FT3;Laptop
;AMD A4-1250 APU;2;417;;8;FT3;Laptop
;AMD A4-1350 APU;4;911;;8;FT3;Laptop
;AMD A4-3300 APU;2;956;;65;FM1;Desktop
;AMD A4-3300M APU;2;728;;65;FM1;Laptop
;AMD A4-3305M APU;2;767;;35;FS1;Laptop
;AMD A4-3310MX APU;2;800;;45;FS1;Laptop
;AMD A4-3320M APU;2;668;;35;FS1;Laptop
;AMD A4-3330MX APU;2;747;;45;FS1 uPGA;Laptop
;AMD A4-3400 APU;2;1066;;65;FM1;Desktop
;AMD A4-3420 APU;2;1067;;65;FM1;Desktop
;AMD A4-4000 APU;1;1147;;65;FM2;Desktop
;AMD A4-4020 APU;2;1269;;65;FM2;Desktop
;AMD A4-4300M APU;1;967;;35;FS1;Laptop
;AMD A4-4355M APU;2;806;;17;FP2;Laptop
;AMD A4-5000 APU;4;1281;;15;FT3;Laptop
;AMD A4-5050 APU;4;1328;;13.5;FT3;Laptop
;AMD A4-5100 APU;4;1301;;15;FT3;Laptop
;AMD A4-5150M APU;2;927;;35;FS1r2;Laptop
;AMD A4-5300 APU;2;1367;;65;FM2;Desktop
;AMD A4-5300B APU;2;1246;;65;FM2;Desktop
;AMD A4-6210 APU;4;1502;;15;FT3b;Laptop
;AMD A4-6250J APU;4;1619;;25;Unknown;Laptop, Mobile/Embedded
;AMD A4-6300 APU;1;1434;;65;FM2;Desktop
;AMD A4-6300B APU;1;1328;;65;Unknown;Desktop
;AMD A4-6320 APU;1;1532;;65;FM2;Desktop
;AMD A4-7210 APU;4;1670;;25;BGA;Laptop
;AMD A4-7300 APU;1;1530;;65;FM2;Desktop
;AMD A4-9120;2;1223;;15;BGA;Laptop
;AMD A4-9120C;2;885;;6;FT4;Laptop
;AMD A4-9120e;2;846;;NA;FT4;Laptop
;AMD A4-9125;2;1206;;15;BGA (FT4);Laptop
;AMD A6 Micro-6500T APU;4;1146;;NA;Unknown;Laptop
;AMD A6 PRO-7050B APU;2;971;;17;FP3;Laptop
;AMD A6 PRO-7400B;1;1640;;65;FM2+;Desktop
;AMD A6-1450 APU;4;1062;;8;FT3;Laptop
;AMD A6-3400M APU;4;1223;;35;FS1;Laptop
;AMD A6-3410MX APU;4;1274;;45;FS1;Laptop
;AMD A6-3420M APU;4;1309;;35;FS1;Laptop
;AMD A6-3430MX APU;4;1389;;45;FS1;Laptop
;AMD A6-3500 APU;3;1439;;65;FM1;Desktop
;AMD A6-3600 APU;4;1718;;65;FM1;Desktop
;AMD A6-3620 APU;4;1869;;65;FM1;Desktop
;AMD A6-3650 APU;4;2098;;100;FM1;Desktop
;AMD A6-3670 APU;4;2211;;100;FM1;Desktop
;AMD A6-4400M APU;1;996;;35;FS1r2;Laptop
;AMD A6-4455M APU;1;811;;17;FP2;Laptop
;AMD A6-5200 APU;4;1671;;25;FT3;Laptop
;AMD A6-5345M APU;2;1122;;17;FP2;Laptop
;AMD A6-5350M APU;2;1199;;35;FS1r2;Laptop
;AMD A6-5357M APU;2;1192;;35;FP2;Laptop
;AMD A6-5400B APU;1;1465;;65;FM2;Desktop
;AMD A6-5400K APU;1;1279;;65;FM2;Desktop
;AMD A6-6310 APU;4;1678;;15;FT3;Laptop
;AMD A6-6400B APU;1;1573;;65;FM2;Desktop
;AMD A6-6400K APU;1;1514;;65;FM2;Desktop
;AMD A6-6420B APU;1;1550;;65;FM2;Desktop
;AMD A6-6420K APU;2;1571;;65;FM2;Desktop
;AMD A6-7000;2;1002;;17;FP3;Laptop
;AMD A6-7310 APU;4;1748;;25;Unknown;Laptop
;AMD A6-7400K APU;2;1687;;65;FM2+;Desktop
;AMD A6-7470K;1;1799;;65;FM2+;Desktop
;AMD A6-7480;2;1813;;65;FM2+;Desktop
;AMD A6-8500P;2;1445;;15;BGA (FP4);Laptop
;AMD A6-8550;2;1762;;65;FM2+;Desktop
;AMD A6-9200;2;1143;;10;BGA;Laptop
;AMD A6-9210;2;1254;;15;FP4;Laptop
;AMD A6-9220;2;1304;;15;Unknown;Laptop
;AMD A6-9220C;2;1053;;6;FT4;Laptop
;AMD A6-9220e;2;957;;NA;Unknown;Laptop
;AMD A6-9225;2;1324;;15;BGA (FT4);Laptop
;AMD A6-9230;2;1303;;15;Unknown;Desktop
;AMD A6-9400;2;2717;;10;FT4;Laptop
;AMD A6-9500;2;1875;;65;AM4;Desktop
;AMD A6-9500E;2;1725;;35;AM4;Desktop
;AMD A8 PRO-7150B APU;4;1541;;19;FP3;Laptop
;AMD A8 PRO-7600B APU;4;3007;;65;FM2+;Desktop
;AMD A8-3500M APU;4;1394;;35;FS1;Laptop
;AMD A8-3510MX APU;4;1631;;45;FS1;Laptop
;AMD A8-3520M APU;4;1439;;35;FS1;Laptop
;AMD A8-3530MX APU;4;1608;;45;FS1;Laptop
;AMD A8-3550MX APU;4;1687;;45;FS1;Laptop
;AMD A8-3800 APU;4;2048;;65;FM1;Desktop
;AMD A8-3820 APU;4;2178;;65;FM1;Desktop
;AMD A8-3850 APU;4;2421;;100;FM1;Desktop
;AMD A8-3870K APU;4;2355;;100;FM1;Desktop
;AMD A8-4500M APU;2;1692;;35;FS1r2;Laptop
;AMD A8-4555M APU;2;1337;;19;FP2;Laptop
;AMD A8-5500 APU;2;2611;;65;FM2;Desktop
;AMD A8-5500B APU;2;2613;;65;FM2;Desktop
;AMD A8-5545M APU;4;1628;;19;FP2;Laptop
;AMD A8-5550M APU;4;1811;;35;FS1r2;Laptop
;AMD A8-5557M APU;4;1831;;35;FP2;Laptop
;AMD A8-5600K APU;4;2858;;100;FM2;Desktop
;AMD A8-6410 APU;4;1772;;15;BGA769 (FT3b);Laptop
;AMD A8-6500 APU;2;2601;;65;FM2;Desktop
;AMD A8-6500B APU;2;2521;;65;FM2;Desktop
;AMD A8-6500T APU;2;1983;;45;FM2;Desktop
;AMD A8-6600K APU;2;3011;;100;FM2;Desktop
;AMD A8-7050;2;1068;;15;Unknown;Laptop
;AMD A8-7100 APU;4;1647;;19;FP3;Laptop
;AMD A8-7200P;4;2158;;35;FP3;Laptop
;AMD A8-7410 APU;4;1809;;25;Unknown;Laptop
;AMD A8-7500;2;3302;;65;FM2+;Desktop
;AMD A8-7600 APU;2;3209;;65;FM2+;Desktop
;AMD A8-7650K;2;3118;;65;FM2+;Desktop
;AMD A8-7670K;4;3267;;95;FM2+;Desktop
;AMD A8-7680;4;3520;;45;FM2+;Laptop
;AMD A8-7690K;4;2157;;95;FM2+;Desktop
;AMD A8-8600P;2;2464;;15;FP4;Laptop
;AMD A8-8650;4;2996;;65;FM2+;Desktop
;AMD A8-9600;4;3289;;65;AM4;Desktop
;AMD A9-9400;2;1327;;10;FP4;Laptop
;AMD A9-9410;2;1547;;25;FP4;Laptop
;AMD A9-9420;2;1539;;15;Unknown;Laptop
;AMD A9-9420e;2;1097;;NA;Unknown;Laptop
;AMD A9-9425;2;1516;;15;BGA (FT4);Laptop
;AMD A9-9430;2;1699;;NA;Unknown;Desktop
;AMD A9-9820;8;3958;;NA;Unknown;Desktop
;AMD Athlon 1500+;1;191;;NA;Unknown;Desktop
;AMD Athlon 1640B;1;376;;45;AM2;Desktop
;AMD Athlon 200GE;2;4099;;35;AM4;Desktop
;AMD Athlon 220GE;2;4435;;35;AM4;Laptop
;AMD Athlon 240GE;2;4561;;35;AM4;Desktop
;AMD Athlon 2650e;1;274;;15;AM2;Desktop
;AMD Athlon 2800+;1;291;;89;754;Desktop
;AMD Athlon 2850e;1;333;;22;AM2;Desktop
;AMD Athlon 3000G;2;4447;;35;AM4;Desktop
;AMD Athlon 300GE;2;4281;;35;AM4;Desktop
;AMD Athlon 300U;2;3865;;15;FP5;Laptop
;AMD Athlon 320GE;2;4399;;35;AM4;Desktop
;AMD Athlon 5000 Dual-Core;2;872;;65;AM2,AM2+;Desktop
;AMD Athlon 5150 APU;4;1415;;25;AM1,FS1b;Desktop
;AMD Athlon 5200 Dual-Core;2;869;;75;AM2;Desktop
;AMD Athlon 5350 APU;4;1796;;25;AM1,FS1B;Desktop
;AMD Athlon 5370 APU;4;1906;;25;AM1,FS1B;Desktop
;AMD Athlon 64 2000+;1;154;;8;Unknown;Desktop
;AMD Athlon 64 2600+;1;243;;15;Unknown;Desktop
;AMD Athlon 64 2800+;1;295;;89;754;Desktop
;AMD Athlon 64 3000+;1;342;;89;Socket 754;Desktop
;AMD Athlon 64 3100+;1;484;;89;754;Desktop
;AMD Athlon 64 3200+;1;305;;62;AM2;Desktop
;AMD Athlon 64 3300+;1;375;;NA;Unknown;Desktop
;AMD Athlon 64 3400+;1;317;;89;754;Desktop
;AMD Athlon 64 3500+;1;377;;45;AM2;Desktop
;AMD Athlon 64 3700+;1;394;;89;939;Desktop
;AMD Athlon 64 3800+;1;332;;45;AM2;Desktop
;AMD Athlon 64 4000+;1;340;;62;AM2;Desktop
;AMD Athlon 64 FX-55;1;404;;104;939;Desktop
;AMD Athlon 64 FX-57;1;517;;104;939;Desktop
;AMD Athlon 64 FX-59;1;465;;NA;939;Desktop
;AMD Athlon 64 FX-60 Dual Core;2;709;;110;939;Desktop
;AMD Athlon 64 FX-62 Dual Core;2;993;;125;AM2;Desktop
;AMD Athlon 64 FX-74;2;972;;125;F (1207);Desktop
;AMD Athlon 64 X2 Dual Core 3400+;2;531;;89;754;Desktop
;AMD Athlon 64 X2 Dual Core 3600+;2;618;;65;AM2;Desktop
;AMD Athlon 64 X2 Dual Core 3800+;2;623;;89;AM2;Desktop
;AMD Athlon 64 X2 Dual Core 4000+;2;698;;65;AM2;Desktop
;AMD Athlon 64 X2 Dual Core 4200+;2;729;;89;AM2;Desktop
;AMD Athlon 64 X2 Dual Core 4400+;2;671;;65;AM2;Desktop
;AMD Athlon 64 X2 Dual Core 4600+;2;720;;65;AM2;Desktop
;AMD Athlon 64 X2 Dual Core 4800+;2;719;;65;AM2;Desktop
;AMD Athlon 64 X2 Dual Core 5000+;2;806;;65;AM2;Desktop
;AMD Athlon 64 X2 Dual Core 5200+;2;855;;65;AM2;Desktop
;AMD Athlon 64 X2 Dual Core 5400+;2;907;;65;AM2;Desktop
;AMD Athlon 64 X2 Dual Core 5600+;2;909;;89;AM2;Desktop
;AMD Athlon 64 X2 Dual Core 5800+;2;653;;89;Unknown;Desktop
;AMD Athlon 64 X2 Dual Core 6000+;2;942;;89;AM2;Desktop
;AMD Athlon 64 X2 Dual Core 6400+;2;954;;125;AM2;Desktop
;AMD Athlon 64 X2 Dual Core BE-2300;2;594;;45;AM2;Desktop
;AMD Athlon 64 X2 Dual Core BE-2350;2;573;;45;AM2;Desktop
;AMD Athlon 64 X2 Dual-Core TK-42;2;577;;20;Unknown;Desktop
;AMD Athlon 64 X2 Dual-Core TK-53;2;602;;31;Unknown;Desktop
;AMD Athlon 64 X2 Dual-Core TK-55;2;518;;35;Unknown;Desktop
;AMD Athlon 64 X2 Dual-Core TK-57;2;624;;31;Unknown;Desktop
;AMD Athlon 64 X2 QL-60;2;651;;35;S1;Laptop
;AMD Athlon 64 X2 QL-62;2;525;;35;S1;Laptop
;AMD Athlon 64 X2 QL-64;2;605;;35;S1;Laptop
;AMD Athlon 64 X2 QL-65;2;664;;35;S1;Laptop
;AMD Athlon 64 X2 QL-66;2;641;;35;S1;Laptop
;AMD Athlon 64 X2 QL-67;2;582;;35;S1;Laptop
;AMD Athlon 7450 Dual-Core;2;789;;95;AM2+;Desktop
;AMD Athlon 7550 Dual-Core;2;977;;95;AM2+;Desktop
;AMD Athlon 7750 Dual-Core;2;1005;;95;AM2+;Desktop
;AMD Athlon 7850 Dual-Core;2;1058;;95;AM2+;Desktop
;AMD Athlon Dual Core 4050e;2;674;;45;AM2;Desktop
;AMD Athlon Dual Core 4450B;2;723;;45;AM2+;Desktop
;AMD Athlon Dual Core 4450e;2;710;;45;AM2;Desktop
;AMD Athlon Dual Core 4850B;2;727;;45;AM2+;Desktop
;AMD Athlon Dual Core 4850e;2;799;;45;AM2;Desktop
;AMD Athlon Dual Core 5000B;2;856;;65;AM2;Desktop
;AMD Athlon Dual Core 5050e;2;846;;45;AM2;Desktop
;AMD Athlon Dual Core 5200B;2;823;;65;AM2;Desktop
;AMD Athlon Dual Core 5400B;2;914;;65;AM2;Desktop
;AMD Athlon Dual Core 5600B;2;737;;65;AM2+;Desktop
;AMD Athlon Gold 3150C;2;3292;;15;FP5;Laptop, Mobile/Embedded
;AMD Athlon Gold 3150G;4;6922;;65;AM4;Desktop
;AMD Athlon Gold 3150U;2;3937;;15;FP5;Laptop
;AMD Athlon Gold 7220U;2;4904;;15;FP6;Laptop
;AMD Athlon Gold PRO 3150G;4;7468;;65;AM4;Desktop
;AMD Athlon Gold PRO 3150GE;4;7006;;35;AM4;Desktop
;AMD Athlon Gold PRO 4150GE;4;8259;;35;FP6;Laptop
;AMD Athlon II 160u;1;358;;20;Unknown;Desktop
;AMD Athlon II 170u;1;355;;20;AM2+,AM3;Desktop
;AMD Athlon II Dual-Core M300;2;670;;35;Unknown;Laptop
;AMD Athlon II Dual-Core M320;2;770;;35;Unknown;Laptop
;AMD Athlon II Dual-Core M340;2;807;;35;Unknown;Laptop
;AMD Athlon II N330 Dual-Core;2;665;;35;Unknown;Laptop
;AMD Athlon II N350 Dual-Core;2;856;;35;Unknown;Laptop
;AMD Athlon II N370 Dual-Core;2;899;;35;S1g4;Laptop
;AMD Athlon II Neo K125;1;315;;12;S1;Laptop
;AMD Athlon II Neo K145;1;298;;12;S1;Laptop
;AMD Athlon II Neo K325 Dual-Core;2;439;;12;Unknown;Laptop
;AMD Athlon II Neo K345 Dual-Core;2;527;;12;Unknown;Laptop
;AMD Athlon II Neo N36L Dual-Core;2;487;;12;Unknown;Laptop
;AMD Athlon II P320 Dual-Core;2;706;;25;Unknown;Laptop
;AMD Athlon II P340 Dual-Core;2;722;;25;S1g4;Laptop
;AMD Athlon II P360 Dual-Core;2;753;;25;S1g4;Laptop
;AMD Athlon II X2 210e;2;1089;;45;AM3;Desktop
;AMD Athlon II X2 215;2;1011;;65;AM3;Desktop
;AMD Athlon II X2 220;2;1046;;65;AM3;Desktop
;AMD Athlon II X2 235e;2;1079;;45;AM3;Desktop
;AMD Athlon II X2 240;2;1060;;65;AM3;Desktop
;AMD Athlon II X2 240e;2;1007;;45;AM3;Desktop
;AMD Athlon II X2 245;2;1128;;65;AM2+/AM3;Desktop
;AMD Athlon II X2 245e;2;1126;;45;AM3;Desktop
;AMD Athlon II X2 250;2;1179;;65;AM3;Desktop
;AMD Athlon II X2 250e;2;1202;;45;AM3;Desktop
;AMD Athlon II X2 250u;2;615;;25;AM3;Desktop
;AMD Athlon II X2 255;2;1208;;65;AM3;Desktop
;AMD Athlon II X2 260;2;1245;;65;AM3;Desktop
;AMD Athlon II X2 260u;2;713;;25;AM3;Desktop
;AMD Athlon II X2 265;2;1324;;65;AM3;Desktop
;AMD Athlon II X2 270;2;1333;;65;AM3;Desktop
;AMD Athlon II X2 270u;2;675;;25;AM3;Desktop
;AMD Athlon II X2 280;2;1355;;65;AM3;Desktop
;AMD Athlon II X2 4300e;2;990;;13;Unknown;Desktop
;AMD Athlon II X2 4400e;2;944;;37;Unknown;Desktop
;AMD Athlon II X2 4450e;2;587;;45;AM2;Desktop
;AMD Athlon II X2 B22;2;1064;;65;AM3;Desktop
;AMD Athlon II X2 B24;2;1124;;65;AM3;Desktop
;AMD Athlon II X2 B26;2;1215;;65;Unknown;Unknown
;AMD Athlon II X2 B28;2;1284;;65;AM3;Desktop
;AMD Athlon II X3 400e;3;1320;;45;AM3;Desktop
;AMD Athlon II X3 405e;3;1331;;45;AM3;Desktop
;AMD Athlon II X3 415e;3;1481;;45;AM3;Desktop
;AMD Athlon II X3 420e;3;1557;;45;AM3;Desktop
;AMD Athlon II X3 425;3;1595;;95;AM3;Desktop
;AMD Athlon II X3 435;3;1637;;95;AM3;Desktop
;AMD Athlon II X3 440;3;1734;;95;AM3;Desktop
;AMD Athlon II X3 445;3;1807;;95;AM3;Desktop
;AMD Athlon II X3 450;3;1870;;95;AM3;Desktop
;AMD Athlon II X3 455;3;1939;;95;AM3;Desktop
;AMD Athlon II X3 460;3;1965;;95;AM3;Desktop
;AMD Athlon II X4 553;4;2418;;NA;Unknown;Desktop
;AMD Athlon II X4 555;4;2526;;NA;Unknown;Desktop
;AMD Athlon II X4 557;4;2567;;160;AM3;Desktop
;AMD Athlon II X4 559;4;2652;;NA;Unknown;Desktop
;AMD Athlon II X4 600e;4;1795;;45;AM3;Desktop
;AMD Athlon II X4 605e;4;1964;;45;AM3;Desktop
;AMD Athlon II X4 610e;4;1959;;45;AM3;Desktop
;AMD Athlon II X4 615e;4;2000;;45;AM3;Desktop
;AMD Athlon II X4 620;4;2031;;95;AM3;Desktop
;AMD Athlon II X4 630;4;2175;;95;AM3;Desktop
;AMD Athlon II X4 631 Quad-Core;4;2118;;100;FM1;Desktop
;AMD Athlon II X4 635;4;2248;;95;AM3;Desktop
;AMD Athlon II X4 638 Quad-Core;4;2260;;65;FM1;Desktop
;AMD Athlon II X4 640;4;2271;;95;AM3;Desktop
;AMD Athlon II X4 641 Quad-Core;4;2313;;100;FM1;Desktop
;AMD Athlon II X4 645;4;2370;;95;AM3;Desktop
;AMD Athlon II X4 650;4;2457;;95;Unknown;Desktop
;AMD Athlon II X4 651 Quad-Core;4;2433;;100;FM1;Desktop
;AMD Athlon II X4 655;4;2078;;95;AM2+ (940-pin);Desktop
;AMD Athlon L110;1;211;;13;Unknown;Unknown
;AMD Athlon LE-1600;1;412;;45;AM2;Desktop
;AMD Athlon LE-1620;1;421;;45;AM2;Desktop
;AMD Athlon LE-1640;1;430;;45;AM2;Desktop
;AMD Athlon LE-1660;1;416;;45;AM2;Desktop
;AMD Athlon Neo MV-40;1;281;;15;Unknown;Unknown
;AMD Athlon Neo X2 Dual Core 6850e;2;456;;22;Unknown;Unknown
;AMD Athlon Neo X2 Dual Core L325;2;556;;18;Unknown;Unknown
;AMD Athlon Neo X2 Dual Core L335;2;529;;18;Unknown;Unknown
;AMD Athlon PRO 200GE;2;3816;;35;AM4;Desktop
;AMD Athlon PRO 300GE;2;4350;;35;AM4;Desktop
;AMD Athlon PRO 300U;2;4080;;15;FP5;Laptop
;AMD Athlon PRO 3045B;2;2770;;15;FP5;Laptop
;AMD Athlon Silver 3050C;2;2879;;15;FP5;Laptop
;AMD Athlon Silver 3050e;2;2901;;6;Unknown;Laptop
;AMD Athlon Silver 3050GE;2;4545;;35;AM4;Laptop
;AMD Athlon Silver 3050U;2;2951;;15;FP5;Laptop
;AMD Athlon Silver 7120U;2;3010;;15;FP6;Laptop
;AMD Athlon Silver PRO 3125GE;2;4633;;35;AM4;Desktop
;AMD Athlon TF-20;1;265;;15;Unknown;Unknown
;AMD Athlon TF-36;1;338;;25;Unknown;Unknown
;AMD Athlon X2 215;2;996;;65;Unknown;Unknown
;AMD Athlon X2 240;2;921;;65;Unknown;Unknown
;AMD Athlon X2 240e;2;1015;;45;Unknown;Unknown
;AMD Athlon X2 250;2;855;;65;Unknown;Unknown
;AMD Athlon X2 255;2;938;;65;AM2+/AM3;Unknown
;AMD Athlon X2 280;2;1327;;65;AM3;Unknown
;AMD Athlon X2 340 Dual Core;2;1333;;65;FM2;Desktop
;AMD Athlon X2 370K Dual Core;1;1643;;65;Unknown;Unknown
;AMD Athlon X2 450;2;1295;;65;FM2+;Desktop
;AMD Athlon X2 Dual Core 3250e;2;348;;22;Unknown;Unknown
;AMD Athlon X2 Dual Core 6850e;2;564;;22;Unknown;Unknown
;AMD Athlon X2 Dual Core BE-2300;2;570;;45;AM2;Desktop
;AMD Athlon X2 Dual Core BE-2350;2;591;;45;AM2;Desktop
;AMD Athlon X2 Dual Core BE-2400;2;674;;18;FT1;Desktop
;AMD Athlon X2 Dual Core L310;2;343;;13;S1;Laptop
;AMD Athlon X3 425;3;1516;;95;Unknown;Unknown
;AMD Athlon X3 435;3;1781;;95;Unknown;Unknown
;AMD Athlon X3 440;3;1438;;95;Unknown;Unknown
;AMD Athlon X3 445;3;1626;;95;Unknown;Unknown
;AMD Athlon X3 455;3;1783;;95;AM2+/AM3;Unknown
;AMD Athlon X4 530;4;1786;;25;AM1;Desktop
;AMD Athlon X4 620;4;1810;;95;Unknown;Unknown
;AMD Athlon X4 640;4;2115;;95;Unknown;Unknown
;AMD Athlon X4 730;2;2278;;65;FM2;Desktop
;AMD Athlon X4 740 Quad Core;2;2639;;65;FM2;Desktop
;AMD Athlon X4 750 Quad Core;4;2751;;65;FM2;Desktop
;AMD Athlon X4 750K Quad Core;2;2879;;100;FM2;Unknown
;AMD Athlon X4 760K Quad Core;2;2977;;100;FM2;Desktop
;AMD Athlon X4 830;2;3018;;65;FM2+;Desktop
;AMD Athlon X4 840;2;3331;;65;FM2+;Desktop
;AMD Athlon X4 845;2;3772;;65;FM2+;Desktop
;AMD Athlon X4 850;4;2756;;65;FM2+;Unknown
;AMD Athlon X4 860K;2;3431;;95;FM2+;Desktop
;AMD Athlon X4 870K;2;3443;;95;FM2+;Desktop
;AMD Athlon X4 880K;2;3649;;95;FM2+;Desktop
;AMD Athlon X4 950;4;3576;;65;AM4;Desktop
;AMD Athlon X4 970;4;3701;;65;AM4;Desktop
;AMD Athlon XP 1500+;1;167;;NA;Unknown;Unknown
;AMD Athlon XP 1600+;1;174;;NA;Unknown;Unknown
;AMD Athlon XP 1700+;1;176;;64;Socket A (462);Desktop
;AMD Athlon XP 1800+;1;195;;66;Socket A;Desktop
;AMD Athlon XP 1900+;1;203;;NA;Unknown;Unknown
;AMD Athlon XP 2000+;1;195;;70;Socket A;Desktop
;AMD Athlon XP 2100+;1;210;;NA;Unknown;Unknown
;AMD Athlon XP 2200+;1;214;;NA;Unknown;Unknown
;AMD Athlon XP 2400+;1;234;;NA;Unknown;Unknown
;AMD Athlon XP 2500+;1;231;;NA;Unknown;Unknown
;AMD Athlon XP 2600+;1;242;;NA;Unknown;Unknown
;AMD Athlon XP 2700+;1;256;;NA;Unknown;Unknown
;AMD Athlon XP 2800+;1;260;;89;754;Unknown
;AMD Athlon XP 2900+;1;276;;NA;Unknown;Unknown
;AMD Athlon XP 3000+;1;262;;62;Socket A;Desktop
;AMD Athlon XP 3100+;1;282;;NA;Unknown;Unknown
;AMD Athlon XP 3200+;1;281;;62;AM2;Unknown
;AMD Athlon XP1600+;1;183;;NA;Unknown;Unknown
;AMD Athlon XP2400+;1;243;;NA;Unknown;Unknown
;AMD Athlon64 X2 Dual Core 4600+;2;803;;110;AM2;Desktop
;AMD BC-250;6;13502;;220;Unknown;Unknown
;AMD C-30;1;178;;9;FT1;Laptop
;AMD C-50;2;262;;9;FT1;Laptop
;AMD C-60;2;290;;9;Unknown;Unknown
;AMD C-60 APU;2;316;;9;Unknown;Laptop, Mobile/Embedded
;AMD C-70 APU;2;315;;9;Unknown;Laptop, Mobile/Embedded
;AMD Custom APU 0932;4;9394;;15;Unknown;Mobile/Embedded
;AMD E-240;1;195;;18;FT1;Laptop
;AMD E-300 APU;2;336;;18;FT1;Laptop
;AMD E-350;2;430;;18;FT1;Desktop, Laptop
;AMD E-350 APU;2;423;;18;FT1 BGA;Desktop, Laptop
;AMD E-350D APU;2;486;;18;Unknown;Laptop, Mobile/Embedded
;AMD E-450 APU;2;438;;18;FT1;Laptop
;AMD E1 Micro-6200T APU;2;600;;3.95;FT3b;Laptop
;AMD E1-1200 APU;2;382;;18;FT1;Laptop
;AMD E1-1500 APU;2;385;;18;FT1;Laptop
;AMD E1-2100 APU;2;413;;9;FT3;Laptop
;AMD E1-2200 APU;2;474;;9;FT3;Laptop
;AMD E1-2500 APU;2;593;;15;FT3;Laptop
;AMD E1-6010 APU;2;543;;10;FT3b;Laptop
;AMD E1-6015 APU;2;581;;NA;BGA769 (FT3b);Laptop
;AMD E1-6050J APU;2;1385;;10;Unknown;Unknown
;AMD E1-7010 APU;2;605;;10;BGA769 (FT3b);Laptop
;AMD E2-1800 APU;2;450;;18;FT1;Desktop
;AMD E2-2000 APU;2;496;;18;BGA413,FT1;Laptop
;AMD E2-3000 APU;2;743;;15;FT3;Laptop
;AMD E2-3000M APU;2;668;;35;FS1;Laptop
;AMD E2-3200 APU;2;986;;65;FM1;Desktop
;AMD E2-3800 APU;4;1160;;15;FT3;Laptop
;AMD E2-6110 APU;4;1227;;15;AM1,FT3b;Laptop
;AMD E2-7015;2;611;;NA;Unknown;Laptop
;AMD E2-7015 APU;2;653;;NA;Unknown;Laptop
;AMD E2-7110 APU;4;1505;;15;FP4 BGA;Laptop
;AMD E2-9000;2;956;;10;Unknown;Laptop
;AMD E2-9000e;2;885;;6;Unknown;Laptop
;AMD E2-9010;2;1073;;15;FP4;Laptop
;AMD E2-9030;2;983;;NA;BGA (FT4);Desktop
;AMD Embedded G-Series GX-215JJ Radeon R2E;2;1097;;10;FP4;Laptop, Mobile/Embedded
;AMD Embedded G-Series GX-224IJ Radeon R4E;2;1271;;15;FP4;Laptop, Mobile/Embedded
;AMD Embedded G-Series GX-420GI Radeon R7E;4;1599;;16.1;FP4;Laptop, Mobile/Embedded
;AMD Embedded R-Series RX-216GD;2;1628;;15;BGA (FP4);Laptop, Mobile/Embedded
;AMD Embedded R-Series RX-418GD Radeon R6;4;3426;;35;FP4;Laptop, Mobile/Embedded
;AMD Embedded R-Series RX-421BD;4;3302;;35;BGA (FP4);Laptop, Mobile/Embedded
;AMD Embedded R-Series RX-421ND;4;3024;;35;FP4;Mobile/Embedded
;AMD EPYC 3101 4-Core;4;6050;;NA;Unknown;Server
;AMD EPYC 3151;4;8306;;45;SP4r2;Server
;AMD EPYC 3201;8;8672;;30;SP4r2;Server
;AMD EPYC 3251;8;13681;;50;SP4r2;Server
;AMD EPYC 3451;16;19532;;NA;Unknown;Server
;AMD EPYC 4124P;4;18174;;65;AM5;Server
;AMD EPYC 4244P;6;27164;;65;AM5;Server
;AMD EPYC 4245P;6;31316;;65;AM5;Server
;AMD EPYC 4344P;8;33690;;65;AM5;Server
;AMD EPYC 4345P;8;27497;;65;AM5;Server
;AMD EPYC 4364P;8;34811;;105;AM5;Server
;AMD EPYC 4464P;12;47185;;NA;AM5;Server
;AMD EPYC 4465P;12;50275;;65;AM5;Server
;AMD EPYC 4484PX;12;50547;;120;AM5;Server
;AMD EPYC 4545P;16;55024;;65;AM5;Server
;AMD EPYC 4564P;16;64398;;170;AM5;Server
;AMD EPYC 4565P;16;64068;;170;AM5;Server
;AMD EPYC 4584PX;16;60169;;120;AM5;Server
;AMD EPYC 4585PX;16;70406;;170;AM5;Server
;AMD EPYC 7203P;8;22017;;120;SP3;Server
;AMD EPYC 7232P;8;17712;;120;SP3;Server
;AMD EPYC 7251;8;14935;;120;SP3;Server
;AMD EPYC 7252;8;19411;;120;SP3;Server
;AMD EPYC 7261;8;11149;;155;SP3;Server
;AMD EPYC 7262;8;20779;;155;SP3;Server
;AMD EPYC 7272;12;25161;;120;SP3;Server
;AMD EPYC 7281;16;21621;;155;SP3;Server
;AMD EPYC 7282;16;30106;;120;SP3;Server
;AMD EPYC 72F3;8;27252;;180;SP3;Server
;AMD EPYC 7301;16;14991;;155;SP3;Server
;AMD EPYC 7302;16;33511;;155;SP3;Server
;AMD EPYC 7302P;16;32690;;155;SP3;Server
;AMD EPYC 7303;16;28572;;130;SP3;Server
;AMD EPYC 7303P;16;36487;;130;SP3;Server
;AMD EPYC 7313;16;38938;;155;SP3;Server
;AMD EPYC 7313P;16;41017;;155;SP3;Server
;AMD EPYC 7343;16;43644;;190;SP3;Server
;AMD EPYC 7351;16;23226;;155;SP3;Server
;AMD EPYC 7351P;16;24871;;155;SP3;Server
;AMD EPYC 7352;24;40370;;155;SP3;Server
;AMD EPYC 7371;16;28780;;NA;SP3;Server
;AMD EPYC 73F3;16;46103;;240;SP3;Server
;AMD EPYC 7401P;24;27836;;155;SP3;Server
;AMD EPYC 7402;24;46012;;180;SP3;Server
;AMD EPYC 7402P;24;43759;;180;SP3;Server
;AMD EPYC 7413;24;50641;;180;SP3;Server
;AMD EPYC 7443;24;56743;;200;SP3;Server
;AMD EPYC 7443P;24;56798;;200;SP3;Server
;AMD EPYC 7451;24;26639;;180;SP3;Server
;AMD EPYC 7452;32;45764;;155;SP3;Server
;AMD EPYC 7453;28;48453;;225;SP3;Server
;AMD EPYC 7473X;24;59280;;240;SP3;Server
;AMD EPYC 74F3;24;60666;;240;SP3;Server
;AMD EPYC 7501;32;24925;;155;SP3;Server
;AMD EPYC 7502;32;52107;;180;SP3;Server
;AMD EPYC 7502P;32;51206;;180;SP3;Server
;AMD EPYC 7513;32;59331;;200;SP3;Server
;AMD EPYC 7532;32;50726;;200;SP3;Server
;AMD EPYC 7542;32;45359;;225;SP3;Server
;AMD EPYC 7543;32;62952;;240;SP3;Server
;AMD EPYC 7543P;32;66590;;225;SP3;Server
;AMD EPYC 7551;32;25996;;180;SP3;Server
;AMD EPYC 7551P;32;38236;;180;SP3;Server
;AMD EPYC 7552;48;57414;;200;SP3;Server
;AMD EPYC 7571;32;28574;;120;SP3;Server
;AMD EPYC 7573X;32;69432;;280;SP3;Server
;AMD EPYC 75F3;32;64505;;280;SP3;Server
;AMD EPYC 7601;32;35059;;180;SP3;Server
;AMD EPYC 7642;48;58795;;225;SP3;Server
;AMD EPYC 7643;48;76050;;225;SP3;Server
;AMD EPYC 7643P;48;77307;;225;SP3;Server
;AMD EPYC 7662;64;72298;;225;SP3;Server
;AMD EPYC 7663;56;82120;;240;SP3;Server
;AMD EPYC 7702;64;68790;;200;SP3;Server
;AMD EPYC 7702P;64;63046;;200;SP3;Server
;AMD EPYC 7713;64;83018;;225;SP3;Server
;AMD EPYC 7713P;64;81582;;225;SP3;Server
;AMD EPYC 7742;64;69140;;225;SP3;Server
;AMD EPYC 7763;64;84675;;280;SP3;Server
;AMD EPYC 7773X;64;91340;;280;SP3;Server
;AMD EPYC 7B12;64;66044;;240;SP3;Server
;AMD EPYC 7B13;64;78064;;240;Unknown;Server
;AMD EPYC 7C13;64;76363;;NA;Unknown;Server
;AMD EPYC 7D12;32;42285;;85;Unknown;Server
;AMD EPYC 7F32;8;23198;;180;SP3;Server
;AMD EPYC 7F52;16;41322;;240;SP3;Server
;AMD EPYC 7F72;24;52840;;240;SP3;Server
;AMD EPYC 7H12;64;69633;;280;SP3;Server
;AMD EPYC 7J13;64;84786;;NA;Unknown;Server
;AMD EPYC 7K23;48;81183;;NA;Unknown;Server
;AMD EPYC 7K62;48;59533;;NA;SP3;Server
;AMD EPYC 7R12;48;48934;;200;SP3;Server
;AMD EPYC 7R13;48;79046;;NA;Unknown;Server
;AMD EPYC 7R32;48;64315;;NA;Unknown;Server
;AMD EPYC 7R43;64;83535;;280;SP3;Server
;AMD EPYC 7T83;64;81757;;280;SP3;Server
;AMD EPYC 7V12;64;70622;;240;SP3;Server
;AMD EPYC 7V13;64;82878;;240;SP3;Server
;AMD EPYC 8024P;8;20455;;90;SP6;Server
;AMD EPYC 8124P;16;36061;;125;SP6;Server
;AMD EPYC 8224P;24;45421;;160;SP6;Server
;AMD EPYC 8324P;32;57127;;180;SP6;Server
;AMD EPYC 8324PN 32-Core;8;8375;;130;Unknown;Desktop
;AMD EPYC 8434P;48;66490;;200;SP6;Server
;AMD EPYC 8534P;64;71900;;200;SP6;Server
;AMD EPYC 9115;16;49407;;125;SP5;Server
;AMD EPYC 9124;16;43697;;200;SP5;Server
;AMD EPYC 9135;16;57808;;200;SP5;Server
;AMD EPYC 9174F;16;54869;;320;SP5;Server
;AMD EPYC 9175F;16;65894;;320;SP5;Server
;AMD EPYC 9184X;16;47665;;320;SP5;Server
;AMD EPYC 9224;24;48062;;200;SP5;Server
;AMD EPYC 9254;24;64086;;200;SP5;Server
;AMD EPYC 9255;24;75809;;200;SP5;Server
;AMD EPYC 9274F;24;73982;;NA;SP5;Server
;AMD EPYC 9275F;24;84620;;320;SP5;Server
;AMD EPYC 9334;32;65568;;NA;SP5;Server
;AMD EPYC 9354;32;73892;;280;SP5;Server
;AMD EPYC 9354P;32;74832;;280;SP5;Server
;AMD EPYC 9355P;32;97249;;280;SP5;Server
;AMD EPYC 9374F;32;82009;;320;SP5;Server
;AMD EPYC 9375F;32;95768;;320;SP5;Server
;AMD EPYC 9384X;32;72121;;320;SP5;Server
;AMD EPYC 9454;48;87961;;290;SP5;Server
;AMD EPYC 9454P;48;94665;;290;SP5;Server
;AMD EPYC 9455P;48;116822;;300;SP5;Server
;AMD EPYC 9474F;48;102255;;360;SP5;Server
;AMD EPYC 9475F;48;130108;;4000;SP5;Server
;AMD EPYC 9534;64;89077;;280;SP5;Server
;AMD EPYC 9554;64;103755;;360;SP5;Server
;AMD EPYC 9554P;64;104920;;360;SP5;Server
;AMD EPYC 9555P;64;135441;;360;SP5;Server
;AMD EPYC 9565;72;135221;;400;SP5;Server
;AMD EPYC 9575F;64;149937;;400;SP5;Server
;AMD EPYC 9634;84;107944;;290;SP5;Server
;AMD EPYC 9654;96;119246;;360;SP5;Server
;AMD EPYC 9654P;96;116324;;360;SP5;Server
;AMD EPYC 9655;96;156110;;400;SP5;Server
;AMD EPYC 9655P;96;160490;;400;SP5;Server
;AMD EPYC 9684X;96;122017;;400;SP5;Server
;AMD EPYC 9734;112;102286;;340;SP5;Server
;AMD EPYC 9745;128;130698;;400;SP5;Server
;AMD EPYC 9754;128;98450;;360;SP5;Server
;AMD EPYC 9755;128;166328;;500;SP5;Server
;AMD EPYC 9845;160;152985;;390;SP5;Server
;AMD EPYC 9965;192;160778;;500;SP5;Server
;AMD EPYC 9B14;96;126063;;NA;Unknown;Server
;AMD EPYC 9B45;32;158790;;390;SP5;Server
;AMD EPYC 9J14;96;124637;;NA;SP5;Server
;AMD EPYC 9R14;96;116475;;NA;Unknown;Server
;AMD EPYC 9R45;2;6922;;NA;Unknown;Server
;AMD EPYC 9V74;80;117606;;400;SP5;Server
;AMD EPYC Embedded 7292P;16;30542;;NA;Unknown;Server
;AMD EPYC Embedded 8224P;24;48869;;160;SP6;Server, Mobile/Embedded
;AMD EPYC Embedded 9755;128;164010;;500;Unknown;Mobile/Embedded
;AMD FirePro A320 APU;4;2153;;100;FM2;Desktop
;AMD FX-4100 Quad-Core;2;2627;;95;AM3+;Desktop
;AMD FX-4130 Quad-Core;2;2718;;125;AM3+;Desktop
;AMD FX-4150 Quad-Core;4;3327;;125;AM3+;Desktop
;AMD FX-4170 Quad-Core;2;3059;;125;AM3+;Desktop
;AMD FX-4200 Quad-Core;4;3119;;125;AM3+;Desktop
;AMD FX-4300 Quad-Core;2;2989;;95;AM3+;Desktop
;AMD FX-4320;2;3150;;95;AM3+;Desktop
;AMD FX-4330;2;3146;;95;AM3+;Desktop
;AMD FX-4350 Quad-Core;2;3184;;125;AM3+;Desktop
;AMD FX-6100 Six-Core;3;3700;;95;AM3+;Desktop
;AMD FX-6120 Six-Core;3;3853;;95;AM3+;Desktop
;AMD FX-6130 Six-Core;3;4353;;125;AM3+;Desktop
;AMD FX-6200 Six-Core;3;4111;;125;AM3+;Desktop
;AMD FX-6300 Six-Core;3;4222;;95;AM3+;Desktop
;AMD FX-6330 Six-Core;3;4433;;95;AM3+;Desktop
;AMD FX-6350 Six-Core;3;4633;;125;AM3+;Desktop
;AMD FX-670K Quad-Core;2;2980;;65;FM2;Desktop
;AMD FX-7500 APU;4;1925;;19;FP3;Laptop
;AMD FX-7600P;4;2557;;35;FP3;Laptop
;AMD FX-7600P APU;4;2856;;35;FP3;Laptop
;AMD FX-770K Quad-Core;2;3172;;65;FM2+;Desktop
;AMD FX-8100 Eight-Core;4;4095;;95;AM3+;Desktop
;AMD FX-8120 Eight-Core;4;4628;;125;AM3+;Desktop
;AMD FX-8140 Eight-Core;4;4860;;95;AM3+;Desktop
;AMD FX-8150 Eight-Core;4;5317;;125;AM3+;Desktop
;AMD FX-8300 Eight-Core;4;5332;;95;AM3+;Desktop
;AMD FX-8310 Eight-Core;4;5050;;95;AM3+;Desktop
;AMD FX-8320 Eight-Core;4;5468;;125;AM3+;Desktop
;AMD FX-8320E Eight-Core;4;5121;;95;AM3+;Desktop
;AMD FX-8350 Eight-Core;4;6089;;125;AM3+;Desktop
;AMD FX-8370 Eight-Core;4;6176;;125;AM3+;Desktop
;AMD FX-8370E Eight-Core;4;5340;;95;AM3+;Desktop
;AMD FX-870K Quad Core;2;3227;;NA;Unknown;Unknown
;AMD FX-8800P;2;2832;;35;FP4;Laptop
;AMD FX-9370 Eight-Core;4;6375;;220;AM3+;Desktop
;AMD FX-9590 Eight-Core;4;6824;;220;AM3+;Desktop
;AMD FX-9800P;4;2460;;15;Unknown;Laptop
;AMD FX-9830P;4;3298;;35;FP4;Laptop
;AMD FX-B4150 Quad-Core;2;3369;;95;AM3+;Desktop
;AMD G-T40E;2;289;;6.4;FT1;Laptop
;AMD G-T40N;2;299;;9;FT1;Laptop
;AMD G-T40R;1;120;;5.5;FT1;Laptop
;AMD G-T44R;1;116;;9;FT1;Laptop
;AMD G-T48E;2;432;;18;FT1;Laptop
;AMD G-T52R;1;177;;18;FT1;Laptop
;AMD G-T56E;2;442;;18;FT1;Laptop
;AMD G-T56N;2;484;;18;FT1;Laptop
;AMD Geode NX 2400+;1;400;;NA;Unknown;Unknown
;AMD GX-210JA SOC;2;248;;6;FT3 (769-BGA);Laptop
;AMD GX-212JC SOC;2;645;;6;FT3b;Laptop
;AMD GX-217GA SOC;2;794;;15;FT3 (769-BGA);Laptop
;AMD GX-218GL SOC;2;754;;15;BGA769 (FT3b);Laptop
;AMD GX-222GC SOC;2;1044;;15;BGA769 (FT3b);Laptop, Mobile/Embedded
;AMD GX-412HC;4;1095;;7;FT3b;Laptop
;AMD GX-412TC SOC;4;650;;6;FT3b;Mobile/Embedded
;AMD GX-415GA SOC;4;1405;;15;FT3 (769-BGA);Laptop
;AMD GX-416RA SOC;4;1604;;NA;FT3;Mobile/Embedded
;AMD GX-420CA SOC;4;1785;;25;FT3 (769-BGA);Laptop
;AMD GX-420MC SOC;4;1796;;17.5;FTB3b;Laptop
;AMD GX-424CC SOC;4;1819;;25;FT3b;Laptop
;AMD Opteron 1212;2;593;;103;AM2;Server
;AMD Opteron 1212 HE;2;771;;65;AM2;Server
;AMD Opteron 1214;2;763;;103;AM2;Server
;AMD Opteron 1214 HE;2;806;;65;AM2;Server
;AMD Opteron 1216;2;781;;103;AM2;Server
;AMD Opteron 1216 HE;2;727;;65;AM2;Server
;AMD Opteron 1218;2;910;;103;AM2;Server
;AMD Opteron 1218 HE;2;979;;65;AM2;Server
;AMD Opteron 1220;2;1036;;103;AM2;Server
;AMD Opteron 1222;2;1089;;103;AM2;Server
;AMD Opteron 1352;4;1547;;75;AM2;Server
;AMD Opteron 1354;4;1635;;75;AM2;Server
;AMD Opteron 1356;4;1703;;75;AM2;Server
;AMD Opteron 1381;4;1797;;75;AM3;Server
;AMD Opteron 1385;4;2089;;115;AM2+,AM3;Server
;AMD Opteron 1389;4;2079;;75;AM2;Server
;AMD Opteron 144;1;316;;67;939;Server
;AMD Opteron 146;1;346;;67;939;Server
;AMD Opteron 148;1;392;;85.3;939;Server
;AMD Opteron 150;1;393;;85.3;939;Server
;AMD Opteron 152;1;428;;104;939;Server
;AMD Opteron 154;1;457;;104;939;Server
;AMD Opteron 165;2;531;;110;939;Server
;AMD Opteron 170;2;648;;110;939;Server
;AMD Opteron 175;2;682;;110;939;Server
;AMD Opteron 180;2;746;;110;939;Server
;AMD Opteron 185;2;695;;110;939;Server
;AMD Opteron 2218;2;1036;;95;F (1207);Server
;AMD Opteron 2220;2;1106;;95;F (1207);Server
;AMD Opteron 2220 SE;2;909;;119;F (1207);Server
;AMD Opteron 2222;2;1198;;95;F (1207);Server
;AMD Opteron 2354;4;1509;;115;F (1207);Server
;AMD Opteron 2356;4;1829;;75;F (1207);Server
;AMD Opteron 2373 EE;4;1744;;60;F (1207);Server
;AMD Opteron 2378;4;1864;;75;F (1207);Server
;AMD Opteron 2384;4;2074;;75;F (1207);Server
;AMD Opteron 2393 SE;2;1317;;105;F (1207);Server
;AMD Opteron 2419 EE;6;1902;;60;F (1207);Server
;AMD Opteron 2427;6;1995;;75;F (1207);Server
;AMD Opteron 2431;6;2894;;75;F (1207);Server
;AMD Opteron 2435;6;3061;;75;F (1207);Server
;AMD Opteron 254;1;451;;68;940;Server
;AMD Opteron 270;2;736;;95;940;Server
;AMD Opteron 275;2;839;;95;940;Server
;AMD Opteron 280;2;765;;95;940;Server
;AMD Opteron 285;2;956;;95;940;Server
;AMD Opteron 290;2;952;;95;940;Server
;AMD Opteron 3250 HE;2;2061;;45;AM3+;Server
;AMD Opteron 3260 HE;2;2283;;45;AM3+;Server
;AMD Opteron 3280;8;3783;;65;AM3+;Server
;AMD Opteron 3320 EE;2;1918;;25;AM3+;Server
;AMD Opteron 3350 HE;4;2699;;45;Unknown;Server
;AMD Opteron 3365;4;4083;;65;AM3+;Server
;AMD Opteron 3380;8;4358;;65;Unknown;Server
;AMD Opteron 4130;4;2342;;95;F (1207);Server
;AMD Opteron 4162 EE;6;2058;;35;F (1207);Server
;AMD Opteron 4170 HE;6;2382;;65;C32;Server
;AMD Opteron 4174 HE;6;2986;;65;C32;Server
;AMD Opteron 4184;6;2872;;95;C32;Server
;AMD Opteron 4226;3;3400;;95;Socket C32;Server
;AMD Opteron 4274 HE;4;5776;;65;C32;Server
;AMD Opteron 4280;4;4504;;95;Socket C32;Server
;AMD Opteron 4284;4;4665;;95;Socket C32;Server
;AMD Opteron 4332 HE;6;3911;;65;Socket C32;Server
;AMD Opteron 4334;3;3949;;95;Socket C32;Server
;AMD Opteron 4365 EE;4;3582;;40;Socket C32;Server
;AMD Opteron 4376 HE;4;4318;;65;Socket C32;Server
;AMD Opteron 4386;4;3273;;95;C32;Server
;AMD Opteron 6128;8;2826;;115;G34;Server
;AMD Opteron 6128 HE;8;2932;;85;Socket G34;Server
;AMD Opteron 6136;8;3381;;115;Socket G34;Server
;AMD Opteron 6164 HE;12;3478;;85;Socket G34;Server
;AMD Opteron 6172;12;2615;;115;G34;Server
;AMD Opteron 6174;12;3697;;115;Socket G34;Server
;AMD Opteron 6176 SE;12;3564;;140;G34;Server
;AMD Opteron 6212;4;3973;;115;Socket G34;Server
;AMD Opteron 6220;4;4753;;115;Socket G34;Server
;AMD Opteron 6234;6;4072;;115;G34;Server
;AMD Opteron 6238;6;5625;;115;Socket G34;Server
;AMD Opteron 6272;8;5240;;115;G34;Server
;AMD Opteron 6274;8;5643;;115;G34;Server
;AMD Opteron 6276;8;6348;;115;Socket G34;Server
;AMD Opteron 6281;8;7279;;NA;Socket G34;Server
;AMD Opteron 6282 SE;16;6385;;140;Unknown;Server
;AMD Opteron 6287 SE;16;6925;;NA;G34;Server
;AMD Opteron 6328;4;5306;;115;G34;Server
;AMD Opteron 6344;6;6069;;115;Unknown;Server
;AMD Opteron 6348;6;7850;;115;Unknown;Server
;AMD Opteron 6366 HE;8;5613;;85;Unknown;Server
;AMD Opteron 6376;8;5572;;115;Socket G34;Server
;AMD Opteron 6378;8;5889;;115;G34;Server
;AMD Opteron 6380;8;6687;;115;G34;Server
;AMD Opteron 6386 SE;16;8291;;140;Socket G34;Server
;AMD Opteron 8439 SE;6;2479;;105;F (1207);Server
;AMD Opteron X2170 APU;4;1911;;25;FT3;Server
;AMD Opteron X3216 APU;2;1512;;15;Unknown;Server
;AMD Opteron X3418 APU;4;3043;;25;Unknown;Server
;AMD Opteron X3421 APU;4;3306;;35;Unknown;Server
;AMD Phenom 8250 Triple-Core;3;1114;;65;Unknown;Desktop
;AMD Phenom 8250e Triple-Core;3;1084;;65;940;Desktop
;AMD Phenom 8400 Triple-Core;3;1164;;95;AM2+;Desktop
;AMD Phenom 8450 Triple-Core;3;1221;;95;AM2+;Desktop
;AMD Phenom 8450e Triple-Core;3;1206;;65;AM2+;Desktop
;AMD Phenom 8600 Triple-Core;3;1267;;95;AM2+;Desktop
;AMD Phenom 8600B Triple-Core;3;1464;;95;AM2+;Desktop
;AMD Phenom 8650 Triple-Core;3;1218;;95;AM2+;Desktop
;AMD Phenom 8750 Triple-Core;3;1445;;95;AM2+;Desktop
;AMD Phenom 8750B Triple-Core;3;1188;;95;AM2+;Desktop
;AMD Phenom 8850 Triple-Core;3;1142;;95;AM2+;Desktop
;AMD Phenom 8850B Triple-Core;3;1281;;95;Unknown;Desktop
;AMD Phenom 9100e Quad-Core;4;1353;;65;AM2+;Desktop
;AMD Phenom 9150e Quad-Core;4;1427;;65;AM2+;Desktop
;AMD Phenom 9350e Quad-Core;4;1659;;65;AM2+;Desktop
;AMD Phenom 9450e Quad-Core;4;1455;;65;AM2+;Desktop
;AMD Phenom 9500 Quad-Core;4;1564;;95;AM2+;Desktop
;AMD Phenom 9550 Quad-Core;4;1667;;95;AM2+;Desktop
;AMD Phenom 9600 Quad-Core;4;1607;;95;AM2+;Desktop
;AMD Phenom 9600B Quad-Core;4;1842;;95;AM2+;Desktop
;AMD Phenom 9650 Quad-Core;4;1777;;95;AM2+;Desktop
;AMD Phenom 9750 Quad-Core;4;1846;;125;AM2+;Desktop
;AMD Phenom 9750B Quad-Core;4;1520;;95;AM2+;Desktop
;AMD Phenom 9850 Quad-Core;4;1712;;125;AM2+;Desktop
;AMD Phenom 9850B Quad-Core;4;1946;;95;Unknown;Desktop
;AMD Phenom 9950 Quad-Core;4;1884;;125;AM2+;Desktop
;AMD Phenom FX-5000 Quad-Core;4;1599;;65;AM2+;Desktop
;AMD Phenom FX-5200 Quad-Core;4;1699;;65;AM3;Desktop
;AMD Phenom II N620 Dual-Core;2;992;;35;S1;Laptop
;AMD Phenom II N640 Dual-Core;2;1135;;35;S1;Laptop
;AMD Phenom II N660 Dual-Core;2;1083;;35;S1;Laptop
;AMD Phenom II N830 3+1;4;1768;;35;S1;Laptop
;AMD Phenom II N830 Triple-Core;3;1249;;35;S1;Laptop
;AMD Phenom II N850 Triple-Core;3;1318;;35;S1;Laptop
;AMD Phenom II N870 Triple-Core;3;1324;;35;S1;Laptop
;AMD Phenom II N930 Quad-Core;4;1584;;35;S1;Laptop
;AMD Phenom II N950 Quad-Core;4;1616;;35;S1;Laptop
;AMD Phenom II N970 Quad-Core;4;1728;;35;S1;Laptop
;AMD Phenom II P650 Dual-Core;2;1018;;35;S1;Laptop
;AMD Phenom II P820 Triple-Core;3;1068;;25;S1;Laptop
;AMD Phenom II P840 Triple-Core;3;1079;;35;S1;Laptop
;AMD Phenom II P860 Triple-Core;3;1250;;35;S1;Laptop
;AMD Phenom II P920 Quad-Core;4;1006;;25;S1;Laptop
;AMD Phenom II P940 Quad-Core;4;1319;;35;S1;Laptop
;AMD Phenom II P960 Quad-Core;4;1431;;35;S1;Laptop
;AMD Phenom II X2 511;2;1265;;65;AM2+/AM3;Desktop
;AMD Phenom II X2 521;2;1349;;65;AM2+/AM3;Desktop
;AMD Phenom II X2 545;2;1233;;80;AM2+/AM3;Desktop
;AMD Phenom II X2 550;2;1154;;80;AM2+/AM3;Desktop
;AMD Phenom II X2 555;2;1312;;80;AM2+/AM3;Desktop
;AMD Phenom II X2 560;2;1381;;80;AM2+/AM3;Desktop
;AMD Phenom II X2 565;2;1453;;80;AM2+/AM3;Desktop
;AMD Phenom II X2 570;2;1437;;80;AM3;Desktop
;AMD Phenom II X2 B53;2;1137;;80;AM3;Desktop
;AMD Phenom II X2 B55;2;1222;;80;AM3;Desktop
;AMD Phenom II X2 B57;2;1260;;80;Unknown;Desktop
;AMD Phenom II X2 B59;2;1407;;80;AM2+/AM3;Desktop
;AMD Phenom II X3 700e;3;1451;;65;AM3;Desktop
;AMD Phenom II X3 705e;3;1519;;65;AM3;Desktop
;AMD Phenom II X3 710;3;1597;;95;AM3;Desktop
;AMD Phenom II X3 720;3;1600;;95;AM3;Desktop
;AMD Phenom II X3 740;3;1424;;95;Unknown;Desktop
;AMD Phenom II X3 B73;3;1671;;95;AM3;Desktop
;AMD Phenom II X3 B75;3;1764;;95;AM3;Desktop
;AMD Phenom II X3 B77;3;1844;;95;AM2+/AM3;Desktop
;AMD Phenom II X4 805;4;2001;;95;AM3;Desktop
;AMD Phenom II X4 810;4;2019;;95;AM3;Desktop
;AMD Phenom II X4 820;4;2095;;95;AM3;Desktop
;AMD Phenom II X4 830;4;2072;;95;AM2+/AM3;Desktop
;AMD Phenom II X4 840;4;2449;;95;AM2+/AM3;Desktop
;AMD Phenom II X4 840T;4;2367;;95;AM2+/AM3;Desktop
;AMD Phenom II X4 850;4;2441;;95;AM2+/AM3;Desktop
;AMD Phenom II X4 900e;4;1727;;65;AM3;Desktop
;AMD Phenom II X4 905e;4;2014;;65;AM3;Desktop
;AMD Phenom II X4 910;4;1776;;95;AM3;Desktop
;AMD Phenom II X4 910e;4;2148;;65;AM3;Desktop
;AMD Phenom II X4 920;4;2202;;125;AM2+;Desktop
;AMD Phenom II X4 925;4;2257;;95;AM3;Desktop
;AMD Phenom II X4 940;4;2363;;125;AM2+;Desktop
;AMD Phenom II X4 945;4;2421;;125;AM3;Desktop
;AMD Phenom II X4 955;4;2544;;125;AM3;Desktop
;AMD Phenom II X4 960T;4;2353;;95;AM3;Desktop
;AMD Phenom II X4 965;4;2657;;125;AM3;Desktop
;AMD Phenom II X4 970;4;2768;;125;AM3;Desktop
;AMD Phenom II X4 973;4;2204;;NA;Unknown;Desktop
;AMD Phenom II X4 975;4;2610;;125;AM3;Desktop
;AMD Phenom II X4 977;4;2377;;95;Unknown;Desktop
;AMD Phenom II X4 980;4;2839;;125;AM3;Desktop
;AMD Phenom II X4 B05e;4;1906;;NA;Unknown;Desktop
;AMD Phenom II X4 B15e;4;1825;;NA;AM2+/AM3;Desktop
;AMD Phenom II X4 B25;4;2108;;NA;AM2+/AM3;Desktop
;AMD Phenom II X4 B35;4;2417;;NA;AM2+/AM3;Desktop
;AMD Phenom II X4 B40;4;2238;;NA;Unknown;Desktop
;AMD Phenom II X4 B45;4;2327;;NA;Unknown;Desktop
;AMD Phenom II X4 B50;4;2457;;NA;AM2+/AM3;Desktop
;AMD Phenom II X4 B55;4;2594;;NA;AM2+/AM3;Desktop
;AMD Phenom II X4 B60;4;2627;;NA;Unknown;Desktop
;AMD Phenom II X4 B65;4;2690;;NA;AM2+/AM3;Desktop
;AMD Phenom II X4 B70;4;2303;;65;AM2+ (938-pin);Desktop
;AMD Phenom II X4 B93;4;2159;;95;AM3;Desktop
;AMD Phenom II X4 B95;4;2427;;95;AM3;Desktop
;AMD Phenom II X4 B97;4;2542;;95;AM2+/AM3;Desktop
;AMD Phenom II X4 B99;4;2536;;95;Unknown;Desktop
;AMD Phenom II X6 1035T;6;3014;;95;AM3;Desktop
;AMD Phenom II X6 1045T;6;3237;;95;AM3;Desktop
;AMD Phenom II X6 1055T;6;3363;;125;AM3;Desktop
;AMD Phenom II X6 1065T;6;3405;;95;AM3;Desktop
;AMD Phenom II X6 1075T;6;3500;;125;AM3;Desktop
;AMD Phenom II X6 1090T;6;3807;;125;AM3;Desktop
;AMD Phenom II X6 1100T;6;3925;;125;AM3;Desktop
;AMD Phenom II X6 1405T;6;3371;;95;AM2+,AM3;Desktop
;AMD Phenom II X620 Dual-Core;2;1262;;45;S1;Laptop
;AMD Phenom II X640 Dual-Core;2;1165;;45;S1;Desktop
;AMD Phenom II X920 Quad-Core;4;1669;;45;S1;Laptop
;AMD Phenom II X940 Quad-Core;4;1797;;45;S1;Laptop
;AMD Phenom X2 Dual-Core GE-5060;2;1566;;NA;Unknown;Desktop
;AMD Phenom X2 Dual-Core GE-6060;2;1722;;NA;Unknown;Desktop
;AMD Phenom X2 Dual-Core GE-7060;2;1010;;NA;Unknown;Desktop
;AMD Phenom X2 Dual-Core GP-7730;2;884;;NA;Unknown;Desktop
;AMD Phenom X3 8550;3;1151;;95;AM2/AM2+;Desktop
;AMD Phenom X4 Quad-Core GP-9500;4;1297;;95;AM2+;Desktop
;AMD Phenom X4 Quad-Core GP-9530;4;1228;;NA;AM2+ (940-pin);Desktop
;AMD Phenom X4 Quad-Core GP-9600;4;1649;;95;AM2+;Desktop
;AMD Phenom X4 Quad-Core GP-9730;4;1784;;NA;AM2+ (940-pin);Desktop
;AMD Phenom X4 Quad-Core GS-6560;4;1063;;NA;Unknown;Desktop
;AMD PRO A10-8700B;2;2172;;15;BGA (FP4);Laptop
;AMD PRO A10-8730B;4;2306;;15;FP4;Laptop
;AMD PRO A10-8750B;2;3018;;65;FM2+;Desktop
;AMD PRO A10-8770;4;3547;;65;AM4;Desktop
;AMD PRO A10-8770E;4;3003;;35;AM4;Desktop
;AMD PRO A10-8850B;2;3752;;95;FM2+;Desktop
;AMD PRO A10-9700;2;3600;;65;AM4;Desktop
;AMD PRO A10-9700B;4;2530;;15;FP4;Laptop
;AMD PRO A10-9700E;2;3044;;35;AM4;Desktop
;AMD PRO A12-8800B;2;2667;;15;FP4;Laptop
;AMD PRO A12-8830B;4;2634;;15;BGA (FP4);Laptop
;AMD PRO A12-8870;4;3793;;65;AM4;Desktop
;AMD PRO A12-8870E;4;3010;;35;AM4;Desktop
;AMD PRO A12-9800;4;3751;;65;AM4;Desktop
;AMD PRO A12-9800B;4;2718;;15;FP4;Laptop
;AMD PRO A12-9800E;4;3119;;35;AM4;Desktop
;AMD PRO A4-3350B APU;4;1787;;15;FT3b;Laptop
;AMD PRO A4-4350B;2;1056;;15;FT4;Laptop
;AMD PRO A4-8350B;1;1690;;65;FM2+;Desktop
;AMD PRO A6-7350B;2;1327;;15;FMA4;Laptop
;AMD PRO A6-8500B;2;1592;;15;FP4;Laptop
;AMD PRO A6-8530B;2;1158;;15;FP4;Laptop
;AMD PRO A6-8550B;1;1882;;65;FM2+;Desktop
;AMD PRO A6-8570;2;1916;;65;AM4;Desktop
;AMD PRO A6-8570E;2;1606;;35;Unknown;Desktop
;AMD PRO A6-9500;2;1873;;65;AM4;Desktop
;AMD PRO A6-9500B;2;1357;;15;FP4;Laptop
;AMD PRO A6-9500E;2;1689;;35;AM4;Desktop
;AMD PRO A8-8600B;4;2233;;15;BGA (FP4);Laptop
;AMD PRO A8-8650B;4;3226;;65;FM2+;Desktop
;AMD PRO A8-8670E;4;3197;;35;AM4;Desktop
;AMD PRO A8-9600;2;3318;;65;AM4;Desktop
;AMD PRO A8-9600B;4;2195;;15;FP4;Laptop
;AMD QC-4000;4;1155;;15;FT3;Laptop
;AMD R-260H APU;2;954;;17;BGA827 (FP2);Laptop
;AMD R-272F APU;2;1215;;35;FS1;Desktop, Laptop
;AMD R-460L APU;4;1538;;25;BGA827 (FP2);Laptop
;AMD R-464L APU;4;1773;;35;FS1r2;Laptop, Mobile/Embedded
;AMD RX-225FB;2;892;;NA;FP3;Mobile/Embedded
;AMD RX-425BB;4;2637;;35;FP3;Mobile/Embedded
;AMD RX-427BB;4;2706;;35;FP3;Laptop
;AMD Ryzen 3 1200;4;6258;;65;AM4;Desktop
;AMD Ryzen 3 1300X;4;6924;;65;AM4;Desktop
;AMD Ryzen 3 210;4;13199;;28;FP8;Desktop, Laptop
;AMD Ryzen 3 2200G;4;6738;;65;AM4;Desktop
;AMD Ryzen 3 2200GE;4;5920;;35;AM4;Desktop
;AMD Ryzen 3 2200U;2;3655;;15;FP5;Laptop
;AMD Ryzen 3 2300U;4;5484;;15;FP5;Laptop
;AMD Ryzen 3 2300X;4;7552;;65;AM4;Desktop
;AMD Ryzen 3 3100;4;11540;;65;AM4;Desktop
;AMD Ryzen 3 3200G;4;7002;;65;AM4;Desktop
;AMD Ryzen 3 3200GE;4;7253;;35;AM4;Desktop
;AMD Ryzen 3 3200U;2;3734;;15;FP5;Laptop
;AMD Ryzen 3 3250C;2;3153;;15;FP5;Laptop, Mobile/Embedded
;AMD Ryzen 3 3250U;2;3734;;15;FP5;Laptop
;AMD Ryzen 3 3300U;4;5688;;15;FP5;Laptop
;AMD Ryzen 3 3300X;4;12605;;65;AM4;Desktop
;AMD Ryzen 3 3350U;4;5720;;15;Unknown;Laptop
;AMD Ryzen 3 4100;4;11052;;65;AM4;Desktop
;AMD Ryzen 3 4300G;4;9933;;65;AM4;Desktop
;AMD Ryzen 3 4300GE;4;11236;;35;AM4;Desktop
;AMD Ryzen 3 4300U;4;7354;;15;FP6;Laptop
;AMD Ryzen 3 5300G;4;13069;;65;AM4;Desktop
;AMD Ryzen 3 5300GE;4;12856;;35;AM4;Desktop
;AMD Ryzen 3 5300U;4;9486;;15;FP6;Laptop
;AMD Ryzen 3 5400U;4;11011;;15;FP6;Laptop
;AMD Ryzen 3 5425U;4;11230;;15;FP6;Laptop
;AMD Ryzen 3 7320C;4;8193;;15;FT6;Laptop
;AMD Ryzen 3 7320U;4;8636;;15;FP7;Laptop
;AMD Ryzen 3 7330U;4;10692;;15;FP6;Laptop
;AMD Ryzen 3 7335U;4;12567;;28;FP7;Desktop, Laptop
;AMD Ryzen 3 7440U;4;12991;;28;FP7 FP7r2;Laptop
;AMD Ryzen 3 8300G;4;14110;;65;AM5;Desktop
;AMD Ryzen 3 8300GE;4;13888;;35;Unknown;Desktop
;AMD Ryzen 3 8440U;4;11957;;28;FP7, FP7r2;Desktop, Laptop
;AMD Ryzen 3 PRO 1200;4;5609;;65;AM4;Desktop
;AMD Ryzen 3 PRO 1300;4;7187;;65;AM4;Desktop
;AMD Ryzen 3 PRO 210;1;12155;;28;FP8;Desktop, Laptop
;AMD Ryzen 3 PRO 2100GE;2;4065;;35;AM4;Desktop
;AMD Ryzen 3 PRO 2200G;4;6671;;65;AM4;Desktop
;AMD Ryzen 3 PRO 2200GE;4;5927;;35;AM4;Desktop
;AMD Ryzen 3 PRO 2300U;4;5646;;15;FP5;Laptop
;AMD Ryzen 3 PRO 3200G;4;6483;;65;AM4;Desktop
;AMD Ryzen 3 PRO 3200GE;4;6812;;35;AM4;Laptop
;AMD Ryzen 3 PRO 3300U;4;5865;;15;FP5;Laptop
;AMD Ryzen 3 PRO 4200G;4;10831;;65;FP6;Desktop
;AMD Ryzen 3 PRO 4200GE;4;10930;;35;Unknown;Laptop
;AMD Ryzen 3 PRO 4350G;4;10939;;65;AM4;Desktop
;AMD Ryzen 3 PRO 4350GE;4;10924;;35;AM4;Desktop
;AMD Ryzen 3 PRO 4355GE;4;10559;;35;AM4;Desktop
;AMD Ryzen 3 PRO 4450U;4;9563;;15;FP6;Laptop
;AMD Ryzen 3 PRO 5350G;4;13786;;65;AM4;Desktop
;AMD Ryzen 3 PRO 5350GE;4;12623;;35;AM4;Desktop
;AMD Ryzen 3 PRO 5355GE;4;12761;;35;AM4;Desktop
;AMD Ryzen 3 PRO 5450U;4;10884;;15;FP6;Laptop
;AMD Ryzen 3 PRO 5475U;4;11178;;15;FP6;Laptop
;AMD Ryzen 3 PRO 7330U;4;12477;;15;FP6;Laptop
;AMD Ryzen 3 PRO 7335U;4;12267;;30;FP7r2;Desktop, Laptop
;AMD Ryzen 3 PRO 8300G;4;14540;;65;AM5;Desktop
;AMD Ryzen 3 PRO 8300GE;4;14502;;35;AM5;Desktop
;AMD Ryzen 5 1400;4;7729;;65;AM4;Desktop
;AMD Ryzen 5 1500X;4;9071;;65;AM4;Desktop
;AMD Ryzen 5 1600;6;12264;;65;AM4;Desktop
;AMD Ryzen 5 1600X;6;13015;;95;AM4;Desktop
;AMD Ryzen 5 220;6;18616;;28;FP8;Desktop, Laptop
;AMD Ryzen 5 230;6;20168;;28;FP8;Desktop, Laptop
;AMD Ryzen 5 240;6;22648;;45;FP8;Desktop, Laptop
;AMD Ryzen 5 2400G;4;8733;;65;AM4;Desktop
;AMD Ryzen 5 2400GE;4;7225;;35;AM4;Desktop
;AMD Ryzen 5 2500U;4;6496;;15;FP5;Laptop
;AMD Ryzen 5 2500X;4;9392;;65;AM4;Desktop
;AMD Ryzen 5 2600;6;13151;;65;AM4;Desktop
;AMD Ryzen 5 2600E;6;12346;;65;AM4;Desktop
;AMD Ryzen 5 2600H;4;8002;;45;FP5;Laptop
;AMD Ryzen 5 2600X;6;13883;;95;AM4;Desktop
;AMD Ryzen 5 3350G;4;8936;;65;AM4;Desktop
;AMD Ryzen 5 3350GE;4;9049;;35;Unknown;Desktop
;AMD Ryzen 5 3400G;4;9204;;65;AM4;Desktop
;AMD Ryzen 5 3400GE;4;8825;;35;AM4;Desktop
;AMD Ryzen 5 3450U;4;6568;;15;FP5;Laptop
;AMD Ryzen 5 3500;6;12788;;65;AM4;Desktop
;AMD Ryzen 5 3500C;4;5585;;15;FP5;Laptop
;AMD Ryzen 5 3500U;4;6845;;15;FP5;Laptop
;AMD Ryzen 5 3500X;6;13167;;65;AM4;Desktop
;AMD Ryzen 5 3550H;4;7703;;35;FP5;Laptop
;AMD Ryzen 5 3550U;4;7681;;15;Unknown;Laptop
;AMD Ryzen 5 3580U;4;7116;;15;FP5;Laptop
;AMD Ryzen 5 3580U with Radeon Vega Mobile Gfx;4;8491;;NA;Unknown;Unknown
;AMD Ryzen 5 3600;6;17690;;65;AM4;Desktop
;AMD Ryzen 5 3600X;6;18136;;95;AM4;Desktop
;AMD Ryzen 5 3600XT;6;18556;;95;AM4;Desktop
;AMD Ryzen 5 4400G;6;17160;;65;AM4;Desktop
;AMD Ryzen 5 4500;6;16080;;65;AM4;Desktop
;AMD Ryzen 5 4500U;6;10714;;15;FP6;Laptop
;AMD Ryzen 5 4600G;6;16001;;65;AM4;Desktop
;AMD Ryzen 5 4600GE;6;15889;;35;AM4;Desktop
;AMD Ryzen 5 4600H;6;14201;;45;FP6;Laptop
;AMD Ryzen 5 4600HS;6;14325;;35;FP6;Laptop
;AMD Ryzen 5 4600U;6;13124;;15;FP6;Laptop
;AMD Ryzen 5 5500;6;19318;;65;AM4;Desktop
;AMD Ryzen 5 5500GT;6;18794;;65;AM4;Desktop
;AMD Ryzen 5 5500H;4;11538;;45;FP6;Laptop
;AMD Ryzen 5 5500U;6;12766;;15;FP6;Laptop
;AMD Ryzen 5 5500X3D;6;20206;;105;AM4;Desktop
;AMD Ryzen 5 5560U;6;15208;;15;AM4;Laptop
;AMD Ryzen 5 5600;6;21548;;65;AM4;Desktop
;AMD Ryzen 5 5600G;6;19699;;65;AM4;Desktop
;AMD Ryzen 5 5600GE;6;18099;;35;AM4;Desktop
;AMD Ryzen 5 5600GT;6;20326;;65;AM4;Desktop
;AMD Ryzen 5 5600H;6;16588;;45;FP6;Laptop
;AMD Ryzen 5 5600T;6;21990;;65;AM4;Desktop
;AMD Ryzen 5 5600U;6;15146;;15;FP6;Laptop
;AMD Ryzen 5 5600X;6;21849;;65;AM4;Desktop
;AMD Ryzen 5 5600X3D;6;21921;;105;AM4;Desktop
;AMD Ryzen 5 5600XT;6;22232;;65;AM4;Desktop
;AMD Ryzen 5 5625U;6;14738;;15;FP6;Laptop
;AMD Ryzen 5 6600H;6;18612;;45;FP7;Laptop
;AMD Ryzen 5 6600HS Creator Edition;6;17648;;35;FP7;Laptop
;AMD Ryzen 5 6600U;6;17096;;25;FP7;Laptop
;AMD Ryzen 5 7235HS;4;12347;;45;FP7r2;Desktop, Laptop
;AMD Ryzen 5 7400;6;22010;;65;AM5;Desktop
;AMD Ryzen 5 7400F;6;25481;;65;AM5 (LGA 1718);Desktop
;AMD Ryzen 5 7430U;6;16229;;15;AM4;Laptop
;AMD Ryzen 5 7500F;6;26756;;65;AM5 (LGA 1718);Desktop
;AMD Ryzen 5 7520C;8;8104;;NA;Unknown;Mobile/Embedded
;AMD Ryzen 5 7520U;4;9065;;15;FP6;Laptop
;AMD Ryzen 5 7530U;6;15399;;15;FP6;Laptop
;AMD Ryzen 5 7533HS;6;15664;;54;FP7;Laptop
;AMD Ryzen 5 7535H;6;18832;;35;FP7;Laptop
;AMD Ryzen 5 7535HS;6;17897;;35;FP7;Laptop
;AMD Ryzen 5 7535U;6;16969;;28;FP7;Laptop
;AMD Ryzen 5 7540U;6;18598;;28;FP7 FP7r2;Laptop
;AMD Ryzen 5 7545U;6;20155;;28;FP7, FP7r2;Laptop
;AMD Ryzen 5 7600;6;27013;;65;AM5 (LGA 1718);Desktop
;AMD Ryzen 5 7600X;6;28322;;105;AM5;Desktop
;AMD Ryzen 5 7600X3D;6;25682;;65;AM5;Desktop
;AMD Ryzen 5 7640HS;6;22926;;54;FP7 FP7r2 FP8;Laptop
;AMD Ryzen 5 7640U;6;21017;;28;FP7 FP7r2 FP8;Laptop
;AMD Ryzen 5 7645HX;6;26097;;55;AM5 (LGA 1718);Laptop
;AMD Ryzen 5 8400F;6;24570;;65;AM5;Desktop
;AMD Ryzen 5 8500G;6;21533;;65;AM5;Desktop
;AMD Ryzen 5 8500GE;6;21189;;35;AM5;Desktop
;AMD Ryzen 5 8540U;6;18340;;28;FP7 FP7r2;Desktop, Laptop
;AMD Ryzen 5 8600G;6;25279;;65;AM5;Desktop
;AMD Ryzen 5 8640HS;6;19775;;28;FP7 , FP7r2 , FP;Desktop, Laptop
;AMD Ryzen 5 8640U;6;20340;;28;FP7 FP7r2 FP8;Desktop, Laptop
;AMD Ryzen 5 8645HS;6;22322;;45;FP7 , FP7r2 , FP;Desktop, Laptop
;AMD Ryzen 5 9600;6;28872;;65;AM5;Desktop
;AMD Ryzen 5 9600X;6;30011;;65;AM5;Desktop
;AMD Ryzen 5 Microsoft Surface Edition;4;7243;;15;FP5;Laptop
;AMD Ryzen 5 PRO 1500;4;9149;;65;AM4;Desktop
;AMD Ryzen 5 PRO 1600;6;11924;;65;AM4;Desktop
;AMD Ryzen 5 PRO 215;6;18074;;28;FP8;Laptop
;AMD Ryzen 5 PRO 220;6;19889;;28;FP8;Desktop, Laptop
;AMD Ryzen 5 PRO 230;6;20189;;28;FP8;Desktop, Laptop, Mobile/Embedded
;AMD Ryzen 5 PRO 2400G;4;8548;;65;AM4;Desktop
;AMD Ryzen 5 PRO 2400GE;4;7777;;35;AM4;Desktop
;AMD Ryzen 5 PRO 2500U;4;6611;;15;FP5;Laptop
;AMD Ryzen 5 PRO 2600;6;13325;;65;AM4;Desktop
;AMD Ryzen 5 PRO 3350G;4;9142;;65;AM4;Desktop
;AMD Ryzen 5 PRO 3350GE;4;9643;;35;Unknown;Desktop
;AMD Ryzen 5 PRO 3400G;4;9070;;65;AM4;Desktop
;AMD Ryzen 5 PRO 3400GE;4;7666;;35;AM4;Desktop
;AMD Ryzen 5 PRO 3500U;4;6916;;15;FP5;Laptop
;AMD Ryzen 5 PRO 3600;6;17197;;65;AM4;Desktop
;AMD Ryzen 5 PRO 4400G;6;16365;;NA;Unknown;Desktop
;AMD Ryzen 5 PRO 4400GE;6;14795;;35;Unknown;Laptop
;AMD Ryzen 5 PRO 4500U;6;12117;;15;FP6;Laptop
;AMD Ryzen 5 PRO 4650G;6;16094;;65;AM4;Desktop
;AMD Ryzen 5 PRO 4650GE;6;15320;;35;AM4;Desktop
;AMD Ryzen 5 PRO 4650U;6;12124;;15;FP6;Laptop
;AMD Ryzen 5 PRO 4655G;6;16262;;65;AM4;Desktop
;AMD Ryzen 5 PRO 4655GE;6;14015;;35;AM4;Desktop
;AMD Ryzen 5 PRO 5645;6;21904;;NA;AM4;Desktop
;AMD Ryzen 5 PRO 5650G;6;20520;;65;AM4;Desktop
;AMD Ryzen 5 PRO 5650GE;6;18181;;35;AM4;Desktop
;AMD Ryzen 5 PRO 5650U;6;14344;;15;FP6;Laptop
;AMD Ryzen 5 PRO 5655G;6;19707;;65;AM4;Desktop
;AMD Ryzen 5 PRO 5655GE;6;18175;;35;AM4;Desktop
;AMD Ryzen 5 PRO 5675U;6;14340;;15;FP6;Laptop
;AMD Ryzen 5 PRO 6650H;6;18047;;45;FP7;Laptop
;AMD Ryzen 5 PRO 6650U;6;16340;;28;FP7;Laptop
;AMD Ryzen 5 PRO 7445;6;22310;;65;AM5;Desktop
;AMD Ryzen 5 PRO 7530U;6;14048;;15;FP6;Laptop
;AMD Ryzen 5 Pro 7535U;6;16285;;28;FP7;Laptop
;AMD Ryzen 5 PRO 7540U;6;17522;;30;FP7 FP7r2;Laptop
;AMD Ryzen 5 PRO 7545U;6;19366;;NA;FP7 FP7r2;Desktop, Laptop
;AMD Ryzen 5 PRO 7640HS;6;22144;;54;FP7 FP7r2;Laptop
;AMD Ryzen 5 PRO 7640U;6;21287;;28;FP7 FP7r2 FP8;Desktop, Laptop
;AMD Ryzen 5 PRO 7645;6;27565;;65;AM5 (LGA 1718);Desktop, Server
;AMD Ryzen 5 PRO 8500G;6;22003;;65;AM5;Desktop
;AMD Ryzen 5 PRO 8500GE;6;21539;;35;AM5;Desktop
;AMD Ryzen 5 PRO 8540U;6;18224;;28;FP7 FP7r2;Desktop, Laptop, Mobile/Embedded
;AMD Ryzen 5 PRO 8600G;6;25071;;65;AM5;Desktop
;AMD Ryzen 5 PRO 8600GE;6;23765;;35;AM5;Desktop
;AMD Ryzen 5 PRO 8640HS;6;21348;;28;FP7 FP7r2;Desktop, Laptop, Server
;AMD Ryzen 5 PRO 8640U;6;22844;;28;FP7 FP7r2;Laptop
;AMD Ryzen 5 PRO 8645HS;6;23227;;45;FP7, FP7r2;Desktop, Laptop
;AMD Ryzen 7 1700;8;14786;;65;AM4;Desktop
;AMD Ryzen 7 1700X;8;15624;;95;AM4;Desktop
;AMD Ryzen 7 1800X;8;16306;;95;AM4;Desktop
;AMD Ryzen 7 250;8;25246;;28;FP8;Desktop
;AMD Ryzen 7 255;8;30232;;28;Unknown;Laptop
;AMD Ryzen 7 260;8;29003;;45;Unknown;Desktop, Laptop
;AMD Ryzen 7 2700;8;15646;;65;AM4;Desktop
;AMD Ryzen 7 2700E;8;14657;;45;AM4;Desktop
;AMD Ryzen 7 2700U;4;6866;;15;FP5;Laptop
;AMD Ryzen 7 2700X;8;17454;;105;AM4;Desktop
;AMD Ryzen 7 2800H;4;8144;;45;FP5;Laptop
;AMD Ryzen 7 3700C;4;6714;;15;FP5;Laptop, Mobile/Embedded
;AMD Ryzen 7 3700U;4;7053;;15;FP5;Laptop
;AMD Ryzen 7 3700X;8;22440;;65;AM4;Desktop
;AMD Ryzen 7 3750H;4;7997;;35;FP5;Laptop
;AMD Ryzen 7 3780U;4;7047;;15;FP5;Laptop
;AMD Ryzen 7 3800X;8;23023;;105;AM4;Desktop
;AMD Ryzen 7 3800XT;8;23441;;105;AM4;Desktop
;AMD Ryzen 7 4700G;8;20169;;65;AM4;Desktop
;AMD Ryzen 7 4700GE;8;19674;;35;AM4;Desktop
;AMD Ryzen 7 4700U;8;13185;;15;FP6;Laptop
;AMD Ryzen 7 4800H;8;18118;;45;FP6;Laptop
;AMD Ryzen 7 4800HS;8;18034;;45;FP6;Laptop
;AMD Ryzen 7 4800U;8;16451;;15;FP6;Laptop
;AMD Ryzen 7 4850U Mobile;8;17110;;15;FP6;Laptop
;AMD Ryzen 7 4980U Microsoft Surface Edition;8;17469;;15;FP6;Laptop
;AMD Ryzen 7 5700;8;24317;;65;AM4;Desktop
;AMD Ryzen 7 5700G;8;24374;;65;AM4;Desktop
;AMD Ryzen 7 5700GE;8;21766;;35;AM4;Desktop
;AMD Ryzen 7 5700U;8;15533;;15;FP6;Laptop
;AMD Ryzen 7 5700X;8;26609;;65;AM4;Desktop
;AMD Ryzen 7 5700X3D;8;26290;;105;AM4;Desktop
;AMD Ryzen 7 5800;8;25785;;65;AM4;Desktop
;AMD Ryzen 7 5800H;8;20716;;45;FP6;Laptop
;AMD Ryzen 7 5800HS;8;19536;;35;FP6;Laptop
;AMD Ryzen 7 5800HS Creator Edition;8;19449;;NA;Unknown;Laptop
;AMD Ryzen 7 5800U;8;18088;;15;FP6;Laptop
;AMD Ryzen 7 5800X;8;27716;;105;AM4;Desktop
;AMD Ryzen 7 5800X3D;8;28302;;105;AM4;Desktop
;AMD Ryzen 7 5800XT;8;27991;;105;AM4;Desktop
;AMD Ryzen 7 5825C;8;14561;;15;FP6;Mobile/Embedded
;AMD Ryzen 7 5825U;8;18046;;15;FP6;Laptop
;AMD Ryzen 7 6800H;8;22964;;45;FP7;Laptop
;AMD Ryzen 7 6800HS;8;22713;;35;FP7;Laptop
;AMD Ryzen 7 6800HS Creator Edition;8;21529;;35;FP7;Laptop
;AMD Ryzen 7 6800U;8;20571;;28;Unknown;Laptop
;AMD Ryzen 7 6810U;8;22741;;15;FP7;Laptop
;AMD Ryzen 7 7435H;8;22954;;45;FP7r2;Desktop, Laptop
;AMD Ryzen 7 7435HS;8;23225;;45;FP7r2;Desktop, Laptop
;AMD Ryzen 7 7445HS;6;19249;;35;Unknown;Laptop
;AMD Ryzen 7 7700;8;34415;;65;AM5;Desktop
;AMD Ryzen 7 7700X;8;35622;;105;AM5;Desktop
;AMD Ryzen 7 7730U;8;17834;;15;FP6;Laptop
;AMD Ryzen 7 7735H;8;23615;;54;FP7;Laptop
;AMD Ryzen 7 7735HS;8;23014;;54;FP7;Laptop
;AMD Ryzen 7 7735U;8;20591;;28;FP7;Laptop
;AMD Ryzen 7 7736U;8;21725;;28;FP7;Laptop
;AMD Ryzen 7 7745HX;8;32569;;55;AM5 (LGA 1718);Laptop
;AMD Ryzen 7 7800X3D;8;34300;;120;AM5;Desktop
;AMD Ryzen 7 7840H;8;27885;;54;FP7 FP7r2 FP8;Laptop
;AMD Ryzen 7 7840HS;8;28588;;54;FP7 FP7r2 FP8;Laptop
;AMD Ryzen 7 7840HX;12;42698;;55;FL1;Desktop, Laptop
;AMD Ryzen 7 7840S;8;23344;;54;FP7 FP7r2 FP8;Laptop
;AMD Ryzen 7 7840U;8;24642;;30;Unknown;Laptop
;AMD Ryzen 7 8700F;8;31320;;65;AM5;Desktop
;AMD Ryzen 7 8700G;8;31622;;65;AM5;Desktop
;AMD Ryzen 7 8745H;8;29661;;45;Unknown;Laptop
;AMD Ryzen 7 8745HS;8;29203;;45;FP7 FP7r2 FP8;Desktop, Laptop
;AMD Ryzen 7 8745HX;8;31732;;55;FL1;Desktop, Laptop
;AMD Ryzen 7 8840HS;8;25032;;28;FP7 FP7r2 FP8;Desktop, Laptop
;AMD Ryzen 7 8840HX;12;45268;;55;FL1;Desktop, Laptop
;AMD Ryzen 7 8840U;8;23391;;28;FP7 FP7r2 FP8;Desktop, Laptop
;AMD Ryzen 7 8845H;8;26972;;45;FP7 FP7r2 FP8;Desktop, Laptop
;AMD Ryzen 7 8845HS;8;28473;;45;FP7 FP7r2 FP8;Desktop, Laptop
;AMD Ryzen 7 9700X;8;37171;;65;AM5;Desktop
;AMD Ryzen 7 9800X3D;8;39984;;120;AM5;Desktop
;AMD Ryzen 7 Extreme Edition;8;16224;;NA;FP6;Laptop
;AMD Ryzen 7 H 250;8;19730;;45;FP8;Laptop
;AMD Ryzen 7 H 255;8;25145;;45;FP8;Desktop, Laptop
;AMD Ryzen 7 H 255 w/ Radeon 780M;8;26570;;NA;Unknown;Unknown
;AMD Ryzen 7 H 260;8;30214;;NA;FP8;Laptop
;AMD Ryzen 7 PRO 1700;8;14699;;65;AM4;Desktop
;AMD Ryzen 7 PRO 1700X;8;15641;;95;AM4;Desktop
;AMD Ryzen 7 PRO 250;8;21712;;28;FP8;Laptop
;AMD Ryzen 7 PRO 2700;8;15342;;65;AM4;Desktop
;AMD Ryzen 7 PRO 2700U;4;7034;;15;FP5;Laptop
;AMD Ryzen 7 PRO 2700X;8;16959;;105;AM4;Desktop
;AMD Ryzen 7 PRO 3700;8;22792;;65;AM4;Desktop
;AMD Ryzen 7 PRO 3700U;4;7231;;15;FP5;Laptop
;AMD Ryzen 7 PRO 4700G;8;19715;;65;AM4;Desktop
;AMD Ryzen 7 PRO 4750G;8;20224;;65;AM4;Desktop
;AMD Ryzen 7 PRO 4750GE;8;18395;;35;AM4;Desktop
;AMD Ryzen 7 PRO 4750U;8;14818;;15;FP6;Laptop
;AMD Ryzen 7 PRO 5750G;8;24042;;65;AM4;Desktop
;AMD Ryzen 7 PRO 5750GE;8;21244;;35;AM4;Desktop
;AMD Ryzen 7 PRO 5755G;8;24216;;65;AM4;Desktop
;AMD Ryzen 7 PRO 5755GE;8;20894;;35;AM4;Desktop
;AMD Ryzen 7 PRO 5800H;8;19461;;NA;AM4;Laptop
;AMD Ryzen 7 PRO 5845;8;26054;;65;AM4;Desktop
;AMD Ryzen 7 PRO 5850U;8;16825;;15;FP6;Laptop
;AMD Ryzen 7 PRO 5875U;8;16585;;15;FP6;Laptop
;AMD Ryzen 7 PRO 6850H;8;23473;;45;FP7;Laptop
;AMD Ryzen 7 PRO 6850HS;8;22322;;35;FP7;Laptop
;AMD Ryzen 7 PRO 6850U;8;20621;;28;FP7;Laptop
;AMD Ryzen 7 PRO 6860Z;8;20084;;28;Unknown;Laptop
;AMD Ryzen 7 PRO 7730U;8;18178;;15;Unknown;Laptop
;AMD Ryzen 7 Pro 7735U;8;18585;;28;FP7;Laptop
;AMD Ryzen 7 PRO 7745;8;34827;;65;AM5 (LGA 1718);Desktop, Server
;AMD Ryzen 7 PRO 7840HS;8;26870;;54;FP7 FP7r2 FP8;Laptop
;AMD Ryzen 7 PRO 7840U;8;24577;;30;Unknown;Laptop
;AMD Ryzen 7 PRO 8700G;8;31043;;65;AM5;Desktop
;AMD Ryzen 7 PRO 8700GE;8;28250;;35;AM5;Desktop
;AMD Ryzen 7 PRO 8840H;8;27994;;NA;FP8;Laptop
;AMD Ryzen 7 PRO 8840HS;8;26929;;28;FP7 FP7r2 FP8;Desktop, Laptop
;AMD Ryzen 7 PRO 8840U;8;23961;;28;FP7 FP7r2;Desktop, Laptop, Server
;AMD Ryzen 7 PRO 8845HS;8;29060;;45;FP7 FP7r2;Desktop, Laptop, Server
;AMD Ryzen 9 270;8;29589;;45;FP8;Desktop, Laptop
;AMD Ryzen 9 3900;12;30592;;65;AM4;Desktop
;AMD Ryzen 9 3900X;12;32528;;105;AM4;Desktop
;AMD Ryzen 9 3900XT;12;32545;;105;AM4;Desktop
;AMD Ryzen 9 3950X;16;38530;;105;AM4;Desktop
;AMD Ryzen 9 4900H;8;18942;;45;FP6;Laptop
;AMD Ryzen 9 4900HS;8;18799;;35;FP6;Laptop
;AMD Ryzen 9 4950U Mobile;8;16290;;NA;Unknown;Laptop
;AMD Ryzen 9 5900;12;33906;;65;AM4;Desktop
;AMD Ryzen 9 5900H;8;9900;;NA;AM4;Laptop
;AMD Ryzen 9 5900HS;8;21255;;35;FP6;Laptop
;AMD Ryzen 9 5900HS Creator Edition;8;18747;;35;Unknown;Laptop
;AMD Ryzen 9 5900HX;8;22230;;45;FP6;Laptop
;AMD Ryzen 9 5900X;12;38968;;105;AM4;Desktop
;AMD Ryzen 9 5900XT;16;44101;;105;AM4;Desktop
;AMD Ryzen 9 5950X;16;45380;;105;AM4;Desktop
;AMD Ryzen 9 5980HS;8;20257;;35;FP6;Laptop
;AMD Ryzen 9 5980HX;8;23322;;45;FP6;Laptop
;AMD Ryzen 9 6900HS;8;23074;;35;FP7;Laptop
;AMD Ryzen 9 6900HS Creator Edition;8;21224;;35;FP7;Laptop
;AMD Ryzen 9 6900HX;8;24315;;45;FP7;Laptop
;AMD Ryzen 9 7845HX;12;44904;;55;FL1;Laptop
;AMD Ryzen 9 7900;12;48231;;65;AM5;Desktop
;AMD Ryzen 9 7900X;12;51364;;170;AM5;Desktop
;AMD Ryzen 9 7900X3D;12;50226;;120;AM5 (LGA 1718);Desktop
;AMD Ryzen 9 7940H;8;29063;;54;FP7 FP7r2 FP8;Laptop
;AMD Ryzen 9 7940HS;8;30001;;54;FP7 FP7r2 FP8;Laptop
;AMD Ryzen 9 7940HX;16;53670;;55;AM5 (LGA 1718);Desktop, Laptop
;AMD Ryzen 9 7945HX;16;54472;;55;FL1;Laptop
;AMD Ryzen 9 7945HX3D;16;57613;;55;FL1;Laptop
;AMD Ryzen 9 7950X;16;62384;;170;AM5;Desktop
;AMD Ryzen 9 7950X3D;16;62349;;120;AM5;Desktop
;AMD Ryzen 9 8940HX;16;51783;;55;FL1;Desktop, Laptop
;AMD Ryzen 9 8945H;8;30283;;45;FP7 FP7r2 FP8;Desktop, Laptop
;AMD Ryzen 9 8945HS;8;29683;;45;FP7 FP7r2 FP8;Desktop, Laptop
;AMD Ryzen 9 8945HX;16;51538;;55;FL1;Laptop
;AMD Ryzen 9 9850HX;12;51665;;55;FL1;Desktop, Laptop
;AMD Ryzen 9 9900X;12;54590;;120;AM5;Desktop
;AMD Ryzen 9 9900X3D;12;56273;;120;AM5;Desktop
;AMD Ryzen 9 9950X;16;65942;;170;AM5;Desktop
;AMD Ryzen 9 9950X3D;16;70210;;170;AM5;Desktop
;AMD Ryzen 9 9955HX;16;56128;;55;FL1;Desktop, Laptop
;AMD Ryzen 9 9955HX3D;16;61689;;55;FL1;Desktop, Laptop
;AMD Ryzen 9 PRO 3900;12;31310;;65;AM4;Desktop
;AMD Ryzen 9 PRO 5945;12;34549;;65;AM4;Desktop
;AMD Ryzen 9 PRO 6950H;8;23807;;45;FP7;Laptop
;AMD Ryzen 9 PRO 6950HS;8;22811;;35;FP7;Laptop
;AMD Ryzen 9 PRO 7940HS;8;27614;;45;FP7 FP7r2;Laptop
;AMD Ryzen 9 PRO 7945;12;46769;;65;AM5 (LGA 1718);Desktop, Server
;AMD Ryzen 9 PRO 8945HS;8;30285;;45;FP7 FP7r2;Desktop, Laptop, Server
;AMD Ryzen 9 PRO 9945;12;50113;;65;AM5;Desktop
;AMD Ryzen AI 5 330;1;13785;;28;FP8;Desktop, Laptop
;AMD Ryzen AI 5 340;3;19695;;28;FP8;Desktop, Laptop
;AMD Ryzen AI 5 PRO 340;3;19508;;28;FP8;Desktop, Laptop
;AMD Ryzen AI 7 350;4;24696;;45;Unknown;Laptop
;AMD Ryzen AI 7 H 350;4;26347;;28;Unknown;Unknown
;AMD Ryzen AI 7 PRO 350;4;24008;;28;FP8;Desktop, Laptop
;AMD Ryzen AI 7 PRO 360;3;22008;;28;FP8;Desktop, Laptop
;AMD Ryzen AI 9 365;4;29977;;28;FP8;Desktop, Laptop
;AMD Ryzen AI 9 H 365;4;30079;;54;Unknown;Laptop
;AMD Ryzen AI 9 HX 370;4;35181;;28;FP8;Desktop, Laptop
;AMD Ryzen AI 9 HX 375;4;33952;;28;FP8;Desktop, Laptop
;AMD Ryzen AI 9 HX PRO 370;4;32754;;28;FP8;Desktop, Laptop
;AMD Ryzen AI 9 HX PRO 375;4;33705;;28;FP8;Desktop, Laptop
;AMD Ryzen AI Max 385;8;31686;;55;FP11;Desktop, Laptop
;AMD Ryzen AI Max 390;12;42055;;55;FP11;Desktop, Laptop
;AMD Ryzen AI Max Pro 380;6;24613;;55;FP11;Laptop
;AMD Ryzen AI Max Pro 385;8;30641;;55;FP11;Desktop, Laptop
;AMD Ryzen AI Max Pro 390;12;42965;;55;Unknown;Laptop
;AMD Ryzen AI Max+ 395;16;54226;;55;Unknown;Laptop
;AMD Ryzen AI Max+ Pro 395;16;51475;;55;Unknown;Laptop
;AMD Ryzen AI Z2 Extreme;3;23624;;28;Unknown;Mobile/Embedded
;AMD Ryzen Embedded R1305G;2;3142;;8;FP5;Laptop, Mobile/Embedded
;AMD Ryzen Embedded R1505G;2;3791;;15;FP5;Laptop, Mobile/Embedded
;AMD Ryzen Embedded R1600;2;3276;;25;FC-BGA1140;Mobile/Embedded
;AMD Ryzen Embedded R1606G;2;4153;;15;FP5;Desktop, Mobile/Embedded
;AMD Ryzen Embedded R2312;2;3952;;25;FP5;Mobile/Embedded
;AMD Ryzen Embedded R2314;4;5864;;NA;Unknown;Mobile/Embedded
;AMD Ryzen Embedded R2514;4;6731;;15;FP5;Mobile/Embedded
;AMD Ryzen Embedded R2544;4;8486;;45;FP5;Mobile/Embedded
;AMD Ryzen Embedded V1202B;2;3512;;15;FP5;Laptop, Mobile/Embedded
;AMD Ryzen Embedded V1404I;4;6007;;15;Unknown;Desktop, Mobile/Embedded
;AMD Ryzen Embedded V1500B;4;4557;;16;BGA1140;Mobile/Embedded
;AMD Ryzen Embedded V1605B;4;6712;;15;FP5;Laptop, Mobile/Embedded
;AMD Ryzen Embedded V1756B;4;8043;;45;FP5;Desktop, Mobile/Embedded
;AMD Ryzen Embedded V1780B;4;7800;;45;Unknown;Mobile/Embedded
;AMD Ryzen Embedded V1807B;4;8207;;45;FP5;Laptop, Mobile/Embedded
;AMD Ryzen Embedded V1807F;4;7775;;NA;Unknown;Mobile/Embedded
;AMD Ryzen Embedded V2516;6;13329;;15;FP6;Mobile/Embedded
;AMD Ryzen Embedded V2546;6;10912;;NA;FP6;Desktop
;AMD Ryzen Embedded V2718;8;15831;;15;FP6;Mobile/Embedded
;AMD Ryzen Embedded V2748;8;18434;;54;FP6;Mobile/Embedded
;AMD Ryzen Embedded V2A46;4;4999;;35;Unknown;Mobile/Embedded
;AMD Ryzen Embedded V3C14;4;11882;;15;FP7;Mobile/Embedded
;AMD Ryzen Embedded V3C18I;8;13856;;15;Unknown;Mobile/Embedded
;AMD Ryzen Embedded V3C48;8;20203;;45;Unknown;Mobile/Embedded
;AMD Ryzen Threadripper 1900X;8;16825;;180;sTR4;Desktop
;AMD Ryzen Threadripper 1920;12;22066;;140;sTR4;Desktop
;AMD Ryzen Threadripper 1920X;12;23146;;180;sTR4;Desktop
;AMD Ryzen Threadripper 1950X;16;27484;;180;sTR4;Desktop
;AMD Ryzen Threadripper 2920X;12;25141;;180;sTR4;Desktop
;AMD Ryzen Threadripper 2950X;16;29451;;180;sTR4;Desktop
;AMD Ryzen Threadripper 2970WX;24;30948;;250;sTR4;Desktop, Server
;AMD Ryzen Threadripper 2990WX;32;32131;;250;sTR4;Desktop, Server
;AMD Ryzen Threadripper 2990X;32;25874;;250;TR4;Desktop
;AMD Ryzen Threadripper 3960X;24;54767;;280;sTRX4;Desktop
;AMD Ryzen Threadripper 3970X;32;63022;;280;sTRX4;Desktop
;AMD Ryzen Threadripper 3990X;64;79865;;280;sTRX4;Desktop
;AMD Ryzen Threadripper 7960X;24;83652;;350;sTR5;Desktop
;AMD Ryzen Threadripper 7970X;32;99205;;350;sTR5;Desktop
;AMD Ryzen Threadripper 7980X;64;136380;;350;sTR5;Desktop
;AMD Ryzen Threadripper 9960X 24-Cores;24;92424;;350;sTR5;Desktop
;AMD Ryzen Threadripper 9970X;32;108876;;350;sTR5;Desktop
;AMD Ryzen Threadripper 9980X;64;145694;;350;sTR5;Desktop
;AMD Ryzen Threadripper PRO 3945WX;12;33470;;280;sWRX8;Desktop, Server
;AMD Ryzen Threadripper PRO 3955WX;16;40073;;280;sWRX8;Desktop, Server
;AMD Ryzen Threadripper PRO 3975WX;32;62219;;280;sWRX8;Desktop, Server
;AMD Ryzen Threadripper PRO 3995WX;64;83802;;280;sWRX8;Desktop, Server
;AMD Ryzen Threadripper PRO 5945WX;12;40159;;280;sWRX8;Desktop, Server
;AMD Ryzen Threadripper PRO 5955WX;16;48662;;280;sWRX8;Desktop, Server
;AMD Ryzen Threadripper PRO 5965WX;24;66532;;280;sWRX8;Desktop, Server
;AMD Ryzen Threadripper PRO 5975WX;32;75257;;280;sWRX8;Desktop, Server
;AMD Ryzen Threadripper PRO 5995WX;64;94532;;280;sWRX8;Desktop, Server
;AMD Ryzen Threadripper PRO 7945WX;12;49702;;350;sTR5;Desktop, Server
;AMD Ryzen Threadripper PRO 7955WX;16;60031;;350;sTR5;Desktop, Server
;AMD Ryzen Threadripper PRO 7965WX;24;82383;;350;sTR5;Desktop, Server
;AMD Ryzen Threadripper PRO 7975WX;32;96074;;350;sTR5;Desktop, Server
;AMD Ryzen Threadripper PRO 7985WX;64;133926;;350;sTR5;Desktop, Server
;AMD Ryzen Threadripper PRO 7995WX;96;143199;;350;sTR5;Desktop, Server
;AMD Ryzen Threadripper PRO 9945WX;12;56854;;350;sTR5;Desktop, Server
;AMD Ryzen Threadripper PRO 9955WX;16;67936;;350;sTR5;Desktop, Server
;AMD Ryzen Threadripper PRO 9965WX;24;94075;;350;sTR5;Desktop, Server
;AMD Ryzen Threadripper PRO 9975WX;32;106989;;350;sTR5;Desktop, Server
;AMD Ryzen Threadripper PRO 9985WX;64;153774;;350;sTR5;Desktop, Server
;AMD Ryzen Threadripper PRO 9995WX;96;175752;;350;sTR5;Desktop, Server
;AMD Ryzen Z1;6;18400;;30;Unknown;Mobile/Embedded
;AMD Ryzen Z1 Extreme;8;24763;;15;Unknown;Mobile/Embedded
;AMD Ryzen Z2 A;4;10557;;15;Unknown;Mobile/Embedded
;AMD Ryzen Z2 Extreme;3;25395;;28;Unknown;Mobile/Embedded
;AMD Ryzen Z2 Go;4;12270;;28;Unknown;Mobile/Embedded
;AMD Sempron 130;1;511;;45;AM2+/AM3;Unknown
;AMD Sempron 140;1;511;;45;AM3;Desktop
;AMD Sempron 145;1;540;;45;AM3;Desktop
;AMD Sempron 150;1;597;;45;AM3;Desktop
;AMD Sempron 200U;1;125;;8;Unknown;Unknown
;AMD Sempron 210U;1;267;;15;Unknown;Unknown
;AMD Sempron 2200+;1;184;;NA;Socket A;Desktop
;AMD Sempron 2300+;1;207;;NA;Socket A;Desktop
;AMD Sempron 240;2;1278;;65;FM2;Desktop
;AMD Sempron 2400+;1;205;;NA;Socket A;Desktop
;AMD Sempron 2500+;1;207;;NA;Socket A;Desktop
;AMD Sempron 2600+;1;253;;NA;Socket A;Desktop
;AMD Sempron 2650 APU;2;522;;25;AM1,FSB1;Desktop
;AMD Sempron 2800+;1;243;;62;AM2;Desktop
;AMD Sempron 3000+;1;299;;62;AM2;Desktop
;AMD Sempron 3100+;1;298;;62;754;Desktop
;AMD Sempron 3200+;1;251;;62;AM2;Desktop
;AMD Sempron 3300+;1;315;;62;754;Desktop
;AMD Sempron 3400+;1;292;;62;AM2;Desktop
;AMD Sempron 3500+;1;232;;62;AM2;Desktop
;AMD Sempron 3600+;1;337;;62;AM2;Desktop
;AMD Sempron 3800+;1;360;;62;AM2;Desktop
;AMD Sempron 3850 APU;4;1168;;25;AM1,FS1b;Desktop
;AMD Sempron Dual Core 2100;2;506;;65;Unknown;Unknown
;AMD Sempron Dual Core 2200;2;563;;65;Unknown;Unknown
;AMD Sempron Dual Core 2300;2;555;;65;Unknown;Unknown
;AMD Sempron LE-1100;1;315;;45;AM2;Desktop
;AMD Sempron LE-1150;1;251;;45;AM2;Desktop
;AMD Sempron LE-1200;1;349;;45;AM2;Desktop
;AMD Sempron LE-1250;1;301;;45;AM2;Desktop
;AMD Sempron LE-1300;1;417;;45;AM2;Desktop
;AMD Sempron M100;1;332;;NA;Unknown;Unknown
;AMD Sempron M120;1;281;;25;S1;Laptop
;AMD Sempron SI-40;1;288;;25;S1;Laptop
;AMD Sempron SI-42;1;245;;25;S1;Laptop
;AMD Sempron X2 180;2;826;;45;Unknown;Unknown
;AMD Sempron X2 190;2;879;;45;AM2+/AM3;Unknown
;AMD Sempron X2 198 Dual-Core;2;930;;65;FM1;Desktop
;AMD Turion 64 Mobile MK-36;1;334;;31;S1;Laptop
;AMD Turion 64 Mobile MK-38;1;362;;31;S1;Laptop
;AMD Turion 64 Mobile ML-28;1;254;;25;754;Laptop
;AMD Turion 64 Mobile ML-30;1;277;;35;754;Laptop
;AMD Turion 64 Mobile ML-32;1;285;;35;754;Laptop
;AMD Turion 64 Mobile ML-34;1;319;;35;754;Laptop
;AMD Turion 64 Mobile ML-37;1;334;;35;754;Laptop
;AMD Turion 64 Mobile ML-40;1;336;;35;754;Laptop
;AMD Turion 64 Mobile ML-42;1;400;;35;754;Laptop
;AMD Turion 64 Mobile ML-44;1;384;;35;754;Laptop
;AMD Turion 64 Mobile MT-30;1;246;;25;754;Laptop
;AMD Turion 64 Mobile MT-32;1;286;;24;754;Laptop
;AMD Turion 64 Mobile MT-34;1;279;;24;754;Laptop
;AMD Turion 64 Mobile MT-37;1;274;;25;754;Laptop
;AMD Turion 64 X2 Mobile TL-50;2;474;;31;S1;Laptop
;AMD Turion 64 X2 Mobile TL-52;2;534;;31;S1;Laptop
;AMD Turion 64 X2 Mobile TL-56;2;514;;31;S1;Laptop
;AMD Turion 64 X2 Mobile TL-58;2;485;;31;S1;Laptop
;AMD Turion 64 X2 Mobile TL-60;2;635;;31;S1;Laptop
;AMD Turion 64 X2 Mobile TL-62;2;649;;35;S1;Laptop
;AMD Turion 64 X2 Mobile TL-64;2;668;;35;S1;Laptop
;AMD Turion 64 X2 Mobile TL-66;2;716;;35;S1;Laptop
;AMD Turion 64 X2 Mobile TL-68;2;866;;35;S1;Laptop
;AMD Turion Dual-Core RM-70;2;561;;31;S1;Laptop
;AMD Turion Dual-Core RM-72;2;649;;35;S1;Laptop
;AMD Turion Dual-Core RM-74;2;588;;35;S1;Laptop
;AMD Turion Dual-Core RM-75;2;659;;35;S1;Laptop
;AMD Turion II Dual-Core Mobile M500;2;756;;35;S1;Laptop
;AMD Turion II Dual-Core Mobile M520;2;855;;35;S1;Laptop
;AMD Turion II Dual-Core Mobile M540;2;912;;35;S1;Laptop
;AMD Turion II N530 Dual-Core;2;855;;35;S1;Laptop
;AMD Turion II N550 Dual-Core;2;877;;35;S1;Laptop
;AMD Turion II Neo K625 Dual-Core;2;618;;15;S1;Laptop
;AMD Turion II Neo K685 Dual-Core;2;684;;15;BGA812;Laptop
;AMD Turion II Neo N40L Dual-Core;2;624;;15;BGA812;Laptop
;AMD Turion II Neo N54L Dual-Core;2;853;;25;BGA812;Laptop
;AMD Turion II P520 Dual-Core;2;870;;25;S1;Laptop
;AMD Turion II P540 Dual-Core;2;922;;35;S1;Laptop
;AMD Turion II P560 Dual-Core;2;913;;25;S1;Laptop
;AMD Turion II Ultra Dual-Core Mobile M600;2;955;;35;S1;Laptop
;AMD Turion II Ultra Dual-Core Mobile M620;2;814;;35;S1;Laptop
;AMD Turion II Ultra Dual-Core Mobile M640;2;1034;;35;S1;Laptop
;AMD Turion II Ultra Dual-Core Mobile M660;2;1011;;35;S1;Laptop
;AMD Turion Neo X2 Dual Core L625;2;432;;18;ASB1;Laptop
;AMD Turion X2 Dual Core L510;2;603;;20;ASB1;Laptop
;AMD Turion X2 Dual Core Mobile RM-70;2;497;;31;S1;Laptop
;AMD Turion X2 Dual Core Mobile RM-76;2;691;;35;S1;Laptop
;AMD Turion X2 Dual-Core Mobile RM-70;2;612;;31;S1;Laptop
;AMD Turion X2 Dual-Core Mobile RM-72;2;653;;35;S1;Laptop
;AMD Turion X2 Dual-Core Mobile RM-74;2;655;;35;S1;Laptop
;AMD Turion X2 Dual-Core Mobile RM-75;2;733;;35;S1;Laptop
;AMD Turion X2 Dual-Core Mobile RM-76;2;799;;35;S1;Laptop
;AMD Turion X2 Dual-Core Mobile RM-77;2;562;;35;S1;Laptop
;AMD Turion X2 Ultra Dual-Core Mobile ZM-80;2;506;;32;S1;Laptop
;AMD Turion X2 Ultra Dual-Core Mobile ZM-82;2;645;;35;S1;Laptop
;AMD Turion X2 Ultra Dual-Core Mobile ZM-84;2;802;;35;S1;Laptop
;AMD Turion X2 Ultra Dual-Core Mobile ZM-85;2;828;;35;S1;Laptop
;AMD Turion X2 Ultra Dual-Core Mobile ZM-86;2;695;;35;S1;Laptop
;AMD Turion X2 Ultra Dual-Core Mobile ZM-87;2;783;;35;S1;Laptop
;AMD TurionX2 Dual Core Mobile RM-70;2;536;;31;S1;Laptop
;AMD TurionX2 Dual Core Mobile RM-72;2;471;;35;S1;Laptop
;AMD TurionX2 Ultra DualCore Mobile ZM-85;2;841;;35;S1;Laptop
;AMD TurionX2 Ultra DualCore Mobile ZM-87;2;599;;35;S1;Mobile/Embedded
;AMD V105;1;184;;9;BGA812;Laptop
;AMD V120;1;385;;25;S1;Laptop
;AMD V140;1;422;;25;S1;Laptop
;AMD V160;1;371;;25;S1;Laptop
;AMD Z-01;2;305;;NA;Unknown;Unknown
;AMD Z-60 APU;2;262;;4.5;FT1;Laptop
;Amlogic;4;655;;NA;Unknown;Unknown
;Amlogic AMLA311D2;8;3522;;NA;Unknown;Mobile/Embedded
;Amlogic AMLS905D3;4;815;;NA;Unknown;Mobile/Embedded
;Amlogic AMLS905X2;4;754;;NA;Unknown;Mobile/Embedded
;Amlogic AMLS905X4;4;500;;NA;Unknown;Mobile/Embedded
;Amlogic AMLS905X5;4;1699;;NA;Unknown;Mobile/Embedded
;Amlogic AMLT982;4;972;;NA;Unknown;Mobile/Embedded
;Ampere Altra Max;128;72121;;NA;Unknown;Server
;Ampere ARM - 192 Core 3200 MHz;192;57444;;NA;Unknown;Server
;AOSP ranchu;4;2270;;NA;Unknown;Mobile/Embedded
;ap201;4;565;;NA;Unknown;Mobile/Embedded
;Apple A11 Bionic;6;4434;;NA;Unknown;Mobile/Embedded
;Apple A12 Bionic;6;5030;;NA;Unknown;Mobile/Embedded
;Apple A12X Bionic;8;11057;;NA;Unknown;Mobile/Embedded
;Apple A12Z Bionic;8;9365;;NA;Unknown;Mobile/Embedded
;Apple A13 Bionic;6;5762;;NA;Unknown;Mobile/Embedded
;Apple A14 Bionic;6;8549;;NA;Unknown;Mobile/Embedded
;Apple A15 Bionic;4;9889;;NA;Unknown;Mobile/Embedded
;Apple A16;5;9951;;NA;Unknown;Mobile/Embedded
;Apple A16 Bionic;4;10917;;NA;Unknown;Mobile/Embedded
;Apple A17 Pro;2;12189;;NA;Unknown;Mobile/Embedded
;Apple A18;2;12414;;NA;Unknown;Mobile/Embedded
;Apple A18 Pro;2;12888;;8;Unknown;Mobile/Embedded
;Apple A19;2;14374;;NA;Unknown;Mobile/Embedded
;Apple A19 Pro;2;14782;;NA;Unknown;Mobile/Embedded
;Apple A8;2;1528;;NA;Unknown;Mobile/Embedded
;Apple A8X;3;2383;;NA;Unknown;Mobile/Embedded
;Apple A9;2;2072;;NA;Unknown;Mobile/Embedded
;Apple A9X;2;2508;;NA;Unknown;Mobile/Embedded
;Apple M1 8 Core 3200 MHz;4;14145;;15.1;Unknown;Desktop, Laptop, Mobile/Embedded
;Apple M1 Max 10 Core 3200 MHz;8;22149;;NA;Unknown;Desktop, Laptop
;Apple M1 Pro 10 Core 3200 MHz;8;21924;;NA;Unknown;Desktop, Laptop
;Apple M1 Pro 8 Core 3200 MHz;6;17213;;NA;Unknown;Desktop, Laptop
;Apple M1 Ultra 20 Core;16;41402;;60;Unknown;Desktop
;Apple M2 8 Core 3500 MHz;4;15648;;NA;Unknown;Desktop, Laptop
;Apple M2 Max 12 Core 3680 MHz;12;26807;;NA;Unknown;Laptop
;Apple M2 Pro 10 Core 3480 MHz;10;21919;;NA;Unknown;Desktop, Laptop
;Apple M2 Pro 12 Core 3480 MHz;12;26699;;NA;Unknown;Laptop
;Apple M2 Ultra 24 Core;16;50768;;NA;Unknown;Desktop
;Apple M3 8 Core;4;19155;;20;Unknown;Desktop, Laptop, Mobile/Embedded
;Apple M3 Max 14 Core;10;36519;;78;Unknown;Laptop
;Apple M3 Max 16 Core;12;41255;;78;Unknown;Laptop
;Apple M3 Pro 11 Core;5;24878;;27;Unknown;Laptop
;Apple M3 Pro 12 Core;6;24154;;27;Unknown;Laptop
;Apple M3 Ultra 28 Core;20;68739;;NA;Unknown;Desktop
;Apple M3 Ultra 32 Core;24;73785;;NA;Unknown;Desktop
;Apple M4 10 Core;4;23859;;22;Unknown;Desktop, Laptop, Mobile/Embedded
;Apple M4 8 Core;4;20795;;22;Unknown;Desktop
;Apple M4 9 Core;3;22229;;22;Unknown;Mobile/Embedded
;Apple M4 Max 14 Core;10;38540;;NA;Unknown;Laptop
;Apple M4 Max 16 Core;12;43973;;NA;Unknown;Laptop
;Apple M4 Pro 12 Core;8;32906;;NA;Unknown;Desktop, Laptop
;Apple M4 Pro 14 Core;10;38139;;NA;Unknown;Desktop, Laptop
;ARM - 10 Core 0 MHz;10;10088;;NA;Unknown;Unknown
;ARM - 10 Core 2000 MHz;10;9787;;NA;Unknown;Unknown
;ARM - 12 Core 0 MHz;12;14352;;NA;Unknown;Mobile/Embedded
;ARM - 12 Core 2000 MHz;12;16944;;NA;Unknown;Unknown
;ARM - 16 Core 0 MHz;16;19753;;NA;Unknown;Unknown
;ARM - 2 Core 0 MHz;2;2368;;NA;Unknown;Mobile/Embedded
;ARM - 20 Core 0 MHz;20;22504;;NA;Unknown;Mobile/Embedded
;ARM - 32 Core 2911 MHz;32;8132;;NA;Unknown;Mobile/Embedded
;ARM - 32 Core 3300 MHz;32;8684;;NA;Unknown;Mobile/Embedded
;ARM - 4 Core 0 MHz;4;5650;;NA;Unknown;Unknown
;ARM - 4 Core 1804 MHz;4;3336;;NA;Unknown;Unknown
;ARM - 4 Core 2016 MHz;4;3653;;NA;Unknown;Unknown
;ARM - 6 Core 0 MHz;6;8515;;NA;Unknown;Mobile/Embedded
;ARM - 6 Core 1800 MHz;6;2039;;NA;Unknown;Unknown
;ARM - 8 Core 0 MHz;8;8515;;NA;Unknown;Mobile/Embedded
;ARM - 8 Core 1766 MHz;8;4080;;NA;Unknown;Mobile/Embedded
;ARM - 8 Core 1800 MHz;8;3192;;NA;Unknown;Unknown
;ARM - 8 Core 2208 MHz;8;2270;;NA;Unknown;Unknown
;ARM - 8 Core 2424 MHz;8;8610;;NA;Unknown;Mobile/Embedded
;ARM Ampere-1 4 Core 0 MHz;4;3034;;NA;Unknown;Unknown
;ARM Ampere-1a 192 Core 2600 MHz;192;47202;;NA;Unknown;Unknown
;ARM Apple M1 (Virtual) 4 Core 0 MHz;4;10123;;NA;Unknown;Mobile/Embedded
;ARM Apple M1 Max (Virtual) 10 Core 0 MHz;10;21197;;NA;Unknown;Mobile/Embedded
;ARM ARMv7 rev 1 (v7l) 4 Core 1608 MHz;4;776;;NA;Unknown;Unknown
;ARM ARMv7 rev 1 (v7l) 4 Core 1800 MHz;4;913;;NA;Unknown;Mobile/Embedded
;ARM ARMv7 rev 3 (v7l) 4 Core 2065 MHz;4;984;;NA;Unknown;Mobile/Embedded
;ARM ARMv7 rev 4 (v7l) 4 Core 1200 MHz;4;403;;NA;Unknown;Mobile/Embedded
;ARM ARMv7 rev 4 (v7l) 4 Core 1400 MHz;4;399;;NA;Unknown;Mobile/Embedded
;ARM ARMv7 rev 5 (v7l) 2 Core 0 MHz;2;113;;NA;Unknown;Mobile/Embedded
;ARM ARMv7 rev 5 (v7l) 4 Core 1200 MHz;4;325;;NA;Unknown;Unknown
;ARM ARMv8 6 Core 0 MHz;6;4262;;NA;Unknown;Unknown
;ARM ARMv8 8 Core 2500 MHz;8;4102;;NA;Unknown;Unknown
;ARM ARMv8 rev 1 (v8l) 4 Core 1510 MHz;4;1042;;NA;Unknown;Unknown
;ARM ARMv8 rev 1 (v8l) 4 Core 1984 MHz;4;1473;;NA;Unknown;Mobile/Embedded
;ARM ARMv8 rev 1 (v8l) 6 Core 1510 MHz;6;2553;;NA;Unknown;Mobile/Embedded
;ARM ARMv8 rev 1 (v8l) 6 Core 1984 MHz;6;2776;;NA;Unknown;Mobile/Embedded
;ARM Avalanche-M2 4 Core 2424 MHz;4;8017;;NA;Unknown;Mobile/Embedded
;ARM CIX P1 CD8180 7 Core 2500 MHz;7;5505;;NA;Unknown;Unknown
;ARM Cortex-A15 4 Core 1400 MHz;4;1161;;NA;Unknown;Mobile/Embedded
;ARM Cortex-A15 4 Core 1500 MHz;4;1304;;NA;Unknown;Mobile/Embedded
;ARM Cortex-A15 4 Core 2000 MHz;4;923;;NA;Unknown;Mobile/Embedded
;ARM Cortex-A15 8 Core 1400 MHz;8;1160;;NA;Unknown;Mobile/Embedded
;ARM Cortex-A17 4 Core 1800 MHz;4;781;;NA;Unknown;Mobile/Embedded
;ARM Cortex-A35 4 Core 0 MHz;4;413;;NA;Unknown;Unknown
;ARM Cortex-A35 4 Core 1200 MHz;4;329;;NA;Unknown;Mobile/Embedded
;ARM Cortex-A35 4 Core 1296 MHz;4;322;;NA;Unknown;Mobile/Embedded
;ARM Cortex-A35 4 Core 2004 MHz;4;546;;NA;Unknown;Unknown
;ARM Cortex-A53 1 Core 0 MHz;1;65;;NA;Unknown;Unknown
;ARM Cortex-A53 2 Core 0 MHz;2;161;;NA;Unknown;Mobile/Embedded
;ARM Cortex-A53 4 Core 0 MHz;4;337;;NA;Unknown;Mobile/Embedded
;ARM Cortex-A53 4 Core 1000 MHz;4;215;;NA;Unknown;Mobile/Embedded
;ARM Cortex-A53 4 Core 1008 MHz;4;313;;NA;Unknown;Mobile/Embedded
;ARM Cortex-A53 4 Core 1152 MHz;4;339;;NA;Unknown;Mobile/Embedded
;ARM Cortex-A53 4 Core 1199 MHz;4;408;;NA;Unknown;Mobile/Embedded
;ARM Cortex-A53 4 Core 1200 MHz;4;274;;NA;Unknown;Mobile/Embedded
;ARM Cortex-A53 4 Core 1296 MHz;4;418;;NA;Unknown;Mobile/Embedded
;ARM Cortex-A53 4 Core 1300 MHz;4;438;;NA;Unknown;Mobile/Embedded
;ARM Cortex-A53 4 Core 1333 MHz;4;207;;NA;Unknown;Mobile/Embedded
;ARM Cortex-A53 4 Core 1368 MHz;4;385;;NA;Unknown;Mobile/Embedded
;ARM Cortex-A53 4 Core 1392 MHz;4;417;;NA;Unknown;Mobile/Embedded
;ARM Cortex-A53 4 Core 1400 MHz;4;271;;NA;Unknown;Mobile/Embedded
;ARM Cortex-A53 4 Core 1416 MHz;4;469;;NA;Unknown;Unknown
;ARM Cortex-A53 4 Core 1500 MHz;4;340;;NA;Unknown;Mobile/Embedded
;ARM Cortex-A53 4 Core 1512 MHz;4;470;;NA;Unknown;Mobile/Embedded
;ARM Cortex-A53 4 Core 1536 MHz;4;222;;NA;Unknown;Mobile/Embedded
;ARM Cortex-A53 4 Core 1600 MHz;4;470;;NA;Unknown;Mobile/Embedded
;ARM Cortex-A53 4 Core 1608 MHz;4;462;;NA;Unknown;Mobile/Embedded
;ARM Cortex-A53 4 Core 1704 MHz;4;556;;NA;Unknown;Mobile/Embedded
;ARM Cortex-A53 4 Core 1800 MHz;4;506;;NA;Unknown;Mobile/Embedded
;ARM Cortex-A53 4 Core 1908 MHz;4;638;;NA;Unknown;Mobile/Embedded
;ARM Cortex-A53 4 Core 1968 MHz;4;571;;NA;Unknown;Unknown
;ARM Cortex-A53 4 Core 2016 MHz;4;435;;NA;Unknown;Mobile/Embedded
;ARM Cortex-A53 4 Core 2040 MHz;4;593;;NA;Unknown;Unknown
;ARM Cortex-A53 4 Core 600 MHz;4;220;;NA;Unknown;Mobile/Embedded
;ARM Cortex-A53 6 Core 1896 MHz;6;1851;;NA;Unknown;Mobile/Embedded
;ARM Cortex-A53 8 Core 1512 MHz;8;739;;NA;Unknown;Mobile/Embedded
;ARM Cortex-A55 4 Core 0 MHz;4;258;;NA;Unknown;Unknown
;ARM Cortex-A55 4 Core 1416 MHz;4;505;;NA;Unknown;Mobile/Embedded
;ARM Cortex-A55 4 Core 1800 MHz;4;630;;NA;Unknown;Mobile/Embedded
;ARM Cortex-A55 4 Core 1908 MHz;4;707;;NA;Unknown;Unknown
;ARM Cortex-A55 4 Core 1992 MHz;4;680;;NA;Unknown;Mobile/Embedded
;ARM Cortex-A55 4 Core 2000 MHz;4;711;;NA;Unknown;Unknown
;ARM Cortex-A55 4 Core 2016 MHz;4;755;;NA;Unknown;Unknown
;ARM Cortex-A55 4 Core 2100 MHz;4;695;;NA;Unknown;Mobile/Embedded
;ARM Cortex-A55 4 Core 2124 MHz;4;742;;NA;Unknown;Mobile/Embedded
;ARM Cortex-A55 4 Core 2208 MHz;4;798;;NA;Unknown;Unknown
;ARM Cortex-A55 4 Core 2508 MHz;4;960;;NA;Unknown;Unknown
;ARM Cortex-A55 6 Core 1800 MHz;6;984;;NA;Unknown;Unknown
;ARM Cortex-A55 8 Core 1416 MHz;8;1123;;NA;Unknown;Unknown
;ARM Cortex-A55 8 Core 1500 MHz;8;536;;NA;Unknown;Unknown
;ARM Cortex-A55 8 Core 1800 MHz;8;3163;;NA;Unknown;Mobile/Embedded
;ARM Cortex-A57 2 Core 1479 MHz;2;318;;NA;Unknown;Mobile/Embedded
;ARM Cortex-A57 4 Core 0 MHz;4;866;;NA;Unknown;Mobile/Embedded
;ARM Cortex-A57 4 Core 1479 MHz;4;956;;NA;Unknown;Mobile/Embedded
;ARM Cortex-A57 4 Core 1734 MHz;4;1170;;NA;Unknown;Mobile/Embedded
;ARM Cortex-A57 4 Core 1912 MHz;4;990;;NA;Unknown;Mobile/Embedded
;ARM Cortex-A57 4 Core 2014 MHz;4;1229;;NA;Unknown;Mobile/Embedded
;ARM Cortex-A57 4 Core 2091 MHz;4;1192;;NA;Unknown;Mobile/Embedded
;ARM Cortex-A57 8 Core 1500 MHz;8;1022;;NA;Unknown;Mobile/Embedded
;ARM Cortex-A57 8 Core 1766 MHz;8;3766;;NA;Unknown;Mobile/Embedded
;ARM Cortex-A7 2 Core 1080 MHz;2;142;;NA;Unknown;Mobile/Embedded
;ARM Cortex-A7 2 Core 960 MHz;2;111;;NA;Unknown;Mobile/Embedded
;ARM Cortex-A7 2 Core 996 MHz;2;138;;NA;Unknown;Mobile/Embedded
;ARM Cortex-A7 4 Core 1000 MHz;4;278;;NA;Unknown;Mobile/Embedded
;ARM Cortex-A7 4 Core 1008 MHz;4;269;;NA;Unknown;Mobile/Embedded
;ARM Cortex-A7 4 Core 1200 MHz;4;228;;NA;Unknown;Mobile/Embedded
;ARM Cortex-A7 4 Core 1296 MHz;4;253;;NA;Unknown;Mobile/Embedded
;ARM Cortex-A7 4 Core 1300 MHz;4;343;;NA;Unknown;Mobile/Embedded
;ARM Cortex-A7 4 Core 1368 MHz;4;354;;NA;Unknown;Mobile/Embedded
;ARM Cortex-A7 4 Core 1392 MHz;4;318;;NA;Unknown;Unknown
;ARM Cortex-A7 4 Core 900 MHz;4;231;;NA;Unknown;Mobile/Embedded
;ARM Cortex-A715 4 Core 2200 MHz;4;3432;;NA;Unknown;Unknown
;ARM Cortex-A72 1 Core 0 MHz;1;400;;NA;Unknown;Unknown
;ARM Cortex-A72 16 Core 0 MHz;16;5192;;NA;Unknown;Mobile/Embedded
;ARM Cortex-A72 16 Core 2000 MHz;16;5110;;NA;Unknown;Unknown
;ARM Cortex-A72 16 Core 2200 MHz;16;5470;;NA;Unknown;Mobile/Embedded
;ARM Cortex-A72 2 Core 0 MHz;2;693;;NA;Unknown;Mobile/Embedded
;ARM Cortex-A72 2 Core 1199 MHz;2;509;;NA;Unknown;Unknown
;ARM Cortex-A72 2 Core 1703 MHz;2;795;;NA;Unknown;Unknown
;ARM Cortex-A72 4 Core 0 MHz;4;2088;;NA;Unknown;Mobile/Embedded
;ARM Cortex-A72 4 Core 1000 MHz;4;608;;NA;Unknown;Mobile/Embedded
;ARM Cortex-A72 4 Core 1200 MHz;4;174;;NA;Unknown;Mobile/Embedded
;ARM Cortex-A72 4 Core 1416 MHz;4;927;;NA;Unknown;Mobile/Embedded
;ARM Cortex-A72 4 Core 1500 MHz;4;617;;NA;Unknown;Mobile/Embedded
;ARM Cortex-A72 4 Core 1600 MHz;4;667;;NA;Unknown;Mobile/Embedded
;ARM Cortex-A72 4 Core 1700 MHz;4;541;;NA;Unknown;Mobile/Embedded
;ARM Cortex-A72 4 Core 1750 MHz;4;335;;NA;Unknown;Mobile/Embedded
;ARM Cortex-A72 4 Core 1800 MHz;4;678;;NA;Unknown;Mobile/Embedded
;ARM Cortex-A72 4 Core 1850 MHz;4;199;;NA;Unknown;Mobile/Embedded
;ARM Cortex-A72 4 Core 1900 MHz;4;742;;NA;Unknown;Mobile/Embedded
;ARM Cortex-A72 4 Core 2000 MHz;4;765;;NA;Unknown;Mobile/Embedded
;ARM Cortex-A72 4 Core 2016 MHz;4;2201;;NA;Unknown;Unknown
;ARM Cortex-A72 4 Core 2100 MHz;4;674;;NA;Unknown;Mobile/Embedded
;ARM Cortex-A72 4 Core 2200 MHz;4;795;;NA;Unknown;Mobile/Embedded
;ARM Cortex-A72 4 Core 2208 MHz;4;2290;;NA;Unknown;Unknown
;ARM Cortex-A72 4 Core 2300 MHz;4;905;;NA;Unknown;Mobile/Embedded
;ARM Cortex-A72 4 Core 2394 MHz;4;1254;;NA;Unknown;Mobile/Embedded
;ARM Cortex-A72 4 Core 2400 MHz;4;1158;;NA;Unknown;Mobile/Embedded
;ARM Cortex-A72 4 Core 2800 MHz;4;314;;NA;Unknown;Mobile/Embedded
;ARM Cortex-A72 4 Core 800 MHz;4;279;;NA;Unknown;Mobile/Embedded
;ARM Cortex-A72 6 Core 1008 MHz;6;734;;NA;Unknown;Mobile/Embedded
;ARM Cortex-A72 6 Core 1416 MHz;6;1071;;NA;Unknown;Mobile/Embedded
;ARM Cortex-A72 6 Core 1512 MHz;6;1183;;NA;Unknown;Mobile/Embedded
;ARM Cortex-A72 8 Core 0 MHz;8;3254;;NA;Unknown;Mobile/Embedded
;ARM Cortex-A72 8 Core 2016 MHz;8;2208;;NA;Unknown;Unknown
;ARM Cortex-A720 12 Core 2600 MHz;12;6920;;NA;Unknown;Unknown
;ARM Cortex-A720 8 Core 2600 MHz;8;6141;;NA;Unknown;Unknown
;ARM Cortex-A73 4 Core 0 MHz;4;908;;NA;Unknown;Unknown
;ARM Cortex-A73 4 Core 1800 MHz;4;891;;NA;Unknown;Unknown
;ARM Cortex-A73 4 Core 1844 MHz;4;1368;;NA;Unknown;Mobile/Embedded
;ARM Cortex-A73 4 Core 1900 MHz;4;1547;;NA;Unknown;Mobile/Embedded
;ARM Cortex-A73 4 Core 1989 MHz;4;1780;;NA;Unknown;Mobile/Embedded
;ARM Cortex-A73 4 Core 2100 MHz;4;1185;;NA;Unknown;Mobile/Embedded
;ARM Cortex-A73 6 Core 1896 MHz;6;1242;;NA;Unknown;Unknown
;ARM Cortex-A73 6 Core 1992 MHz;6;1311;;NA;Unknown;Mobile/Embedded
;ARM Cortex-A73 6 Core 2016 MHz;6;1445;;NA;Unknown;Mobile/Embedded
;ARM Cortex-A73 8 Core 1989 MHz;8;1803;;NA;Unknown;Unknown
;ARM Cortex-A76 2 Core 0 MHz;2;1949;;NA;Unknown;Unknown
;ARM Cortex-A76 4 Core 1500 MHz;4;1488;;NA;Unknown;Unknown
;ARM Cortex-A76 4 Core 1608 MHz;4;2698;;NA;Unknown;Unknown
;ARM Cortex-A76 4 Core 1800 MHz;4;3117;;NA;Unknown;Mobile/Embedded
;ARM Cortex-A76 4 Core 2000 MHz;4;1513;;NA;Unknown;Unknown
;ARM Cortex-A76 4 Core 2400 MHz;4;2175;;NA;Unknown;Mobile/Embedded
;ARM Cortex-A76 4 Core 2500 MHz;4;2342;;NA;Unknown;Unknown
;ARM Cortex-A76 4 Core 2600 MHz;4;2327;;NA;Unknown;Mobile/Embedded
;ARM Cortex-A76 4 Core 2700 MHz;4;2383;;NA;Unknown;Mobile/Embedded
;ARM Cortex-A76 4 Core 2800 MHz;4;2477;;NA;Unknown;Mobile/Embedded
;ARM Cortex-A76 4 Core 2900 MHz;4;2624;;NA;Unknown;Mobile/Embedded
;ARM Cortex-A76 4 Core 3000 MHz;4;2595;;NA;Unknown;Mobile/Embedded
;ARM Cortex-A76 4 Core 3100 MHz;4;2734;;NA;Unknown;Unknown
;ARM Cortex-A76 4 Core 3200 MHz;4;2579;;NA;Unknown;Mobile/Embedded
;ARM Cortex-A76 4 Core 3300 MHz;4;2493;;NA;Unknown;Mobile/Embedded
;ARM Cortex-A76 4 Core 3400 MHz;4;2580;;NA;Unknown;Mobile/Embedded
;ARM Cortex-A76 8 Core 0 MHz;8;1917;;NA;Unknown;Mobile/Embedded
;ARM Cortex-A76 8 Core 1800 MHz;8;3064;;NA;Unknown;Mobile/Embedded
;ARM Cortex-A78 4 Core 1958 MHz;4;3150;;NA;Unknown;Unknown
;ARM Cortex-A78 4 Core 2000 MHz;4;3016;;NA;Unknown;Laptop, Mobile/Embedded
;ARM Cortex-A78 8 Core;8;2845;;NA;Unknown;Laptop, Mobile/Embedded
;ARM Cortex-A78AE 10 Core 2112 MHz;10;5520;;NA;Unknown;Unknown
;ARM Cortex-A78AE 12 Core 2201 MHz;12;6849;;NA;Unknown;Unknown
;ARM Cortex-A78AE 6 Core 1510 MHz;6;2631;;NA;Unknown;Unknown
;ARM Cortex-A78AE 6 Core 1728 MHz;6;2801;;NA;Unknown;Unknown
;ARM Cortex-A78AE 8 Core 1984 MHz;8;3764;;NA;Unknown;Unknown
;ARM Cortex-A78AE 8 Core 2201 MHz;8;3788;;NA;Unknown;Unknown
;ARM Cortex-X1 4 Core 0 MHz;4;2326;;NA;Unknown;Unknown
;ARM Cortex-X1 4 Core 1803 MHz;4;2348;;NA;Unknown;Unknown
;ARM Cortex-X1C 4 Core 2438 MHz;4;6007;;NA;Unknown;Unknown
;ARM D2000/8 8 Core 2300 MHz;8;2674;;NA;Unknown;Mobile/Embedded
;ARM Falkor V1/Kryo 4 Core 1612 MHz;4;1453;;NA;Unknown;Unknown
;ARM Falkor V1/Kryo 8 Core 1900 MHz;8;1652;;NA;Unknown;Mobile/Embedded
;ARM Falkor-V1/Kryo 4 Core 1900 MHz;4;1656;;NA;Unknown;Unknown
;ARM Firestorm 4 Core 2064 MHz;4;7804;;NA;Unknown;Mobile/Embedded
;ARM Firestorm 8 Core 2064 MHz;8;6775;;NA;Unknown;Mobile/Embedded
;ARM Firestorm-M1 4 Core 2064 MHz;4;7752;;NA;Unknown;Mobile/Embedded
;ARM Firestorm-M1-Pro 8 Core 2064 MHz;8;9872;;NA;Unknown;Unknown
;ARM FT-2000+/64 64 Core 0 MHz;64;9605;;NA;Unknown;Mobile/Embedded
;ARM FT-2000/4 4 Core 2200 MHz;4;881;;NA;Unknown;Mobile/Embedded
;ARM FTC662 64 Core 0 MHz;64;8008;;NA;Unknown;Mobile/Embedded
;ARM FTC663 8 Core 0 MHz;8;2408;;NA;Unknown;Unknown
;ARM HUAWEI,Kunpeng 920 24 Core 2600 MHz;24;9496;;NA;Unknown;Mobile/Embedded
;ARM Krait 4 Core 0 MHz;4;393;;NA;Unknown;Mobile/Embedded
;ARM Kryo-3XX-Gold 4 Core 1766 MHz;4;2222;;NA;Unknown;Unknown
;ARM Kryo-3XX-Gold 8 Core 1766 MHz;8;2372;;NA;Unknown;Unknown
;ARM Kryo-4XX-Gold 1 Core 0 MHz;1;769;;NA;Unknown;Unknown
;ARM Kryo-4XX-Gold 8 Core 0 MHz;8;3864;;NA;Unknown;Unknown
;ARM Kryo-4XX-Gold 8 Core 1804 MHz;8;2531;;NA;Unknown;Mobile/Embedded
;ARM Kryo-4XX-Silver 4 Core 1804 MHz;4;3172;;NA;Unknown;Unknown
;ARM Kunpeng-920 16 Core 0 MHz;16;7202;;NA;Unknown;Unknown
;ARM Kunpeng-920 24 Core 0 MHz;24;8870;;NA;Unknown;Mobile/Embedded
;ARM Kunpeng-920 24 Core 2600 MHz;24;9841;;NA;Unknown;Unknown
;ARM Kunpeng-920 8 Core 0 MHz;8;3989;;NA;Unknown;Mobile/Embedded
;ARM Kunpeng-920 8 Core 2600 MHz;8;3910;;NA;Unknown;Mobile/Embedded
;ARM Neoverse-N1 1 Core 0 MHz;1;724;;NA;Unknown;Server
;ARM Neoverse-N1 10 Core 0 MHz;10;7390;;NA;Unknown;Server
;ARM Neoverse-N1 12 Core 0 MHz;12;8994;;NA;Unknown;Server
;ARM Neoverse-N1 128 Core 2800 MHz;128;43111;;NA;Unknown;Server
;ARM Neoverse-N1 128 Core 3000 MHz;128;39163;;NA;Unknown;Server
;ARM Neoverse-N1 16 Core 0 MHz;16;11459;;NA;Unknown;Server
;ARM Neoverse-N1 2 Core 0 MHz;2;1514;;NA;Unknown;Server
;ARM Neoverse-N1 3 Core 0 MHz;3;2385;;NA;Unknown;Unknown
;ARM Neoverse-N1 32 Core 0 MHz;32;17384;;NA;Unknown;Server
;ARM Neoverse-N1 32 Core 1700 MHz;32;11841;;NA;Unknown;Server
;ARM Neoverse-N1 4 Core 0 MHz;4;3119;;NA;Unknown;Server
;ARM Neoverse-N1 48 Core 0 MHz;48;27266;;NA;Unknown;Server
;ARM Neoverse-N1 6 Core 0 MHz;6;4575;;NA;Unknown;Server
;ARM Neoverse-N1 60 Core 0 MHz;60;30828;;NA;Unknown;Server
;ARM Neoverse-N1 64 Core 0 MHz;64;28040;;NA;Unknown;Server
;ARM Neoverse-N1 64 Core 2200 MHz;64;20250;;NA;Unknown;Unknown
;ARM Neoverse-N1 64 Core 3000 MHz;64;17515;;NA;Unknown;Unknown
;ARM Neoverse-N1 8 Core 0 MHz;8;5976;;NA;Unknown;Server
;ARM Neoverse-N1 80 Core 0 MHz;80;34878;;NA;Unknown;Server
;ARM Neoverse-N1 80 Core 2600 MHz;80;18823;;NA;Unknown;Server
;ARM Neoverse-N1 80 Core 2800 MHz;80;11755;;NA;Unknown;Server
;ARM Neoverse-N1 80 Core 3000 MHz;80;35253;;NA;Unknown;Server
;ARM Neoverse-N1 96 Core 2800 MHz;96;29890;;NA;Unknown;Unknown
;ARM Neoverse-N2 16 Core 0 MHz;16;14636;;NA;Unknown;Unknown
;ARM Neoverse-N2 2 Core 0 MHz;2;1987;;NA;Unknown;Unknown
;ARM Neoverse-N2 8 Core 2500 MHz;8;5544;;NA;Unknown;Unknown
;ARM Neoverse-V1 1 Core 0 MHz;1;785;;NA;Unknown;Unknown
;ARM Neoverse-V1 16 Core 0 MHz;16;11519;;NA;Unknown;Server
;ARM Neoverse-V1 2 Core 0 MHz;2;1567;;NA;Unknown;Server
;ARM Neoverse-V1 4 Core 0 MHz;4;3084;;NA;Unknown;Server
;ARM Neoverse-V2 1 Core 0 MHz;1;944;;NA;Unknown;Unknown
;ARM Neoverse-V2 2 Core 0 MHz;2;1991;;NA;Unknown;Unknown
;ARM Neoverse-V2 4 Core 0 MHz;4;3940;;NA;Unknown;Unknown
;ARM Neoverse-V2 72 Core 3447 MHz;72;57299;;NA;Unknown;Unknown
;ARM Neoverse-V2 72 Core 3465 MHz;72;57369;;NA;Unknown;Unknown
;ARM Neoverse-V2 72 Core 3519 MHz;72;57240;;NA;Unknown;Server
;ARM Neoverse-V2 96 Core 0 MHz;96;56557;;NA;Unknown;Unknown
;ARM Oryon 12 Core 3417 MHz;12;14036;;NA;Unknown;Unknown
;ARM Oryon 8 Core 0 MHz;8;4955;;NA;Unknown;Unknown
;ARM Phytium D3000 8 Core 2500 MHz;8;5528;;NA;Unknown;Unknown
;ARM phytium FT1500a 4 Core 2000 MHz;4;1579;;NA;Unknown;Mobile/Embedded
;ARM Phytium,D2000/8 8 Core 2000 MHz;8;2409;;NA;Unknown;Mobile/Embedded
;ARM Phytium,D2000/8 8 Core 2300 MHz;8;2690;;NA;Unknown;Mobile/Embedded
;ARM Phytium,D2000/8 E8C 8 Core 2300 MHz;8;2522;;NA;Unknown;Mobile/Embedded
;ARM Phytium,FT-2000/4 4 Core 0 MHz;4;1658;;NA;Unknown;Mobile/Embedded
;ARM Phytium,FT-2000/4 8 Core 2300 MHz;8;2720;;NA;Unknown;Mobile/Embedded
;ARM Phytium,FT-D3000 8 Core 2500 MHz;8;5601;;NA;Unknown;Unknown
;ARM Phytium-D3000M 8-C 8 Core 1800 MHz;8;4541;;NA;Unknown;Unknown
;ARM X-Gene 32 Core 3000 MHz;32;8202;;NA;Unknown;Mobile/Embedded
;ARM X-Gene 32 Core 3300 MHz;32;8684;;NA;Unknown;Mobile/Embedded
;ARM X-Gene 8 Core 0 MHz;8;1091;;NA;Unknown;Mobile/Embedded
;ASUS Tinker Board 2/2S;6;1771;;NA;Unknown;Mobile/Embedded
;Athlon 64 Dual Core 3800+;2;736;;35;Unknown;Unknown
;Athlon 64 Dual Core 5000+;2;850;;89;Unknown;Desktop
;Athlon 64 Dual Core 5600+;2;875;;65;AM2;Desktop
;Athlon Dual Core 4050e;2;670;;45;AM2;Desktop
;Athlon Dual Core 4450e;2;681;;45;AM2;Desktop
;Athlon Dual Core 4850e;2;769;;45;AM2;Desktop
;BCM2711;4;852;;NA;Unknown;Mobile/Embedded
;BCM2712;4;3284;;NA;Unknown;Mobile/Embedded
;BCM2835;4;1239;;NA;Unknown;Mobile/Embedded
;Broadcom BCM2712;4;4376;;NA;Unknown;Mobile/Embedded
;Broadcom STB (Flattened Device Tree);4;659;;NA;Unknown;Mobile/Embedded
;Celeron Dual-Core T3000 @ 1.80GHz;2;643;;35;PGA478;Laptop
;Celeron Dual-Core T3100 @ 1.90GHz;2;613;;35;BGA479;Laptop
;Celeron Dual-Core T3300 @ 2.00GHz;2;633;;35;Î¼FCPGA-478;Laptop
;Celeron Dual-Core T3500 @ 2.10GHz;2;764;;35;PGA478;Laptop
;CentaurHauls @2000MHz;8;6549;;NA;Unknown;Desktop
;CentaurHauls @2400MHz;8;7784;;NA;Unknown;Unknown
;CentaurHauls @2500MHz;8;8014;;NA;Unknown;Desktop
;CIX P1 CD8180;12;9277;;NA;Unknown;Desktop, Laptop
;Common KVM v2;1;2127;;NA;Unknown;Unknown
;Cortex-A76;4;51;;NA;Unknown;Unknown
;DG1201SLF87HW;8;2369;;NA;Unknown;Unknown
;DG1301SML87HY;8;3624;;NA;Unknown;Unknown
;DG1401SNF87ID;8;3645;;NA;Unknown;Unknown
;DG1701SNF87IG;8;2981;;NA;Unknown;Unknown
;DO-Regular;1;1077;;NA;Unknown;Unknown
;Dual-Core AMD Opteron 1220 SE;2;748;;103;AM2;Server
;Embedded Ryzen V4728X;4;24000;;NA;Unknown;Unknown
;Essgoo;4;497;;NA;Unknown;Mobile/Embedded
;Fabrikams XY9 @ 3.15 GHz;8;6715;;NA;Unknown;Laptop
;Firestorm-M1;4;4295;;NA;Unknown;Unknown
;General Purpose;1;3396;;NA;Unknown;Unknown
;Generic DT based system;4;639;;NA;Unknown;Mobile/Embedded
;Giada JHS558 (Android);6;2022;;NA;Unknown;Mobile/Embedded
;Google GS201;8;7199;;NA;Unknown;Mobile/Embedded
;Google R11 BtWifi Evt1.1;2;187;;NA;Unknown;Mobile/Embedded
;Google Tensor;8;6693;;NA;Unknown;Mobile/Embedded
;Google Tensor G3;9;8029;;NA;Unknown;Mobile/Embedded
;Google Tensor G4;8;8267;;NA;Unknown;Mobile/Embedded
;Google Tensor G5;8;12605;;NA;Unknown;Mobile/Embedded
;Grandstream GXV3480 Video Phone;4;1078;;NA;Unknown;Mobile/Embedded
;Hardkernel ODROID-N2Plus;6;2115;;NA;Unknown;Mobile/Embedded
;Haydn based on Qualcomm Technologies, Inc SM8350;8;5359;;NA;Unknown;Mobile/Embedded
;hi6210sft;8;796;;NA;Unknown;Mobile/Embedded
;hi6620oem;4;396;;NA;Unknown;Mobile/Embedded
;High Performance Datacenter v;1;1610;;NA;Unknown;Unknown
;HiSilicon Kirin;8;6385;;NA;Unknown;Mobile/Embedded
;HiSilicon Kirin 659;8;1893;;NA;Unknown;Mobile/Embedded
;Hisilicon Kirin 925;8;1053;;NA;Unknown;Mobile/Embedded
;Hisilicon Kirin 930;8;1415;;NA;Unknown;Mobile/Embedded
;Hisilicon Kirin 935;8;1599;;NA;Unknown;Mobile/Embedded
;HiSilicon Kirin 950;8;2457;;NA;Unknown;Mobile/Embedded
;Hisilicon Kirin 955;8;2936;;NA;Unknown;Mobile/Embedded
;HiSilicon Kirin 960;8;2897;;NA;Unknown;Mobile/Embedded
;HiSilicon Kirin 970;8;2908;;NA;Unknown;Mobile/Embedded
;Hisilicon Kirin 990;4;3965;;NA;Unknown;Mobile/Embedded
;Hisilicon Kirin710;8;2447;;NA;Unknown;Mobile/Embedded
;Hisilicon Kirin810;8;2945;;NA;Unknown;Mobile/Embedded
;Hisilicon Kirin820;8;4368;;NA;Unknown;Mobile/Embedded
;Hisilicon Kirin9000;8;5083;;NA;Unknown;Mobile/Embedded
;Hisilicon Kirin970;8;2690;;NA;Unknown;Mobile/Embedded
;Hisilicon Kirin980;8;4392;;NA;Unknown;Mobile/Embedded
;Hisilicon Kirin985;8;4162;;NA;Unknown;Mobile/Embedded
;HP Hexa-Core 2.0GHz;4;1741;;NA;Unknown;Unknown
;Hygon C86 3185 8-core;8;9243;;95;Unknown;Desktop
;Hygon C86 3250 8-core;8;11424;;NA;Unknown;Desktop
;Hygon C86 3330 4-core;4;6031;;35;Unknown;Desktop
;Hygon C86 3350 8-core;8;12795;;NA;Unknown;Unknown
;Hygon C86 52xx series;4;4080;;NA;Unknown;Desktop
;Hygon C86 7255 16-core;16;18831;;NA;Unknown;Server
;Hygon C86-3G;8;12691;;NA;Unknown;Unknown
;Hygon C86-3G (OPN 3350M);8;4660;;NA;Unknown;Unknown
;Hygon C86-3G (OPN:3350);8;11328;;NA;Unknown;Server
;Hygon C86-3G (OPN:3350M);8;4658;;NA;Unknown;Unknown
;Hygon C86-3G-3G (OPN:3350);8;11712;;NA;Unknown;Unknown
;Hygon C86-4G (OPN:3490);16;21968;;NA;Unknown;Unknown
;Hygon C86-4G (OPN:5440);16;21230;;NA;Unknown;Unknown
;Intel 2.80GHz;2;341;;NA;Unknown;Unknown
;Intel 3 N350;8;4877;;7;FCBGA1264;Mobile/Embedded
;Intel 3 N355;8;10481;;15;FCBGA1264;Mobile/Embedded
;Intel 300;2;7247;;46;FCLGA1700;Desktop
;Intel 300T;2;6084;;35;FCLGA1700;Desktop
;Intel Atom 230 @ 1.60GHz;1;169;;4;BGA437;Desktop
;Intel Atom 330 @ 1.60GHz;2;381;;8;BGA437;Desktop
;Intel Atom C1110;4;3170;;13;Unknown;Mobile/Embedded
;Intel Atom C2338 @ 1.74GHz;2;584;;7;FCBGA1283;Laptop
;Intel Atom C2350 @ 1.74GHz;2;520;;6;FCBGA1283;Server
;Intel Atom C2358 @ 1.74GHz;2;562;;7;FCBGA1283;Laptop
;Intel Atom C2538 @ 2.40GHz;4;968;;15;FCBGA1283;Laptop
;Intel Atom C2550 @ 2.40GHz;4;1422;;14;FCBGA1283;Server
;Intel Atom C2558 @ 2.40GHz;4;1424;;15;BGA 1283;Laptop, Mobile/Embedded
;Intel Atom C2750 @ 2.40GHz;8;2787;;20;FCBGA1283;Server
;Intel Atom C2750 @ 2.41GHz;8;2174;;20;BGA 1283;Server
;Intel Atom C2758 @ 2.40GHz;8;2317;;20;BGA 1283;Laptop, Mobile/Embedded
;Intel Atom C3338 @ 1.50GHz;2;1028;;8.5;FCBGA1310;Server, Mobile/Embedded
;Intel Atom C3508 @ 1.60GHz;4;1831;;11.5;FCBGA1310;Server
;Intel Atom C3538 @ 2.10GHz;4;1910;;15;FCBGA1310;Server
;Intel Atom C3558 @ 2.20GHz;4;2431;;16;FCBGA1310;Server
;Intel Atom C3708 @ 1.70GHz;8;3750;;17;FCBGA1310;Server
;Intel Atom C3758 @ 2.20GHz;8;4614;;25;FCBGA1310;Server
;Intel Atom C3758R @ 2.40GHz;8;5100;;26;FCBGA1310;Server
;Intel Atom C3808 @ 2.00GHz;12;5671;;25;FCBGA1310;Server
;Intel Atom C3858 @ 2.00GHz;12;5040;;25;FCBGA1310;Server
;Intel Atom C3958 @ 2.00GHz;16;3929;;31;FCBGA1310;Server
;Intel Atom C5125;8;8631;;50;FCBGA2106;Server
;Intel Atom D2500 @ 1.86GHz;2;251;;10;BGA559;Desktop
;Intel Atom D2550 @ 1.86GHz;2;409;;10;BGA559;Desktop
;Intel Atom D2560 @ 2.00GHz;2;433;;10;Unknown;Desktop
;Intel Atom D2700 @ 2.13GHz;2;467;;10;BGA559;Desktop
;Intel Atom D2701 @ 2.13GHz;2;515;;10;BGA559;Laptop
;Intel Atom D410 @ 1.66GHz;1;180;;10;BGA559;Desktop
;Intel Atom D425 @ 1.80GHz;1;185;;10;BGA559;Desktop
;Intel Atom D510 @ 1.66GHz;2;406;;13;BGA559;Desktop
;Intel Atom D525 @ 1.80GHz;2;397;;13;BGA559;Desktop
;Intel Atom E3805 @ 1.33GHz;2;406;;3;FCBGA1170;Mobile/Embedded
;Intel Atom E3815 @ 1.46GHz;1;193;;5;FCBGA1170;Desktop
;Intel Atom E3825 @ 1.33GHz;2;378;;6;FCBGA1170;Desktop
;Intel Atom E3826 @ 1.46GHz;2;334;;7;FCBGA1170;Laptop
;Intel Atom E3827 @ 1.74GHz;2;480;;8;FCBGA1170;Laptop
;Intel Atom E3840 @ 1.91GHz;4;704;;NA;Unknown;Mobile/Embedded
;Intel Atom E3845 @ 1.91GHz;4;1069;;10;FCBGA1170;Desktop
;Intel Atom E3900 @ 1.60GHz;4;1953;;NA;Unknown;Laptop
;Intel Atom N2100 @ 1.60GHz;1;193;;NA;BGA559;Laptop
;Intel Atom N2600 @ 1.60GHz;2;344;;3.5;BGA559;Laptop
;Intel Atom N270 @ 1.60GHz;1;136;;2.5;BGA437;Laptop
;Intel Atom N280 @ 1.66GHz;1;157;;2.5;BGA437;Laptop
;Intel Atom N2800 @ 1.86GHz;2;444;;6.5;BGA559;Laptop
;Intel Atom N435 @ 1.33GHz;1;153;;NA;Unknown;Unknown
;Intel Atom N450 @ 1.66GHz;1;202;;5.5;BGA559;Laptop
;Intel Atom N455 @ 1.66GHz;1;188;;6.5;BGA559;Laptop
;Intel Atom N470 @ 1.83GHz;1;224;;6.5;BGA559;Laptop
;Intel Atom N475 @ 1.83GHz;1;179;;6.5;BGA559;Laptop
;Intel Atom N550 @ 1.50GHz;2;304;;8.5;BGA559;Laptop
;Intel Atom N570 @ 1.66GHz;2;360;;8.5;BGA559;Laptop
;Intel Atom P5322;8;7378;;55;FCBGA2106;Server
;Intel Atom P5342;16;13085;;71;FCBGA2106;Server
;Intel Atom P5362;24;17276;;83;FCBGA2106;Server
;Intel Atom S1260 @ 2.00GHz;2;526;;8.5;FCBGA1283;Server
;Intel Atom T5700 @ 1.70GHz;4;2363;;NA;Unknown;Laptop
;Intel Atom x5-E3930 @ 1.30GHz;2;928;;6.5;BGA1296;Laptop
;Intel Atom x5-E3940 @ 1.60GHz;4;1908;;9.5;BGA1296;Laptop
;Intel Atom x5-E8000 @ 1.04GHz;4;971;;5;FCBGA1170;Laptop
;Intel Atom x5-Z8300 @ 1.44GHz;4;840;;4;UTFCBGA592;Laptop, Mobile/Embedded
;Intel Atom x5-Z8330 @ 1.44GHz;4;803;;4;Unknown;Laptop
;Intel Atom x5-Z8350 @ 1.44GHz;4;894;;4;UTFCBGA592;Laptop
;Intel Atom x5-Z8500 @ 1.44GHz;4;1242;;4;UTFCBGA1380;Laptop
;Intel Atom x5-Z8550 @ 1.44GHz;4;1143;;4;UTFCBGA1380;Laptop, Mobile/Embedded
;Intel Atom x6211E @ 1.20GHz;2;1695;;6;FCBGA1493;Mobile/Embedded
;Intel Atom x6211E @ 1.30GHz;2;1762;;6;FCBGA1493;Mobile/Embedded
;Intel Atom x6214RE @ 1.40GHz;2;1109;;6;FCBGA1493;Mobile/Embedded
;Intel Atom x6413E @ 1.50GHz;4;3917;;9;FCBGA1493;Mobile/Embedded
;Intel Atom x6414RE @ 1.50GHz;4;2128;;9;FCBGA1493;Mobile/Embedded
;Intel Atom x6425E @ 2.00GHz;4;3675;;12;FCBGA1493;Mobile/Embedded
;Intel Atom x6425RE @ 1.90GHz;4;2819;;12;FCBGA1493;Mobile/Embedded
;Intel Atom x6427FE @ 1.90GHz;4;3196;;12;FCBGA1493;Mobile/Embedded
;Intel Atom x7-E3950 @ 1.60GHz;4;2071;;12;BGA1296;Laptop
;Intel Atom x7-Z8700 @ 1.60GHz;4;1325;;4;BGA1380;Laptop
;Intel Atom x7-Z8750 @ 1.60GHz;4;1294;;4;UTFCBGA1380;Laptop
;Intel Atom x7211E;2;2553;;6;FCBGA1264;Mobile/Embedded
;Intel Atom x7211RE;2;2188;;6;FCBGA1264;Mobile/Embedded
;Intel Atom x7213RE;2;2425;;9;FCBGA1264;Mobile/Embedded
;Intel Atom x7405C;4;5722;;12;FCBGA1264;Mobile/Embedded
;Intel Atom x7425E;4;5427;;12;FCBGA1264;Mobile/Embedded
;Intel Atom x7433RE;4;4049;;9;FCBGA1264;Mobile/Embedded
;Intel Atom x7835RE;8;6513;;12;FCBGA1264;Mobile/Embedded
;Intel Atom Z2760 @ 1.80GHz;2;298;;NA;FC-MB4760;Laptop
;Intel Atom Z3530 @ 1.33GHz;4;565;;NA;FC-MB5T1064;Mobile/Embedded
;Intel Atom Z3560 @ 1.00GHz;4;749;;NA;Unknown;Mobile/Embedded
;Intel Atom Z3560 @ 1.83GHz;4;690;;NA;Unknown;Mobile/Embedded
;Intel Atom Z3580 @ 1.33GHz;4;802;;NA;Unknown;Laptop, Mobile/Embedded
;Intel Atom Z3735D @ 1.33GHz;4;704;;4.4;Unknown;Laptop
;Intel Atom Z3735E @ 1.33GHz;4;557;;4.4;UTFCBGA1380;Laptop
;Intel Atom Z3735F @ 1.33GHz;4;543;;4.4;UTFCBGA592;Laptop
;Intel Atom Z3735G @ 1.33GHz;4;772;;4.4;Unknown;Laptop
;Intel Atom Z3736F @ 1.33GHz;4;496;;4.4;UTFCBGA592;Laptop
;Intel Atom Z3740 @ 1.33GHz;4;638;;4;UTFCBGA1380;Laptop
;Intel Atom Z3740D @ 1.33GHz;4;618;;4.4;UTFCBGA1380;Laptop
;Intel Atom Z3745 @ 1.33GHz;4;621;;4;UTFCBGA1380;Laptop
;Intel Atom Z3745D @ 1.33GHz;4;599;;4.4;Unknown;Laptop
;Intel Atom Z3770 @ 1.46GHz;4;728;;4;UTFCBGA1380;Laptop
;Intel Atom Z3770D @ 1.49GHz;4;488;;4.4;BGA1380;Laptop
;Intel Atom Z3775 @ 1.46GHz;4;702;;4;UTFCBGA1380;Laptop
;Intel Atom Z3775D @ 1.49GHz;4;794;;4.4;UTFCBGA1380;Laptop
;Intel Atom Z3795 @ 1.60GHz;4;1196;;4;UTFCBGA1380;Laptop
;Intel Atom Z520 @ 1.33GHz;1;122;;2;BGA441;Laptop
;Intel Atom Z530 @ 1.60GHz;1;183;;2;BGA441;Laptop
;Intel Atom Z670 @ 1.50GHz;1;158;;3;BGA518;Laptop
;Intel CC150 @ 3.50GHz;8;14312;;NA;FCLGA1151;Unknown
;Intel Celeron 1.70GHz;1;101;;NA;Unknown;Unknown
;Intel Celeron 1.80GHz;1;96;;66.1;PPGA478;Desktop
;Intel Celeron 1000M @ 1.80GHz;2;1071;;35;FCPGA988;Laptop
;Intel Celeron 1000MHz;1;139;;NA;Unknown;Unknown
;Intel Celeron 1005M @ 1.90GHz;2;1116;;35;FCPGA988;Laptop
;Intel Celeron 1007U @ 1.50GHz;2;848;;17;FCBGA1023;Laptop
;Intel Celeron 1017U @ 1.60GHz;2;878;;17;FCBGA1023;Laptop
;Intel Celeron 1019Y @ 1.00GHz;2;576;;10;FCBGA1023;Desktop
;Intel Celeron 1020E @ 2.20GHz;2;1406;;35; 	FCBGA1023, FCP;Laptop
;Intel Celeron 1020M @ 2.10GHz;2;1275;;35;FCPGA988;Laptop
;Intel Celeron 1037U @ 1.80GHz;2;1030;;17;FCBGA1023;Laptop
;Intel Celeron 1047UE @ 1.40GHz;2;748;;17;FCBGA1023;Desktop
;Intel Celeron 1100MHz;1;113;;NA;Unknown;Unknown
;Intel Celeron 1200MHz;1;159;;NA;Unknown;Unknown
;Intel Celeron 2.00GHz;1;125;;52.8;PPGA478;Desktop
;Intel Celeron 2.13GHz;1;166;;NA;Unknown;Unknown
;Intel Celeron 2.20GHz;1;139;;NA;Unknown;Unknown
;Intel Celeron 2.26GHz;1;182;;NA;Unknown;Unknown
;Intel Celeron 2.30GHz;1;148;;NA;Unknown;Unknown
;Intel Celeron 2.40GHz;1;143;;NA;Unknown;Unknown
;Intel Celeron 2.50GHz;1;164;;NA;Unknown;Unknown
;Intel Celeron 2.53GHz;1;222;;NA;Unknown;Unknown
;Intel Celeron 2.60GHz;1;143;;NA;Unknown;Unknown
;Intel Celeron 2.66GHz;1;131;;NA;Unknown;Unknown
;Intel Celeron 2.70GHz;1;159;;NA;Unknown;Unknown
;Intel Celeron 2.80GHz;1;190;;68.4;PPGA478;Desktop
;Intel Celeron 2.93GHz;1;230;;NA;Unknown;Unknown
;Intel Celeron 2000E @ 2.20GHz;2;1607;;37;FCBGA1364;Laptop
;Intel Celeron 2002E @ 1.50GHz;2;1091;;25;FCBGA1364;Laptop
;Intel Celeron 215 @ 1.33GHz;1;174;;27;BGA479;Laptop
;Intel Celeron 220 @ 1.20GHz;1;209;;19;BGA479;Desktop
;Intel Celeron 2950M @ 2.00GHz;2;1238;;37;FCPGA946;Laptop
;Intel Celeron 2955U @ 1.40GHz;2;909;;15;FCBGA1168;Laptop
;Intel Celeron 2957U @ 1.40GHz;2;857;;15;FCBGA1168;Laptop
;Intel Celeron 2961Y @ 1.10GHz;2;684;;11.5;Unknown;Laptop
;Intel Celeron 2970M @ 2.20GHz;2;1501;;37;FCPGA946;Laptop
;Intel Celeron 2980U @ 1.60GHz;2;1092;;15;FCBGA1168;Laptop
;Intel Celeron 2981U @ 1.60GHz;2;1036;;15;BGA1168;Laptop
;Intel Celeron 3.06GHz;1;307;;NA;Unknown;Unknown
;Intel Celeron 3.20GHz;1;267;;NA;Unknown;Unknown
;Intel Celeron 3.33GHz;1;263;;NA;Unknown;Unknown
;Intel Celeron 3205U @ 1.50GHz;2;961;;15;FCBGA1168;Laptop
;Intel Celeron 3215U @ 1.70GHz;2;1102;;15;FCBGA1168;Laptop
;Intel Celeron 3755U @ 1.70GHz;2;1182;;15;FCBGA1168;Laptop
;Intel Celeron 3765U @ 1.90GHz;2;1252;;15;FCBGA1168;Laptop
;Intel Celeron 3855U @ 1.60GHz;2;1215;;15;FCBGA1356;Laptop
;Intel Celeron 3865U @ 1.80GHz;2;1347;;15;BGA1356;Laptop
;Intel Celeron 3867U @ 1.80GHz;2;1441;;15;FCBGA1356;Laptop
;Intel Celeron 3955U @ 2.00GHz;2;1443;;15;FCBGA1356;Laptop
;Intel Celeron 3965U @ 2.20GHz;2;1753;;15;FCBGA1356;Laptop
;Intel Celeron 3965Y @ 1.50GHz;2;1201;;6;FCBGA1515;Laptop
;Intel Celeron 420 @ 1.60GHz;1;231;;35;LGA775;Desktop
;Intel Celeron 4205U @ 1.80GHz;2;1351;;15;FCBGA1528;Laptop
;Intel Celeron 430 @ 1.80GHz;1;305;;35;LGA775;Desktop
;Intel Celeron 4305U @ 2.20GHz;2;1562;;15;FCBGA1528;Mobile/Embedded
;Intel Celeron 4305UE @ 2.00GHz;2;1699;;15;FCBGA1528;Laptop, Mobile/Embedded
;Intel Celeron 440 @ 2.00GHz;1;368;;35;LGA775;Desktop
;Intel Celeron 450 @ 2.20GHz;1;433;;35;LGA775;Desktop
;Intel Celeron 5205U @ 1.90GHz;2;1435;;15;FCBGA1528;Laptop
;Intel Celeron 530 @ 1.73GHz;1;268;;27;PGA478;Laptop
;Intel Celeron 5305U @ 2.30GHz;2;1307;;15;FCBGA1528;Laptop
;Intel Celeron 540 @ 1.86GHz;1;305;;30;PGA478;Laptop
;Intel Celeron 550 @ 2.00GHz;1;334;;31;BGA479;Laptop
;Intel Celeron 560 @ 2.13GHz;1;339;;31;PGA478;Laptop
;Intel Celeron 570 @ 2.26GHz;1;344;;31;PGA478;Laptop
;Intel Celeron 6305 @ 1.80GHz;2;2068;;NA;FCBGA1449;Laptop
;Intel Celeron 6305E @ 1.80GHz;2;2021;;15;FCBGA1449;Mobile/Embedded
;Intel Celeron 6600HE @ 2.60GHz;2;3286;;35;FCBGA1787;Mobile/Embedded
;Intel Celeron 723 @ 1.20GHz;1;213;;10;BGA956;Laptop
;Intel Celeron 7305;1;2509;;15;FCBGA1744;Laptop
;Intel Celeron 7305E;1;2451;;15;FCBGA1744;Mobile/Embedded
;Intel Celeron 743 @ 1.30GHz;1;275;;10;BGA956;Laptop
;Intel Celeron 807 @ 1.50GHz;1;392;;17;BGA-1023;Laptop
;Intel Celeron 807UE @ 1.00GHz;1;241;;10;BGA-1023;Laptop
;Intel Celeron 827E @ 1.40GHz;1;371;;17;FCBGA1023;Laptop
;Intel Celeron 847 @ 1.10GHz;2;506;;17;BGA1023;Laptop
;Intel Celeron 847E @ 1.10GHz;2;584;;17;FCBGA1023;Laptop
;Intel Celeron 857 @ 1.20GHz;2;569;;17;BGA1023;Laptop
;Intel Celeron 867 @ 1.30GHz;2;588;;17;BGA1023;Laptop
;Intel Celeron 877 @ 1.40GHz;2;700;;17;BGA1023;Laptop
;Intel Celeron 887 @ 1.50GHz;2;764;;17;BGA1023;Laptop
;Intel Celeron 900 @ 2.20GHz;1;409;;34.8;PGA478;Laptop
;Intel Celeron 925 @ 2.30GHz;1;450;;35;Unknown;Laptop
;Intel Celeron @ 1.30GHz;1;572;;NA;Unknown;Unknown
;Intel Celeron B710 @ 1.60GHz;1;106;;35;rPGA988B;Laptop
;Intel Celeron B800 @ 1.50GHz;2;686;;35;PGA988B;Laptop
;Intel Celeron B810 @ 1.60GHz;2;775;;35;PGA988B;Laptop
;Intel Celeron B815 @ 1.60GHz;2;749;;35;PGA988B;Laptop
;Intel Celeron B820 @ 1.70GHz;2;811;;35;PGA988B;Laptop
;Intel Celeron B830 @ 1.80GHz;2;873;;35;rPGA988B;Laptop
;Intel Celeron B840 @ 1.90GHz;2;975;;35;PGA988B;Laptop
;Intel Celeron D 347 @ 3.06GHz;1;232;;86;PLGA775;Desktop
;Intel Celeron D 352 @ 3.20GHz;1;274;;86;PLGA775;Desktop
;Intel Celeron D 356 @ 3.33GHz;1;251;;86;PLGA775;Desktop
;Intel Celeron D 360 @ 3.46GHz;1;372;;65;PLGA775;Desktop
;Intel Celeron D 420 @ 1.60GHz;1;313;;35;LGA775;Desktop
;Intel Celeron E1200 @ 1.60GHz;2;516;;65;LGA775;Desktop
;Intel Celeron E1400 @ 2.00GHz;2;735;;65;LGA775;Desktop
;Intel Celeron E1500 @ 2.20GHz;2;626;;65;LGA775;Desktop
;Intel Celeron E1600 @ 2.40GHz;2;840;;65;LGA775;Desktop
;Intel Celeron E3200 @ 2.40GHz;2;900;;65;LGA775;Desktop
;Intel Celeron E3300 @ 2.50GHz;2;834;;65;LGA775;Desktop
;Intel Celeron E3400 @ 2.60GHz;2;898;;65;LGA775;Desktop
;Intel Celeron E3500 @ 2.70GHz;2;935;;65;LGA775;Desktop
;Intel Celeron G1101 @ 2.27GHz;2;1086;;73;FCLGA1156;Desktop
;Intel Celeron G1610 @ 2.60GHz;2;1546;;55;FCLGA1155;Desktop
;Intel Celeron G1610T @ 2.30GHz;2;1333;;35;LGA1155;Desktop
;Intel Celeron G1620 @ 2.70GHz;2;1583;;55;FCLGA1155;Desktop
;Intel Celeron G1620T @ 2.40GHz;2;1532;;35;LGA1155;Desktop
;Intel Celeron G1630 @ 2.80GHz;2;1707;;55;FCLGA1155;Desktop
;Intel Celeron G1820 @ 2.70GHz;2;1725;;53;FCLGA1150;Desktop
;Intel Celeron G1820T @ 2.40GHz;2;1599;;35;LGA1150;Desktop
;Intel Celeron G1820TE @ 2.20GHz;2;1020;;35;LGA1150;Desktop
;Intel Celeron G1830 @ 2.80GHz;2;1560;;53;LGA1150;Desktop
;Intel Celeron G1840 @ 2.80GHz;2;1781;;53;FCLGA1150;Desktop
;Intel Celeron G1840T @ 2.50GHz;2;1576;;35;LGA1150;Desktop
;Intel Celeron G1850 @ 2.90GHz;2;1907;;54;FCLGA1150;Desktop
;Intel Celeron G3900 @ 2.80GHz;2;2152;;51;FCLGA1151;Desktop
;Intel Celeron G3900E @ 2.40GHz;2;2034;;35;FCBGA1440;Laptop
;Intel Celeron G3900T @ 2.60GHz;2;1910;;35;Unknown;Desktop
;Intel Celeron G3900TE @ 2.30GHz;2;1850;;35;FCLGA1151;Laptop
;Intel Celeron G3920 @ 2.90GHz;2;2358;;51;FCLGA1151;Desktop
;Intel Celeron G3930 @ 2.90GHz;2;2257;;51;FCLGA1151;Desktop
;Intel Celeron G3930T @ 2.70GHz;2;2023;;35;FCLGA1151;Desktop
;Intel Celeron G3930TE @ 2.70GHz;2;2218;;35;FCLGA1151;Desktop
;Intel Celeron G3950 @ 3.00GHz;2;2336;;51;FCLGA1151;Desktop
;Intel Celeron G440 @ 1.60GHz;1;420;;35;LGA1155;Desktop
;Intel Celeron G460 @ 1.80GHz;1;490;;35;LGA1155;Desktop
;Intel Celeron G465 @ 1.90GHz;1;553;;35;LGA1155;Desktop
;Intel Celeron G470 @ 2.00GHz;1;577;;35;LGA1155;Desktop
;Intel Celeron G4900 @ 3.10GHz;2;2372;;54;FCLGA1151-2;Desktop
;Intel Celeron G4900T @ 2.90GHz;2;2236;;35;FCLGA1151-2;Desktop
;Intel Celeron G4920 @ 3.20GHz;2;2555;;54;FCLGA1151-2;Desktop
;Intel Celeron G4930 @ 3.20GHz;2;2546;;54;FCLGA1151-2;Desktop
;Intel Celeron G4930T @ 3.00GHz;2;2287;;35;FCLGA1151;Desktop
;Intel Celeron G4950 @ 3.30GHz;2;2714;;54;FCLGA1151;Desktop
;Intel Celeron G530 @ 2.40GHz;2;1145;;65;LGA1155;Desktop
;Intel Celeron G530T @ 2.00GHz;2;1056;;35;LGA1155;Desktop
;Intel Celeron G540 @ 2.50GHz;2;1169;;65;LGA1155;Desktop
;Intel Celeron G540T @ 2.10GHz;2;1137;;35;LGA1155;Desktop
;Intel Celeron G550 @ 2.60GHz;2;1275;;65;LGA1155;Desktop
;Intel Celeron G550T @ 2.20GHz;2;1074;;35;LGA1155;Desktop
;Intel Celeron G555 @ 2.70GHz;2;1427;;65;LGA1155;Desktop
;Intel Celeron G5900 @ 3.40GHz;2;2677;;58;FCLGA1200;Desktop
;Intel Celeron G5900E @ 3.20GHz;2;1809;;58;LGA 1200;Mobile/Embedded
;Intel Celeron G5900T @ 3.20GHz;2;2192;;35;FCLGA1200;Desktop
;Intel Celeron G5905 @ 3.50GHz;2;2752;;58;FCLGA1200;Desktop
;Intel Celeron G5905T @ 3.30GHz;2;2304;;35;FCLGA1200;Desktop
;Intel Celeron G5920 @ 3.50GHz;2;2577;;58;FCLGA1200;Desktop
;Intel Celeron G5925 @ 3.60GHz;2;2808;;58;FCLGA1200;Desktop
;Intel Celeron G6900;2;4470;;46;LGA1700,BGA1700;Desktop
;Intel Celeron G6900E;2;4272;;46;FCLGA1700;Mobile/Embedded
;Intel Celeron G6900T;2;3668;;35;FCLGA1700;Desktop
;Intel Celeron G6900TE;2;2782;;35;FCLGA1700;Mobile/Embedded
;Intel Celeron J1750 @ 2.41GHz;2;538;;10;FCBGA1170;Desktop
;Intel Celeron J1800 @ 2.41GHz;2;572;;10;FCBGA1170;Desktop
;Intel Celeron J1850 @ 1.99GHz;4;942;;10;FCBGA1170;Desktop
;Intel Celeron J1900 @ 1.99GHz;4;1154;;10;FCBGA1170;Desktop
;Intel Celeron J3060 @ 1.60GHz;2;680;;6;BGA1170;Desktop
;Intel Celeron J3160 @ 1.60GHz;4;1261;;6;BGA1170;Desktop
;Intel Celeron J3355 @ 2.00GHz;2;1203;;10;FCBGA1296;Desktop, Laptop
;Intel Celeron J3455 @ 1.50GHz;4;2245;;10;FCBGA1296;Desktop
;Intel Celeron J3455E @ 1.50GHz;4;2193;;10;FCBGA1296;Desktop
;Intel Celeron J4005 @ 2.00GHz;2;1544;;10;FCBGA1090;Desktop
;Intel Celeron J4025 @ 2.00GHz;2;1450;;10;FCBGA1090;Desktop
;Intel Celeron J4105 @ 1.50GHz;4;2824;;10;FCBGA1090;Desktop
;Intel Celeron J4115 @ 1.80GHz;4;2688;;NA;Unknown;Desktop
;Intel Celeron J4125 @ 2.00GHz;4;2936;;10;FCBGA1090;Desktop
;Intel Celeron J6412 @ 2.00GHz;4;3843;;10;FCBGA1493;Mobile/Embedded
;Intel Celeron J6413 @ 1.80GHz;4;4164;;10;FCBGA1296;Mobile/Embedded
;Intel Celeron M 1.00GHz;1;149;;NA;Unknown;Laptop
;Intel Celeron M 1.30GHz;1;205;;NA;Unknown;Laptop
;Intel Celeron M 1.50GHz;1;192;;21;PPGA478, H-PBGA4;Laptop
;Intel Celeron M 1.60GHz;1;190;;NA;Unknown;Laptop
;Intel Celeron M 1.70GHz;1;252;;NA;Unknown;Laptop
;Intel Celeron M 1300MHz;1;197;;NA;Unknown;Laptop
;Intel Celeron M 1500MHz;1;217;;NA;Unknown;Laptop
;Intel Celeron M 360 1.40GHz;1;221;;21;H-PBGA479, PPGA4;Laptop
;Intel Celeron M 410 @ 1.46GHz;1;123;;27;PPGA478;Laptop
;Intel Celeron M 420 @ 1.60GHz;1;139;;27;PPGA478;Laptop
;Intel Celeron M 430 @ 1.73GHz;1;169;;27;PPGA478;Laptop
;Intel Celeron M 440 @ 1.86GHz;1;169;;27;PBGA479, PPGA478;Laptop
;Intel Celeron M 443 @ 1.20GHz;1;125;;5.5;PBGA479;Laptop
;Intel Celeron M 450 @ 2.00GHz;1;230;;27;PPGA478;Laptop
;Intel Celeron M 520 @ 1.60GHz;1;239;;30;PPGA478;Laptop
;Intel Celeron M 530 @ 1.73GHz;1;320;;30;PBGA479, PPGA478;Laptop
;Intel Celeron M 723 @ 1.20GHz;1;267;;10;BGA956;Laptop
;Intel Celeron M 900MHz;1;123;;NA;Unknown;Laptop
;Intel Celeron N2805 @ 1.46GHz;2;335;;4.3;FCBGA1170;Laptop
;Intel Celeron N2806 @ 1.60GHz;2;486;;4.5;FCBGA1170;Laptop
;Intel Celeron N2807 @ 1.58GHz;2;492;;4.3;FCBGA1170;Laptop
;Intel Celeron N2808 @ 1.58GHz;2;499;;4.5;FCBGA1170;Laptop
;Intel Celeron N2810 @ 2.00GHz;2;396;;7.5;FCBGA1170;Laptop
;Intel Celeron N2815 @ 1.86GHz;2;495;;7.5;FCBGA1170;Laptop
;Intel Celeron N2820 @ 2.13GHz;2;503;;7.5;FCBGA1170;Laptop
;Intel Celeron N2830 @ 2.16GHz;2;547;;7.5;FCBGA1170;Laptop
;Intel Celeron N2840 @ 2.16GHz;2;582;;7;FCBGA1170;Laptop
;Intel Celeron N2910 @ 1.60GHz;4;788;;7.5;FCBGA1170;Laptop
;Intel Celeron N2920 @ 1.86GHz;4;953;;7.5;FCBGA1170;Laptop
;Intel Celeron N2930 @ 1.83GHz;4;1032;;7.5;FCBGA1170;Laptop
;Intel Celeron N2940 @ 1.83GHz;4;1054;;7.5;FCBGA1170;Laptop
;Intel Celeron N3000 @ 1.04GHz;2;646;;4;FCBGA1170;Laptop
;Intel Celeron N3010 @ 1.04GHz;2;611;;4;FCBGA1170;Laptop
;Intel Celeron N3050 @ 1.60GHz;2;593;;6;FCBGA1170;Laptop
;Intel Celeron N3060 @ 1.60GHz;2;654;;6;Unknown;Laptop
;Intel Celeron N3150 @ 1.60GHz;4;1175;;6;FCBGA1170;Laptop
;Intel Celeron N3160 @ 1.60GHz;4;1201;;6;FCBGA1170;Laptop
;Intel Celeron N3350 @ 1.10GHz;2;1111;;6;FCBGA1296;Laptop, Mobile/Embedded
;Intel Celeron N3450 @ 1.10GHz;4;1986;;6;FCBGA1296;Laptop
;Intel Celeron N4000 @ 1.10GHz;2;1433;;6;FCBGA1090;Laptop
;Intel Celeron N4000C @ 1.10GHz;2;1430;;6;FCBGA1090;Laptop
;Intel Celeron N4020 @ 1.10GHz;2;1536;;6;FCBGA1090;Laptop
;Intel Celeron N4020C @ 1.10GHz;2;1537;;6;FCBGA1090;Laptop, Mobile/Embedded
;Intel Celeron N4100 @ 1.10GHz;4;2456;;6;FCBGA1090;Laptop
;Intel Celeron N4120 @ 1.10GHz;4;2465;;6;FCBGA1090;Laptop
;Intel Celeron N4500 @ 1.10GHz;2;1815;;6;FCBGA1338;Mobile/Embedded
;Intel Celeron N4505 @ 2.00GHz;2;2037;;10;FCBGA1338;Mobile/Embedded
;Intel Celeron N5095 @ 2.00GHz;4;4011;;15;FCBGA1338;Desktop
;Intel Celeron N5095A @ 2.00GHz;4;4055;;15;FCBGA1338;Desktop
;Intel Celeron N5100 @ 1.10GHz;4;3293;;6;FCBGA1338;Laptop
;Intel Celeron N5105 @ 2.00GHz;4;4004;;10;FCBGA1338;Mobile/Embedded
;Intel Celeron N6210 @ 1.20GHz;2;1967;;6.5;Unknown;Mobile/Embedded
;Intel Celeron N6211 @ 1.20GHz;2;2245;;6.5;FCBGA1493;Mobile/Embedded
;Intel Celeron P4500 @ 1.87GHz;2;848;;35;PGA988A;Laptop
;Intel Celeron P4505 @ 1.87GHz;2;689;;35;BGA1288;Laptop
;Intel Celeron P4600 @ 2.00GHz;2;877;;35;PGA988A;Laptop
;Intel Celeron SU2300 @ 1.20GHz;2;462;;10;BGA956;Laptop
;Intel Celeron T1600 @ 1.66GHz;2;562;;35;Unknown;Laptop
;Intel Celeron U1900 @ 1.99GHz;4;1028;;NA;Unknown;Unknown
;Intel Celeron U3400 @ 1.07GHz;2;516;;18;BGA1288;Laptop
;Intel Celeron U3600 @ 1.20GHz;2;539;;18;BGA1288;Laptop
;Intel Core 3 100HL;4;17586;;45;FCLGA1700;Mobile/Embedded
;Intel Core 3 100U;2;13482;;15;FCBGA1744;Laptop
;Intel Core 3 201E;4;14931;;60;FCLGA1700;Mobile/Embedded
;Intel Core 3 N350;8;7575;;7;FCBGA1264;Mobile/Embedded
;Intel Core 3 N355;8;10543;;15;FCBGA1264;Mobile/Embedded
;Intel Core 5 120U;2;16449;;15;FCBGA1744;Mobile/Embedded
;Intel Core 5 210H;4;18749;;45;FCBGA1744;Laptop
;Intel Core 5 211EF;6;23988;;65;FCLGA1700;Mobile/Embedded
;Intel Core 5 220H;4;21695;;45;FCBGA1744;Laptop
;Intel Core 5 220U;2;14293;;NA;FCBGA1744;Laptop
;Intel Core 5 221E;6;32646;;65;FCLGA1700;Mobile/Embedded
;Intel Core 7 150U;2;15024;;15;FCBGA1744;Laptop
;Intel Core 7 160UL;2;11043;;15;FCLGA1700;Mobile/Embedded
;Intel Core 7 240H;6;24234;;45;FCBGA1744;Mobile/Embedded
;Intel Core 7 250H;6;25655;;45;FCBGA1744;Laptop
;Intel Core 7 250U;2;14193;;15;Unknown;Laptop
;Intel Core 7 251TE;8;30020;;NA;Unknown;Unknown
;Intel Core 860 @ 2.80GHz;4;2754;;NA;Unknown;Unknown
;Intel Core 9 270H;6;29710;;45;FCBGA1744;Laptop
;Intel Core Duo L2300 @ 1.50GHz;2;387;;15;BGA479;Desktop
;Intel Core Duo L2400 @ 1.66GHz;2;348;;15;BGA479;Laptop
;Intel Core Duo L2500 @ 1.83GHz;2;404;;15;BGA479;Laptop
;Intel Core Duo T2050 @ 1.60GHz;2;333;;31;PGA478;Desktop
;Intel Core Duo T2250 @ 1.73GHz;2;350;;31;PGA478;Laptop
;Intel Core Duo T2300 @ 1.66GHz;2;325;;31;BGA479;Laptop
;Intel Core Duo T2350 @ 1.86GHz;2;385;;31;PGA478;Laptop
;Intel Core Duo T2400 @ 1.83GHz;2;365;;31;BGA479;Laptop
;Intel Core Duo T2450 @ 2.00GHz;2;411;;31;PGA478;Laptop
;Intel Core Duo T2500 @ 2.00GHz;2;408;;31;BGA479;Laptop
;Intel Core Duo T2600 @ 2.16GHz;2;460;;31;BGA479;Laptop
;Intel Core Duo T2700 @ 2.33GHz;2;498;;31;BGA479;Laptop
;Intel Core Duo U2400 @ 1.06GHz;2;255;;9;BGA479;Laptop
;Intel Core Duo U2500 @ 1.20GHz;2;223;;9;BGA479;Laptop
;Intel Core i3-1000NG4 @ 1.10GHz;2;3527;;9;BGA1526;Laptop
;Intel Core i3-1005G1 @ 1.20GHz;2;4836;;15;FCBGA1526;Laptop
;Intel Core i3-10100 @ 3.60GHz;4;8539;;65;FCLGA1200;Desktop
;Intel Core i3-10100E @ 3.20GHz;4;7884;;65;FCLGA1200;Desktop, Mobile/Embedded
;Intel Core i3-10100F @ 3.60GHz;4;8710;;65;FCLGA1200;Desktop
;Intel Core i3-10100T @ 3.00GHz;4;7313;;35;FCLGA1200;Laptop
;Intel Core i3-10100TE @ 2.30GHz;4;6371;;35;LGA 1200;Mobile/Embedded
;Intel Core i3-10100Y @ 1.30GHz;2;2862;;5;BGA 1528;Mobile/Embedded
;Intel Core i3-10105 @ 3.70GHz;4;8235;;65;FCLGA1200;Desktop
;Intel Core i3-10105F @ 3.70GHz;4;8903;;65;FCLGA1200;Desktop
;Intel Core i3-10105T @ 3.00GHz;4;7849;;35;FCLGA1200;Desktop
;Intel Core i3-10110U @ 2.10GHz;2;3847;;15;FCBGA1528;Laptop
;Intel Core i3-10110Y @ 1.00GHz;2;3171;;7;UTFCBGA1377;Laptop
;Intel Core i3-1025G1 @ 1.20GHz;4;6139;;NA;BGA 1526;Laptop
;Intel Core i3-10300 @ 3.70GHz;4;9290;;65;FCLGA1200;Desktop
;Intel Core i3-10300T @ 3.00GHz;4;7845;;35;FCLGA1200;Desktop
;Intel Core i3-10305 @ 3.80GHz;4;9210;;65;FCLGA1200;Desktop
;Intel Core i3-10305T @ 3.00GHz;4;8512;;35;FCLGA1200;Desktop
;Intel Core i3-10320 @ 3.80GHz;4;9976;;65;FCLGA1200;Desktop
;Intel Core i3-10325 @ 3.90GHz;4;10291;;65;FCLGA1200;Desktop
;Intel Core i3-11100B @ 3.60GHz;4;11357;;65;Unknown;Desktop
;Intel Core i3-11100HE @ 2.40GHz;4;11781;;45;FCBGA1787;Mobile/Embedded
;Intel Core i3-1110G4 @ 1.80GHz;2;4160;;NA;FCBGA1598;Mobile/Embedded
;Intel Core i3-1115G4 @ 3.00GHz;2;5869;;15;FCBGA1449;Laptop
;Intel Core i3-1115G4E @ 3.00GHz;2;5231;;15;BGA 1449;Mobile/Embedded
;Intel Core i3-1115GRE @ 3.00GHz;2;4588;;15;FCBGA1449;Mobile/Embedded
;Intel Core i3-1125G4 @ 2.00GHz;4;9306;;28;FCBGA1449;Laptop
;Intel Core i3-12100;4;12266;;60;FCLGA1700;Desktop
;Intel Core i3-12100E;4;14026;;60;FCLGA1700;Mobile/Embedded
;Intel Core i3-12100F;4;13993;;58;FCLGA1700;Desktop
;Intel Core i3-12100T;4;12489;;35;FCLGA1700;Desktop
;Intel Core i3-12100TE;4;10432;;35;FCLGA1700;Laptop, Mobile/Embedded
;Intel Core i3-1210U;2;9438;;9;BGA1781;Laptop
;Intel Core i3-1215U;2;10330;;15;FCBGA1744;Laptop
;Intel Core i3-1215UE;2;8331;;28;FCBGA1744;Mobile/Embedded
;Intel Core i3-1215UL;2;7817;;15;FCLGA1700;Mobile/Embedded
;Intel Core i3-1220P;2;14490;;28;FCBGA1744;Laptop
;Intel Core i3-1220PE;4;16146;;35;FCBGA1744;Mobile/Embedded
;Intel Core i3-12300;4;14384;;60;LGA 1700;Desktop
;Intel Core i3-12300HL;4;20321;;45;FCLGA1700;Mobile/Embedded
;Intel Core i3-12300T;4;13162;;35;FCLGA1700;Desktop
;Intel Core i3-1305U;1;8715;;15;FCBGA1744;Laptop
;Intel Core i3-13100;4;14062;;60;FCLGA1700;Desktop
;Intel Core i3-13100E;4;13727;;65;FCLGA1700;Mobile/Embedded
;Intel Core i3-13100F;4;14640;;58;FCLGA1700;Desktop
;Intel Core i3-13100T;4;12769;;35;FCLGA1700;Desktop
;Intel Core i3-13100TE;4;11248;;35;FCLGA1700;Mobile/Embedded
;Intel Core i3-1315U;2;11299;;15;FCBGA1744;Laptop
;Intel Core i3-1315UE;2;8865;;15;FCBGA1744;Mobile/Embedded
;Intel Core i3-1320PE;4;12116;;28;FCBGA1744;Mobile/Embedded
;Intel Core i3-1320PRE;4;17759;;28;FCBGA1744;Mobile/Embedded
;Intel Core i3-14100;4;15227;;60;FCLGA1700;Desktop
;Intel Core i3-14100F;4;15342;;110;FCLGA1700;Desktop
;Intel Core i3-14100T;4;13557;;69;FCLGA1700;Desktop
;Intel Core i3-2100 @ 3.10GHz;2;1854;;65;LGA1155;Desktop
;Intel Core i3-2100T @ 2.50GHz;2;1531;;35;LGA1155;Desktop
;Intel Core i3-2102 @ 3.10GHz;2;2029;;65;FCLGA1155;Desktop
;Intel Core i3-2105 @ 3.10GHz;2;1837;;65;LGA1155;Desktop
;Intel Core i3-21050 @ 3.10GHz;2;2193;;NA;Unknown;Unknown
;Intel Core i3-2120 @ 3.30GHz;2;1976;;65;LGA1155;Desktop
;Intel Core i3-2120T @ 2.60GHz;2;1570;;35;LGA1155;Desktop
;Intel Core i3-2125 @ 3.30GHz;2;2082;;65;LGA1155;Desktop
;Intel Core i3-2130 @ 3.40GHz;2;2063;;65;LGA1155;Desktop
;Intel Core i3-2140 @ 3.50GHz;2;2307;;65;Unknown;Unknown
;Intel Core i3-2310E @ 2.10GHz;2;1845;;35;FCBGA1023;Laptop
;Intel Core i3-2310M @ 2.10GHz;2;1222;;35;BGA1023;Laptop
;Intel Core i3-2312M @ 2.10GHz;2;1189;;35;PGA988B;Laptop
;Intel Core i3-2328M @ 2.20GHz;2;1242;;35;PGA988;Laptop
;Intel Core i3-2330E @ 2.20GHz;2;1823;;35;rPGA988;Desktop
;Intel Core i3-2330M @ 2.20GHz;2;1248;;35;BGA1023;Laptop
;Intel Core i3-2332M @ 2.20GHz;2;1353;;35;rPGA988B;Laptop
;Intel Core i3-2340UE @ 1.30GHz;2;976;;17;BGA-1023;Laptop
;Intel Core i3-2348M @ 2.30GHz;2;1284;;35;rPGA988B;Laptop
;Intel Core i3-2350M @ 2.30GHz;2;1269;;35;PGA988B;Laptop
;Intel Core i3-2357M @ 1.30GHz;2;788;;17;Unknown;Laptop
;Intel Core i3-2365M @ 1.40GHz;2;822;;17;BGA1023;Laptop
;Intel Core i3-2367M @ 1.40GHz;2;859;;17;BGA1023;Laptop
;Intel Core i3-2370M @ 2.40GHz;2;1367;;35;PGA988B;Laptop
;Intel Core i3-2375M @ 1.50GHz;2;895;;17;BGA1023;Laptop
;Intel Core i3-2377M @ 1.50GHz;2;869;;17;BGA1023;Laptop
;Intel Core i3-3110M @ 2.40GHz;2;1654;;35;BGA1023;Laptop
;Intel Core i3-3120M @ 2.50GHz;2;1707;;35;PGA988;Laptop
;Intel Core i3-3130M @ 2.60GHz;2;1906;;35;BGA1023;Laptop
;Intel Core i3-3210 @ 3.20GHz;2;2227;;55;LGA1155;Desktop
;Intel Core i3-3217U @ 1.80GHz;2;1226;;17;BGA1023;Laptop
;Intel Core i3-3217UE @ 1.60GHz;2;1362;;17;BGA1023;Laptop
;Intel Core i3-3220 @ 3.30GHz;2;2276;;55;LGA1155;Desktop
;Intel Core i3-3220T @ 2.80GHz;2;1951;;35;LGA1155;Desktop
;Intel Core i3-3225 @ 3.30GHz;2;2265;;55;LGA1155;Desktop
;Intel Core i3-3227U @ 1.90GHz;2;1298;;17;BGA1023;Laptop
;Intel Core i3-3229Y @ 1.40GHz;2;1014;;13;BGA1023;Desktop
;Intel Core i3-3240 @ 3.40GHz;2;2349;;55;LGA1155;Desktop
;Intel Core i3-3240T @ 2.90GHz;2;2075;;35;LGA1155;Desktop
;Intel Core i3-3245 @ 3.40GHz;2;2412;;55;LGA1155;Desktop
;Intel Core i3-3250 @ 3.50GHz;2;2460;;55;LGA1155;Desktop
;Intel Core i3-3250T @ 3.00GHz;2;2650;;35;FCLGA1155;Desktop
;Intel Core i3-330E @ 2.13GHz;2;1260;;35;BGA1288;Laptop
;Intel Core i3-330M @ 2.13GHz;2;1031;;35;BGA1288;Laptop
;Intel Core i3-330UM @ 1.20GHz;2;543;;18;BGA1288;Laptop
;Intel Core i3-350M @ 2.27GHz;2;1087;;35;BGA1288;Laptop
;Intel Core i3-370M @ 2.40GHz;2;1171;;35;PGA988A;Laptop
;Intel Core i3-380M @ 2.53GHz;2;1211;;35;PGA988A;Laptop
;Intel Core i3-380UM @ 1.33GHz;2;748;;18;BGA1288;Laptop
;Intel Core i3-390M @ 2.67GHz;2;1292;;35;BGA1288;Laptop
;Intel Core i3-4000M @ 2.40GHz;2;1797;;37;FCPGA946;Laptop
;Intel Core i3-4005U @ 1.70GHz;2;1654;;15;FCBGA1168;Laptop
;Intel Core i3-4010U @ 1.70GHz;2;1663;;15;BGA1168;Laptop
;Intel Core i3-4010Y @ 1.30GHz;2;1358;;11.5;BGA1168;Desktop
;Intel Core i3-4012Y @ 1.50GHz;2;1278;;11.5;FCBGA1168;Laptop
;Intel Core i3-4020Y @ 1.50GHz;2;1459;;11.5;BGA1168;Desktop
;Intel Core i3-4025U @ 1.90GHz;2;1949;;15;FCBGA1168;Laptop
;Intel Core i3-4030U @ 1.90GHz;2;1873;;15;FCBGA1168;Laptop
;Intel Core i3-4030Y @ 1.60GHz;2;1654;;11.5;FCBGA1168;Laptop
;Intel Core i3-4100E @ 2.40GHz;2;1848;;37;FCBGA1364;Mobile/Embedded
;Intel Core i3-4100M @ 2.50GHz;2;2529;;37;FCPGA946;Laptop
;Intel Core i3-4110M @ 2.60GHz;2;2678;;37;FCPGA946;Laptop
;Intel Core i3-4110U @ 1.90GHz;2;1860;;NA;Unknown;Laptop
;Intel Core i3-4120U @ 2.00GHz;2;1948;;15;FCBGA1168;Laptop
;Intel Core i3-4130 @ 3.40GHz;2;3331;;54;LGA1150;Desktop
;Intel Core i3-4130T @ 2.90GHz;2;2879;;35;LGA1150;Desktop
;Intel Core i3-4150 @ 3.50GHz;2;3407;;54;FCLGA1150;Desktop
;Intel Core i3-4150T @ 3.00GHz;2;2890;;35;FCLGA1150;Desktop
;Intel Core i3-4158U @ 2.00GHz;2;1921;;28;FCBGA1168;Laptop
;Intel Core i3-4160 @ 3.60GHz;2;3509;;54;FCLGA1150;Desktop
;Intel Core i3-4160T @ 3.10GHz;2;3084;;35;LGA1150;Desktop
;Intel Core i3-4170 @ 3.70GHz;2;3575;;54;LGA1150;Desktop
;Intel Core i3-4170T @ 3.20GHz;2;3138;;35;LGA1150;Desktop
;Intel Core i3-4330 @ 3.50GHz;2;3488;;54;LGA1150;Desktop
;Intel Core i3-4330T @ 3.00GHz;2;3105;;35;LGA1150;Desktop
;Intel Core i3-4330TE @ 2.40GHz;2;2022;;35;LGA1150;Desktop
;Intel Core i3-4340 @ 3.60GHz;2;3490;;54;LGA1150;Desktop
;Intel Core i3-4350 @ 3.60GHz;2;3611;;54;LGA1150;Desktop
;Intel Core i3-4350T @ 3.10GHz;2;3142;;35;LGA1150;Laptop
;Intel Core i3-4360 @ 3.70GHz;2;3642;;54;FCLGA1150;Desktop
;Intel Core i3-4360T @ 3.20GHz;2;3294;;35;LGA1150;Desktop
;Intel Core i3-4370 @ 3.80GHz;2;3854;;54;LGA1150;Desktop
;Intel Core i3-4370T @ 3.30GHz;2;3361;;35;FCLGA1150;Desktop
;Intel Core i3-4570T @ 2.90GHz;2;3244;;35;FCLGA1150;Desktop
;Intel Core i3-5005U @ 2.00GHz;2;2011;;15;FCBGA1168;Laptop
;Intel Core i3-5010U @ 2.10GHz;2;2155;;15;FCBGA1168;Laptop
;Intel Core i3-5015U @ 2.10GHz;2;1989;;15;FCBGA1168;Laptop
;Intel Core i3-5020U @ 2.20GHz;2;2222;;15;FCBGA1168;Laptop
;Intel Core i3-5157U @ 2.50GHz;2;2593;;28;FCBGA1168;Laptop
;Intel Core i3-530 @ 2.93GHz;2;1513;;73;LGA1156;Desktop
;Intel Core i3-540 @ 3.07GHz;2;1549;;73;LGA1156;Desktop
;Intel Core i3-550 @ 3.20GHz;2;1631;;73;LGA1156;Desktop
;Intel Core i3-560 @ 3.33GHz;2;1642;;73;LGA1156;Desktop
;Intel Core i3-6006U @ 2.00GHz;2;2274;;15;FCBGA1356;Laptop
;Intel Core i3-6098P @ 3.60GHz;2;3973;;54;LGA 1151;Desktop
;Intel Core i3-6100 @ 3.70GHz;2;4118;;51;LGA 1151;Desktop
;Intel Core i3-6100E @ 2.70GHz;2;3315;;35;LGA 1151;Laptop
;Intel Core i3-6100H @ 2.70GHz;2;3003;;35;LGA 1151;Laptop
;Intel Core i3-6100T @ 3.20GHz;2;3638;;35;LGA 1151;Desktop
;Intel Core i3-6100TE @ 2.70GHz;2;3152;;35;LGA 1151;Desktop
;Intel Core i3-6100U @ 2.30GHz;2;2629;;15;FCBGA1356;Laptop
;Intel Core i3-6102E @ 1.90GHz;2;2349;;25;FCBGA1440;Laptop
;Intel Core i3-6157U @ 2.40GHz;2;2780;;28;BGA1356;Laptop
;Intel Core i3-6167U @ 2.70GHz;2;3128;;28;FCBGA1356;Laptop
;Intel Core i3-6300 @ 3.80GHz;2;4343;;51;LGA 1151;Desktop
;Intel Core i3-6300T @ 3.30GHz;2;3989;;35;LGA 1151;Desktop
;Intel Core i3-6320 @ 3.90GHz;2;4402;;51;LGA 1151;Desktop
;Intel Core i3-7020U @ 2.30GHz;2;2568;;15;FCBGA1356;Laptop
;Intel Core i3-7100 @ 3.90GHz;2;4309;;51;FCLGA1151;Desktop
;Intel Core i3-7100H @ 3.00GHz;2;3450;;35;FCBGA1440;Laptop
;Intel Core i3-7100T @ 3.40GHz;2;3754;;35;FCLGA1151;Desktop
;Intel Core i3-7100U @ 2.40GHz;2;2719;;15;FCBGA1356;Laptop
;Intel Core i3-7101E @ 3.90GHz;2;4430;;54;FCLGA1151;Desktop
;Intel Core i3-7101TE @ 3.40GHz;2;3956;;35;FCLGA1151;Desktop
;Intel Core i3-7102E @ 2.10GHz;2;2599;;25;FCBGA1440;Laptop
;Intel Core i3-7130U @ 2.70GHz;2;3040;;15;FCBGA1356;Laptop
;Intel Core i3-7167U @ 2.80GHz;2;3368;;28;Unknown;Laptop
;Intel Core i3-7300 @ 4.00GHz;2;4519;;51;FCLGA1151;Desktop
;Intel Core i3-7300T @ 3.50GHz;2;4145;;35;FCLGA1151;Desktop
;Intel Core i3-7320 @ 4.10GHz;2;4831;;51;FCLGA1151;Desktop
;Intel Core i3-7350K @ 4.20GHz;2;4884;;60;FCLGA1151;Desktop
;Intel Core i3-8100 @ 3.60GHz;4;6074;;65;FCLGA1151-2;Desktop
;Intel Core i3-8100B @ 3.60GHz;4;5928;;65;FCBGA1440;Laptop
;Intel Core i3-8100H @ 3.00GHz;4;4435;;45;FCBGA1440;Mobile/Embedded
;Intel Core i3-8100T @ 3.10GHz;4;5257;;35;FCLGA1151-2;Desktop
;Intel Core i3-8109U @ 3.00GHz;2;4174;;28;FCBGA1528;Laptop
;Intel Core i3-8121U @ 2.20GHz;2;4282;;15;Unknown;Laptop
;Intel Core i3-8130U @ 2.20GHz;2;3522;;15;FCBGA1356;Laptop
;Intel Core i3-8140U @ 2.10GHz;2;4227;;15;FCBGA1528;Laptop
;Intel Core i3-8145U @ 2.10GHz;2;3788;;15;FCBGA1528;Laptop
;Intel Core i3-8145UE @ 2.20GHz;2;4054;;15;FCBGA1528;Laptop
;Intel Core i3-8300 @ 3.70GHz;4;6362;;62;FCLGA1151-2;Desktop
;Intel Core i3-8300T @ 3.20GHz;4;5407;;25;FCLGA1151-2;Desktop
;Intel Core i3-8350K @ 4.00GHz;4;6901;;91;FCLGA1151-2;Desktop
;Intel Core i3-9100 @ 3.60GHz;4;6586;;65;FCLGA1151-2;Desktop
;Intel Core i3-9100E @ 3.10GHz;4;6539;;65;FCLGA1151;Mobile/Embedded
;Intel Core i3-9100F @ 3.60GHz;4;6707;;65;FCLGA1151-2;Desktop
;Intel Core i3-9100HL @ 1.60GHz;4;3024;;25;FCBGA1440;Mobile/Embedded
;Intel Core i3-9100T @ 3.10GHz;4;5594;;35;FCLGA1151-2;Desktop
;Intel Core i3-9100TE @ 2.20GHz;4;4589;;35;FCLGA1151-2;Laptop
;Intel Core i3-9300 @ 3.70GHz;4;7105;;62;FCLGA1151-2;Desktop
;Intel Core i3-9300T @ 3.20GHz;4;6352;;35;FCLGA1151-2;Desktop
;Intel Core i3-9320 @ 3.70GHz;4;7358;;62;FCLGA1151-2;Desktop
;Intel Core i3-9350K @ 4.00GHz;4;7596;;91;FCLGA1151;Desktop
;Intel Core i3-9350KF @ 4.00GHz;4;7585;;91;FCLGA1151-2;Desktop
;Intel Core i3-N300;8;8276;;7;FCBGA1264;Laptop
;Intel Core i3-N305;8;9586;;15;FCBGA1264;Laptop, Mobile/Embedded
;Intel Core i5 750S @ 2.40GHz;4;1326;;82;LGA1156;Desktop
;Intel Core i5 E 520 @ 2.40GHz;2;1619;;35;BGA1288;Desktop
;Intel Core i5-10200H @ 2.40GHz;4;8038;;45;FCBGA1440;Laptop
;Intel Core i5-10210U @ 1.60GHz;4;6083;;15;FCBGA1528;Laptop
;Intel Core i5-10210Y @ 1.00GHz;4;4135;;7;UTFCBGA1377;Laptop
;Intel Core i5-10300H @ 2.50GHz;4;8222;;45;FCBGA1440;Desktop, Laptop
;Intel Core i5-1030NG7 @ 1.10GHz;4;5610;;10;BGA1526;Laptop
;Intel Core i5-10310U @ 1.70GHz;4;5856;;15;FCBGA1528;Laptop
;Intel Core i5-1035G1 @ 1.00GHz;4;7185;;15;FCBGA1526;Laptop
;Intel Core i5-1035G4 @ 1.10GHz;4;7700;;15;FCBGA1526;Laptop
;Intel Core i5-1035G7 @ 1.20GHz;4;8022;;15;FCBGA1526;Laptop
;Intel Core i5-1038NG7 @ 2.00GHz;4;8852;;28;FCBGA1344;Laptop
;Intel Core i5-10400 @ 2.90GHz;6;12002;;65;FCLGA1200;Desktop
;Intel Core i5-10400F @ 2.90GHz;6;12109;;65;FCLGA1200;Desktop
;Intel Core i5-10400H @ 2.60GHz;4;8223;;45;FCBGA1440;Laptop
;Intel Core i5-10400T @ 2.00GHz;6;9765;;35;FCLGA1200;Desktop
;Intel Core i5-10500 @ 3.10GHz;6;13106;;65;FCLGA1200;Desktop
;Intel Core i5-10500E @ 3.10GHz;6;11368;;65;FCLGA1200;Mobile/Embedded
;Intel Core i5-10500H @ 2.50GHz;6;10998;;45;FCBGA1440;Laptop
;Intel Core i5-10500T @ 2.30GHz;6;10134;;35;FCLGA1200;Desktop
;Intel Core i5-10500TE @ 2.30GHz;6;8864;;35;FCLGA1200;Laptop, Mobile/Embedded
;Intel Core i5-10505 @ 3.20GHz;6;12004;;65;FCLGA1200;Desktop
;Intel Core i5-10600 @ 3.30GHz;6;13644;;65;FCLGA1200;Desktop
;Intel Core i5-10600K @ 4.10GHz;6;14252;;125;FCLGA1200;Desktop
;Intel Core i5-10600KF @ 4.10GHz;6;14144;;125;FCLGA1200;Desktop
;Intel Core i5-10600T @ 2.40GHz;6;11446;;35;FCLGA1200;Desktop
;Intel Core i5-11260H @ 2.60GHz;6;15459;;45;FCBGA1787;Laptop
;Intel Core i5-11300H @ 3.10GHz;4;10796;;35;FCBGA1449;Laptop
;Intel Core i5-1130G7 @ 1.10GHz;4;8329;;15;BGA 1449;Laptop
;Intel Core i5-11320H @ 3.20GHz;4;10868;;35;FCBGA1449;Laptop
;Intel Core i5-1135G7 @ 2.40GHz;4;9432;;15;BGA1526;Laptop
;Intel Core i5-11400 @ 2.60GHz;6;16666;;65;FCLGA1200;Desktop
;Intel Core i5-11400F @ 2.60GHz;6;16890;;65;FCLGA1200;Desktop
;Intel Core i5-11400H @ 2.70GHz;6;15289;;45;FCBGA1787;Laptop
;Intel Core i5-11400T @ 1.30GHz;6;13037;;35;FCLGA1200;Desktop
;Intel Core i5-1140G7 @ 1.10GHz;4;8516;;15;FCBGA1598;Server
;Intel Core i5-1145G7 @ 2.60GHz;4;9277;;28;FCBGA1449;Laptop
;Intel Core i5-1145G7E @ 2.60GHz;4;8818;;15;FCBGA1449;Mobile/Embedded
;Intel Core i5-1145GRE @ 2.60GHz;4;8241;;15;FCBGA1449;Mobile/Embedded
;Intel Core i5-11500 @ 2.70GHz;6;17124;;65;FCLGA1200;Desktop
;Intel Core i5-11500B @ 3.30GHz;6;17075;;65;Unknown;Desktop
;Intel Core i5-11500H @ 2.90GHz;6;15789;;45;FCBGA1787;Laptop
;Intel Core i5-11500T @ 1.50GHz;6;12622;;35;FCLGA1200;Desktop
;Intel Core i5-1155G7 @ 2.50GHz;4;9675;;28;FCBGA1449;Laptop
;Intel Core i5-11600 @ 2.80GHz;6;17911;;65;FCLGA1200;Desktop
;Intel Core i5-11600K @ 3.90GHz;6;19528;;125;FCLGA1200;Desktop
;Intel Core i5-11600KF @ 3.90GHz;6;19474;;125;FCLGA1200;Desktop
;Intel Core i5-11600T @ 1.70GHz;6;14447;;35;FCLGA1200;Desktop
;Intel Core i5-1230U;2;11084;;9;FCBGA1781;Laptop
;Intel Core i5-1235U;2;12797;;15;FCBGA1744;Laptop, Mobile/Embedded
;Intel Core i5-12400;6;18780;;65;LGA 1700;Desktop
;Intel Core i5-12400F;6;19506;;65;FCLGA1700;Desktop
;Intel Core i5-12400T;6;15541;;74;FCLGA1700;Desktop
;Intel Core i5-1240P;4;16290;;28;FCBGA1744;Laptop
;Intel Core i5-1240U;2;13242;;29;FCBGA1744;Laptop
;Intel Core i5-12450H;4;16166;;45;FCBGA1744;Laptop
;Intel Core i5-12450HX;4;18124;;148;FCBGA1964;Laptop
;Intel Core i5-1245U;2;13012;;15;FCBGA1744;Laptop, Mobile/Embedded
;Intel Core i5-1245UE;2;9473;;15;FCBGA1744;Mobile/Embedded
;Intel Core i5-12490F;6;20408;;65;LGA1700;Desktop
;Intel Core i5-12500;6;19769;;65;LGA 1700;Desktop
;Intel Core i5-12500E;6;20411;;65;FCLGA1700;Mobile/Embedded
;Intel Core i5-12500H;4;20527;;45;FCBGA1744;Laptop
;Intel Core i5-12500HL;4;23366;;45;FCLGA1700;Laptop, Mobile/Embedded
;Intel Core i5-12500T;6;16331;;35;FCLGA1700;Desktop
;Intel Core i5-12500TE;6;14942;;35;FCLGA1700;Laptop, Mobile/Embedded
;Intel Core i5-1250P;4;19244;;28;BGA1700;Laptop
;Intel Core i5-1250PE;4;18365;;28;FCBGA1744;Mobile/Embedded
;Intel Core i5-12600;6;21384;;65;LGA 1700;Desktop
;Intel Core i5-12600H;4;21050;;45;FCBGA1744;Laptop
;Intel Core i5-12600HE;4;22827;;65;BGA 1744;Mobile/Embedded
;Intel Core i5-12600HL;4;23615;;45;FCLGA1700;Mobile/Embedded
;Intel Core i5-12600HX;4;24503;;55;FCBGA1964;Laptop
;Intel Core i5-12600K;6;27588;;150;FCLGA1700;Desktop
;Intel Core i5-12600KF;6;27588;;150;FCLGA1700;Desktop
;Intel Core i5-12600T;6;17426;;35;FCLGA1700;Desktop
;Intel Core i5-1334U;2;13351;;15;FCBGA1744;Laptop
;Intel Core i5-1335U;2;14141;;15;FCBGA1744;Laptop
;Intel Core i5-1335UE;2;10863;;28;FCBGA1744;Mobile/Embedded
;Intel Core i5-13400;6;23722;;154;FCLGA1700;Desktop
;Intel Core i5-13400E;6;27000;;65;FCLGA1700;Mobile/Embedded
;Intel Core i5-13400F;6;25038;;148;FCLGA1700;Desktop
;Intel Core i5-13400T;6;20427;;82;FCLGA1700;Desktop
;Intel Core i5-1340P;4;18630;;28;FCBGA1744;Laptop
;Intel Core i5-1340PE;4;18490;;28;FCBGA1744;Mobile/Embedded
;Intel Core i5-13420H;4;17336;;45;FCBGA1744;Laptop
;Intel Core i5-13450HX;6;24973;;55;FCBGA1964;Laptop
;Intel Core i5-1345U;2;14233;;15;FCBGA1744;Laptop
;Intel Core i5-1345UE;2;10445;;15;FCBGA1744;Mobile/Embedded
;Intel Core i5-1345URE;2;11494;;15;FCBGA1744;Mobile/Embedded
;Intel Core i5-13490F;6;26605;;65;FCLGA1700;Desktop
;Intel Core i5-13500;6;31177;;65;FCLGA1700;Desktop
;Intel Core i5-13500E;6;23509;;65;FCLGA1700;Mobile/Embedded
;Intel Core i5-13500H;4;21117;;45;Unknown;Laptop
;Intel Core i5-13500HX;6;27859;;55;FCBGA1964;Laptop
;Intel Core i5-13500T;6;22646;;35;FCLGA1700;Desktop
;Intel Core i5-13500TE;6;21936;;35;FCLGA1700;Mobile/Embedded
;Intel Core i5-1350P;4;18964;;28;FCBGA1744;Laptop
;Intel Core i5-13600;6;31556;;65;FCLGA1700;Desktop
;Intel Core i5-13600H;4;23415;;45;FCBGA1744;Laptop
;Intel Core i5-13600HE;4;23483;;45;FCBGA1744;Mobile/Embedded
;Intel Core i5-13600HRE;4;14591;;45;FCBGA1744;Mobile/Embedded
;Intel Core i5-13600HX;6;27882;;55;FCBGA1964;Laptop
;Intel Core i5-13600K;6;37672;;125;FCLGA1700;Desktop
;Intel Core i5-13600KF;6;37468;;125;FCLGA1700;Desktop
;Intel Core i5-13600T;6;27882;;35;FCLGA1700;Desktop
;Intel Core i5-14400;6;25334;;65;FCLGA1700;Desktop
;Intel Core i5-14400F;6;25721;;65;FCLGA1700;Desktop
;Intel Core i5-14400T;6;21007;;35;FCLGA1700;Desktop
;Intel Core i5-14450HX;6;23298;;55;FCBGA1964;Mobile/Embedded
;Intel Core i5-14490F;6;27621;;65;FCLGA1700;Desktop
;Intel Core i5-14500;6;31357;;65;FCLGA1700;Desktop
;Intel Core i5-14500HX;6;28694;;55;FCBGA1964;Laptop
;Intel Core i5-14500T;6;22798;;35;FCLGA1700;Desktop
;Intel Core i5-14600;6;32339;;65;FCLGA1700;Desktop
;Intel Core i5-14600K;6;38631;;125;FCLGA1700;Desktop
;Intel Core i5-14600KF;6;38672;;125;FCLGA1700;Desktop
;Intel Core i5-14600T;6;27254;;35;FCLGA1700;Desktop
;Intel Core i5-2300 @ 2.80GHz;4;3475;;95;LGA1155;Desktop
;Intel Core i5-2310 @ 2.90GHz;4;3662;;95;LGA1155;Desktop
;Intel Core i5-2320 @ 3.00GHz;4;3689;;95;LGA1155;Desktop
;Intel Core i5-2380P @ 3.10GHz;4;3636;;95;LGA1155;Desktop
;Intel Core i5-2390T @ 2.70GHz;2;2487;;35;LGA1155;Desktop
;Intel Core i5-2400 @ 3.10GHz;4;3874;;95;LGA1155;Desktop
;Intel Core i5-2400S @ 2.50GHz;4;3176;;65;LGA1155;Desktop
;Intel Core i5-24050S @ 2.50GHz;4;3061;;65;LGA1155, FCLGA11;Desktop
;Intel Core i5-2405S @ 2.50GHz;4;3397;;65;LGA1155;Desktop
;Intel Core i5-2410M @ 2.30GHz;2;1952;;35; 	FCBGA1023, PPG;Laptop
;Intel Core i5-2415M @ 2.30GHz;2;1926;;35;BGA1023;Desktop
;Intel Core i5-2430M @ 2.40GHz;2;2010;;35;PGA988B;Laptop
;Intel Core i5-2435M @ 2.40GHz;2;2031;;35;BGA1023;Laptop
;Intel Core i5-2450M @ 2.50GHz;2;2078;;35;BGA1023;Laptop
;Intel Core i5-2450P @ 3.20GHz;4;4273;;95;LGA1155;Desktop
;Intel Core i5-2467M @ 1.60GHz;2;1411;;17;BGA1023;Laptop
;Intel Core i5-2500 @ 3.30GHz;4;4106;;95;LGA1155;Desktop
;Intel Core i5-2500K @ 3.30GHz;4;4138;;95;LGA1155;Desktop
;Intel Core i5-2500S @ 2.70GHz;4;3367;;65;LGA1155;Desktop
;Intel Core i5-2500T @ 2.30GHz;4;2929;;45;LGA1155;Desktop
;Intel Core i5-2510E @ 2.50GHz;2;1884;;35;PGA988B;Laptop
;Intel Core i5-2515E @ 2.50GHz;2;1882;;35;BGA1023;Desktop
;Intel Core i5-2520M @ 2.50GHz;2;2244;;35;PGA988B;Laptop
;Intel Core i5-2537M @ 1.40GHz;2;1144;;17;BGA1023;Laptop
;Intel Core i5-2540M @ 2.60GHz;2;2354;;35;BGA1023;Laptop
;Intel Core i5-2550K @ 3.40GHz;4;4228;;95;LGA1155;Desktop
;Intel Core i5-2557M @ 1.70GHz;2;1618;;17;BGA1023;Laptop
;Intel Core i5-2560M @ 2.70GHz;2;2397;;NA;Unknown;Laptop
;Intel Core i5-3170K @ 3.20GHz;4;8882;;NA;Unknown;Unknown
;Intel Core i5-3210M @ 2.50GHz;2;2471;;35;PGA988B;Laptop
;Intel Core i5-3230M @ 2.60GHz;2;2568;;35;PGA988;Laptop
;Intel Core i5-3317U @ 1.70GHz;2;2013;;17;BGA1023;Laptop
;Intel Core i5-3320M @ 2.60GHz;2;2658;;35;BGA1023;Laptop
;Intel Core i5-3330 @ 3.00GHz;4;4098;;77;LGA1155;Desktop
;Intel Core i5-3330S @ 2.70GHz;4;3911;;65;LGA1155;Desktop
;Intel Core i5-3335S @ 2.70GHz;4;3815;;65;LGA1155;Desktop
;Intel Core i5-3337U @ 1.80GHz;2;2091;;17;BGA1023;Laptop
;Intel Core i5-3339Y @ 1.50GHz;2;1589;;13;BGA1023;Desktop
;Intel Core i5-3340 @ 3.10GHz;4;4233;;77;LGA1155;Desktop
;Intel Core i5-3340M @ 2.70GHz;2;2690;;35;BGA1023;Laptop
;Intel Core i5-3340S @ 2.80GHz;4;3954;;65;LGA1155;Desktop
;Intel Core i5-3350P @ 3.10GHz;4;4308;;69;LGA1155;Desktop
;Intel Core i5-3360M @ 2.80GHz;2;2892;;35;BGA1023;Laptop
;Intel Core i5-3380M @ 2.90GHz;2;2935;;35;FCPGA988, FCBGA1;Laptop
;Intel Core i5-3427U @ 1.80GHz;2;2251;;17;BGA1023;Laptop
;Intel Core i5-3437U @ 1.90GHz;2;2162;;17;BGA1023;Laptop
;Intel Core i5-3439Y @ 1.50GHz;2;1957;;13;BGA1023;Desktop
;Intel Core i5-3450 @ 3.10GHz;4;4513;;77;LGA1155;Desktop
;Intel Core i5-3450S @ 2.80GHz;4;4391;;65;LGA1155;Desktop
;Intel Core i5-3470 @ 3.20GHz;4;4667;;77;LGA1155;Desktop
;Intel Core i5-3470S @ 2.90GHz;4;4383;;65;LGA1155;Desktop
;Intel Core i5-3470T @ 2.90GHz;2;2999;;35;LGA1155;Desktop
;Intel Core i5-3475S @ 2.90GHz;4;4315;;65;LGA1155;Desktop
;Intel Core i5-3550 @ 3.30GHz;4;4774;;77;LGA1155;Desktop
;Intel Core i5-3550S @ 3.00GHz;4;4442;;65;LGA1155;Desktop
;Intel Core i5-3570 @ 3.40GHz;4;4933;;77;LGA1155;Desktop
;Intel Core i5-3570K @ 3.40GHz;4;4973;;77;LGA1155;Desktop
;Intel Core i5-3570S @ 3.10GHz;4;4684;;65;LGA1155;Desktop
;Intel Core i5-3570T @ 2.30GHz;4;3875;;45;LGA1155;Desktop
;Intel Core i5-3610ME @ 2.70GHz;2;2652;;35;BGA1023;Laptop
;Intel Core i5-4200H @ 2.80GHz;2;3023;;47;BGA1364;Desktop
;Intel Core i5-4200M @ 2.50GHz;2;2809;;37;PGA946;Laptop
;Intel Core i5-4200U @ 1.60GHz;2;2180;;15;BGA1168;Laptop
;Intel Core i5-4200Y @ 1.40GHz;2;1558;;11.5;BGA1168;Desktop
;Intel Core i5-4202Y @ 1.60GHz;2;1552;;11.5;FCBGA1168;Desktop
;Intel Core i5-4210H @ 2.90GHz;2;3082;;47;FCBGA1364;Laptop
;Intel Core i5-4210M @ 2.60GHz;2;2899;;37;FCPGA946;Laptop
;Intel Core i5-4210U @ 1.70GHz;2;2315;;15;FCBGA1168;Laptop
;Intel Core i5-4210Y @ 1.50GHz;2;1543;;11;BGA1168;Desktop
;Intel Core i5-4220Y @ 1.60GHz;2;1652;;11.5;FCBGA1364;Laptop
;Intel Core i5-4230U @ 1.90GHz;2;1853;;15;FCBGA1364;Laptop
;Intel Core i5-4250U @ 1.30GHz;2;2145;;15;BGA1168;Laptop
;Intel Core i5-4258U @ 2.40GHz;2;2626;;28;FCBGA1168;Laptop
;Intel Core i5-4260U @ 1.40GHz;2;2308;;15;FCBGA1168;Laptop
;Intel Core i5-4278U @ 2.60GHz;2;2831;;28;FCBGA1168;Laptop
;Intel Core i5-4288U @ 2.60GHz;2;2659;;28;FCBGA1168;Laptop
;Intel Core i5-4300M @ 2.60GHz;2;2961;;37;PGA946;Laptop
;Intel Core i5-4300U @ 1.90GHz;2;2485;;15;FCBGA1168;Laptop
;Intel Core i5-4300Y @ 1.60GHz;2;1499;;11.5;BGA1168;Desktop
;Intel Core i5-4302Y @ 1.60GHz;2;1580;;11.5;FCBGA1168;Desktop
;Intel Core i5-4308U @ 2.80GHz;2;2988;;28;FCBGA1364;Laptop
;Intel Core i5-430M @ 2.27GHz;2;1209;;35;BGA1288;Laptop
;Intel Core i5-430UM @ 1.20GHz;2;627;;18;BGA1288;Laptop
;Intel Core i5-4310M @ 2.70GHz;2;3070;;37;Unknown;Laptop
;Intel Core i5-4310U @ 2.00GHz;2;2527;;15;FCBGA1168;Laptop
;Intel Core i5-4330M @ 2.80GHz;2;3190;;37;Unknown;Laptop
;Intel Core i5-4340M @ 2.90GHz;2;3380;;37;Unknown;Laptop
;Intel Core i5-4350U @ 1.40GHz;2;2425;;15;BGA1168;Laptop
;Intel Core i5-4400E @ 2.70GHz;2;3251;;37;BGA1364;Desktop
;Intel Core i5-4402E @ 1.60GHz;2;2681;;25;FCBGA1364;Laptop
;Intel Core i5-4422E @ 1.80GHz;2;1907;;25;FCBGA1364;Laptop
;Intel Core i5-4430 @ 3.00GHz;4;4663;;84;LGA1150;Desktop
;Intel Core i5-4430S @ 2.70GHz;4;4367;;65;LGA1150;Desktop
;Intel Core i5-4440 @ 3.10GHz;4;4787;;84;FCLGA1150;Desktop
;Intel Core i5-4440S @ 2.80GHz;4;4373;;65;LGA1150;Desktop
;Intel Core i5-4460 @ 3.20GHz;4;4913;;84;LGA1150;Desktop
;Intel Core i5-4460S @ 2.90GHz;4;4646;;65;LGA1150;Desktop
;Intel Core i5-4460T @ 1.90GHz;4;3651;;35;LGA1150;Desktop
;Intel Core i5-4470 @ 3.30GHz;4;4491;;84;LGA1150;Desktop
;Intel Core i5-4470S @ 3.00GHz;4;4742;;65;LGA1150;Desktop
;Intel Core i5-450M @ 2.40GHz;2;1267;;35;PGA988A;Laptop
;Intel Core i5-4570 @ 3.20GHz;4;5238;;84;LGA1150;Desktop
;Intel Core i5-4570R @ 2.70GHz;4;4589;;65;FCBGA1364;Desktop
;Intel Core i5-4570S @ 2.90GHz;4;5017;;65;LGA1150;Desktop
;Intel Core i5-4570T @ 2.90GHz;2;3222;;35;LGA1150;Desktop
;Intel Core i5-4570TE @ 2.70GHz;2;3085;;35;LGA1150;Desktop
;Intel Core i5-4590 @ 3.30GHz;4;5373;;84;LGA1150;Desktop
;Intel Core i5-4590S @ 3.00GHz;4;5131;;65;LGA1150;Desktop
;Intel Core i5-4590T @ 2.00GHz;4;4066;;35;LGA1150;Desktop
;Intel Core i5-460M @ 2.53GHz;2;1320;;35;BGA1288;Laptop
;Intel Core i5-4670 @ 3.40GHz;4;5495;;84;LGA1150;Desktop
;Intel Core i5-4670K @ 3.40GHz;4;5580;;84;LGA1150;Desktop
;Intel Core i5-4670K CPT @ 3.40GHz;4;5034;;84;LGA1150;Desktop
;Intel Core i5-4670R @ 3.00GHz;4;5233;;65;FCBGA1364;Desktop
;Intel Core i5-4670S @ 3.10GHz;4;5252;;65;FCLGA1150;Desktop
;Intel Core i5-4670T @ 2.30GHz;4;4488;;45;FCLGA1150;Desktop
;Intel Core i5-4690 @ 3.50GHz;4;5588;;84;LGA1150;Desktop
;Intel Core i5-4690K @ 3.50GHz;4;5696;;88;LGA1150;Desktop
;Intel Core i5-4690S @ 3.20GHz;4;5480;;65;LGA1150;Desktop
;Intel Core i5-4690T @ 2.50GHz;4;4620;;45;LGA1150;Desktop
;Intel Core i5-470UM @ 1.33GHz;2;782;;18;BGA1288;Laptop
;Intel Core i5-480M @ 2.67GHz;2;1324;;35;BGA1288;Laptop
;Intel Core i5-5200U @ 2.20GHz;2;2504;;15;FCBGA1168;Laptop
;Intel Core i5-520M @ 2.40GHz;2;1728;;35;BGA1288;Laptop
;Intel Core i5-520UM @ 1.07GHz;2;908;;18;BGA1288;Laptop
;Intel Core i5-5250U @ 1.60GHz;2;2452;;15;FCBGA1168;Laptop
;Intel Core i5-5257U @ 2.70GHz;2;2837;;23;FCBGA1168;Laptop
;Intel Core i5-5287U @ 2.90GHz;2;3084;;28;FCBGA1168;Laptop
;Intel Core i5-5300U @ 2.30GHz;2;2711;;15;FCBGA1168;Laptop
;Intel Core i5-5350U @ 1.80GHz;2;2596;;15;FCBGA1168;Laptop
;Intel Core i5-540M @ 2.53GHz;2;1792;;35;BGA1288;Laptop
;Intel Core i5-540UM @ 1.20GHz;2;1002;;18;BGA1288;Laptop
;Intel Core i5-5575R @ 2.80GHz;4;5070;;65;LGA1150;Desktop
;Intel Core i5-560M @ 2.67GHz;2;1894;;35;BGA1288;Laptop
;Intel Core i5-560UM @ 1.33GHz;2;1015;;18;BGA1288;Laptop
;Intel Core i5-5675C @ 3.10GHz;4;5689;;65;FCLGA1150;Desktop
;Intel Core i5-5675R @ 3.10GHz;4;5564;;65;FCBGA1364;Desktop
;Intel Core i5-580M @ 2.67GHz;2;1978;;35;BGA1288;Laptop
;Intel Core i5-6198DU @ 2.30GHz;2;3107;;15;BGA1356;Laptop
;Intel Core i5-6200U @ 2.30GHz;2;2987;;15;FCBGA1356;Laptop
;Intel Core i5-6260U @ 1.80GHz;2;3203;;15;FCBGA1356;Laptop
;Intel Core i5-6267U @ 2.90GHz;2;3344;;28;FCBGA1356;Laptop
;Intel Core i5-6287U @ 3.10GHz;2;3801;;28;FCBGA1356;Laptop
;Intel Core i5-6300HQ @ 2.30GHz;4;4676;;45;LGA 1151;Laptop
;Intel Core i5-6300U @ 2.40GHz;2;3207;;15;FCBGA1356;Laptop
;Intel Core i5-6350HQ @ 2.30GHz;4;4255;;45;LGA 1151;Laptop
;Intel Core i5-6360U @ 2.00GHz;2;3107;;15;FCBGA1356;Laptop
;Intel Core i5-6400 @ 2.70GHz;4;5171;;65;LGA 1151;Desktop
;Intel Core i5-6400T @ 2.20GHz;4;4255;;35;LGA 1151;Desktop
;Intel Core i5-6402P @ 2.80GHz;4;5336;;65;LGA 1151;Desktop
;Intel Core i5-6440EQ @ 2.70GHz;4;5408;;45;FCBGA1440;Laptop
;Intel Core i5-6440HQ @ 2.60GHz;4;5022;;45;LGA 1151;Laptop
;Intel Core i5-6442EQ @ 1.90GHz;4;4483;;25;FCBGA1440;Laptop
;Intel Core i5-650 @ 3.20GHz;2;2252;;73;LGA1156;Desktop
;Intel Core i5-6500 @ 3.20GHz;4;5600;;65;LGA 1151;Desktop
;Intel Core i5-6500T @ 2.50GHz;4;4758;;35;LGA 1151;Desktop
;Intel Core i5-6500TE @ 2.30GHz;4;4902;;35;LGA 1151;Desktop
;Intel Core i5-655K @ 3.20GHz;2;2017;;73;LGA1156;Desktop
;Intel Core i5-660 @ 3.33GHz;2;2428;;73;LGA1156;Desktop
;Intel Core i5-6600 @ 3.30GHz;4;6049;;65;LGA 1151;Desktop
;Intel Core i5-6600K @ 3.50GHz;4;6300;;91;FCLGA1151;Desktop
;Intel Core i5-6600T @ 2.70GHz;4;5575;;35;LGA 1151;Desktop
;Intel Core i5-661 @ 3.33GHz;2;2395;;87;LGA1156;Desktop
;Intel Core i5-670 @ 3.47GHz;2;2553;;73;LGA1156;Desktop
;Intel Core i5-680 @ 3.60GHz;2;2670;;73;LGA1156;Desktop
;Intel Core i5-7200U @ 2.50GHz;2;3367;;15;FCBGA1356;Laptop
;Intel Core i5-7260U @ 2.20GHz;2;3966;;15;BGA1356;Laptop
;Intel Core i5-7267U @ 3.10GHz;2;3622;;28;BGA1356;Laptop
;Intel Core i5-7287U @ 3.30GHz;2;3743;;28;Unknown;Laptop
;Intel Core i5-7300HQ @ 2.50GHz;4;5081;;45;Unknown;Laptop
;Intel Core i5-7300U @ 2.60GHz;2;3631;;15;FCBGA1356;Laptop
;Intel Core i5-7360U @ 2.30GHz;2;3827;;15;FCBGA1356;Laptop
;Intel Core i5-7400 @ 3.00GHz;4;5475;;65;FCLGA1151;Desktop
;Intel Core i5-7400T @ 2.40GHz;4;4695;;35;LGA1151;Desktop
;Intel Core i5-7440EQ @ 2.90GHz;4;5711;;45;FCBGA1440;Laptop
;Intel Core i5-7440HQ @ 2.80GHz;4;5477;;45;BGA1440;Laptop
;Intel Core i5-7442EQ @ 2.10GHz;4;4834;;25;FCBGA1440;Laptop
;Intel Core i5-750 @ 2.67GHz;4;2542;;95;LGA1156;Desktop
;Intel Core i5-7500 @ 3.40GHz;4;6027;;65;LGA1151;Desktop
;Intel Core i5-7500T @ 2.70GHz;4;5213;;35;FCLGA1151;Desktop
;Intel Core i5-760 @ 2.80GHz;4;2665;;95;LGA1156;Desktop
;Intel Core i5-7600 @ 3.50GHz;4;6564;;65;FCLGA1151;Desktop
;Intel Core i5-7600K @ 3.80GHz;4;6807;;91;FCLGA1151;Desktop
;Intel Core i5-7600T @ 2.80GHz;4;5834;;35;FCLGA1151;Desktop
;Intel Core i5-760S @ 2.53GHz;4;5440;;NA;Unknown;Unknown
;Intel Core i5-7640X @ 4.00GHz;4;7060;;112;FCLGA2066;Desktop
;Intel Core i5-7Y54 @ 1.20GHz;2;2605;;4.5;FCBGA1515;Laptop
;Intel Core i5-7Y57 @ 1.20GHz;2;2585;;4.5;FCBGA1515;Laptop
;Intel Core i5-8200Y @ 1.30GHz;2;2229;;5;FCBGA1515;Laptop
;Intel Core i5-8210Y @ 1.60GHz;2;2726;;7;FCBGA1515;Laptop
;Intel Core i5-8250U @ 1.60GHz;4;5806;;15; FC-BGA1356;Laptop
;Intel Core i5-8257U @ 1.40GHz;4;7426;;15;FCBGA1528;Laptop
;Intel Core i5-8259U @ 2.30GHz;4;7846;;28;FCBGA1528;Laptop
;Intel Core i5-8260U @ 1.60GHz;4;7316;;15;FCBGA1528;Laptop
;Intel Core i5-8265U @ 1.60GHz;4;5811;;15;FCBGA1528;Laptop
;Intel Core i5-8265UC @ 1.60GHz;4;5187;;NA;FCBGA1528;Laptop
;Intel Core i5-8269U @ 2.60GHz;4;7111;;28;FCBGA1528;Laptop, Mobile/Embedded
;Intel Core i5-8279U @ 2.40GHz;4;7483;;28;FCBGA1528;Laptop
;Intel Core i5-8300H @ 2.30GHz;4;7376;;45;FCLGA1151-2;Laptop
;Intel Core i5-8305G @ 2.80GHz;4;6801;;65;BGA2270;Laptop
;Intel Core i5-8350U @ 1.70GHz;4;6103;;15;FC-BGA1356;Laptop
;Intel Core i5-8365U @ 1.60GHz;4;5942;;15;FCBGA1528;Laptop
;Intel Core i5-8365UE @ 1.60GHz;4;5528;;15;FCBGA1528;Laptop
;Intel Core i5-8400 @ 2.80GHz;6;9227;;65;FCLGA1151-2;Desktop
;Intel Core i5-8400H @ 2.50GHz;4;7469;;45;FCBGA1440;Laptop
;Intel Core i5-8400T @ 1.70GHz;6;7423;;35;FCLGA1151-2;Desktop
;Intel Core i5-8500 @ 3.00GHz;6;9519;;65;FCLGA1151-2;Desktop
;Intel Core i5-8500B @ 3.00GHz;6;8891;;65;FCBGA1440;Laptop
;Intel Core i5-8500T @ 2.10GHz;6;7729;;35;FCLGA1151-2;Desktop
;Intel Core i5-8600 @ 3.10GHz;6;9958;;65;FCLGA1151-2;Desktop
;Intel Core i5-8600K @ 3.60GHz;6;10129;;95;FCLGA1151-2;Desktop
;Intel Core i5-8600T @ 2.30GHz;6;9209;;35;FCLGA1151-2;Desktop
;Intel Core i5-9300H @ 2.40GHz;4;7441;;45;FCBGA1440;Laptop
;Intel Core i5-9300HF @ 2.40GHz;4;7269;;45;FCBGA1440;Laptop
;Intel Core i5-9400 @ 2.90GHz;6;9371;;65;FCLGA1151-2;Desktop
;Intel Core i5-9400F @ 2.90GHz;6;9461;;65;FCLGA1151-2;Desktop, Laptop
;Intel Core i5-9400H @ 2.50GHz;4;7779;;45;FCBGA1440;Laptop
;Intel Core i5-9400T @ 1.80GHz;6;8206;;35;FCLGA1151-2;Desktop
;Intel Core i5-9500 @ 3.00GHz;6;9823;;65;FCLGA1151-2;Desktop
;Intel Core i5-9500E @ 3.00GHz;6;9104;;65;FCLGA1151;Mobile/Embedded
;Intel Core i5-9500F @ 3.00GHz;6;9964;;65;FCLGA1151-2;Desktop
;Intel Core i5-9500T @ 2.20GHz;6;8095;;35;FCLGA1151-2;Desktop
;Intel Core i5-9500TE @ 2.20GHz;6;9776;;35;FCLGA1151-2;Laptop
;Intel Core i5-9600 @ 3.10GHz;6;10315;;65;FCLGA1151-2;Desktop
;Intel Core i5-9600K @ 3.70GHz;6;10643;;95;FCLGA1151-2;Desktop
;Intel Core i5-9600KF @ 3.70GHz;6;10649;;95;FCLGA1151-2;Desktop
;Intel Core i5-9600T @ 2.30GHz;6;9604;;35;FCLGA1151-2;Desktop
;Intel Core i5-L16G7 @ 1.40GHz;5;3280;;7;FC-CSP1016;Laptop
;Intel Core i7-10510U @ 1.80GHz;4;6404;;15;FCBGA1528;Laptop
;Intel Core i7-10510Y @ 1.20GHz;4;3560;;7;UTFCBGA1377;Laptop
;Intel Core i7-1060NG7 @ 1.20GHz;4;6538;;10;FCBGA1526;Laptop
;Intel Core i7-10610U @ 1.80GHz;4;6575;;15;FCBGA1528;Laptop
;Intel Core i7-1065G7 @ 1.30GHz;4;8154;;15;FCBGA-1526;Laptop
;Intel Core i7-1068NG7 @ 2.30GHz;4;9241;;28;FCBGA1344;Laptop
;Intel Core i7-10700 @ 2.90GHz;8;16104;;65;FCLGA1200;Desktop
;Intel Core i7-10700E @ 2.90GHz;8;16086;;65;FCLGA1200;Laptop, Mobile/Embedded
;Intel Core i7-10700F @ 2.90GHz;8;16151;;65;FCLGA1200;Desktop
;Intel Core i7-10700K @ 3.80GHz;8;18571;;125;FCLGA1200;Desktop
;Intel Core i7-10700KF @ 3.80GHz;8;18376;;125;FCLGA1200;Desktop
;Intel Core i7-10700T @ 2.00GHz;8;12890;;35;FCLGA1200;Desktop
;Intel Core i7-10700TE @ 2.00GHz;8;13505;;35;FCLGA1200;Laptop
;Intel Core i7-10710U @ 1.10GHz;6;9276;;15;FCBGA1528;Laptop
;Intel Core i7-10750H @ 2.60GHz;6;11571;;45;FCBGA1440;Laptop
;Intel Core i7-10810U @ 1.10GHz;6;7987;;15;FCBGA1528;Laptop
;Intel Core i7-10850H @ 2.70GHz;6;11612;;45;FCBGA1440;Laptop
;Intel Core i7-10870H @ 2.20GHz;8;14117;;45;FCBGA1440;Laptop
;Intel Core i7-10875H @ 2.30GHz;8;14545;;45;FCBGA1440;Laptop
;Intel Core i7-11370H @ 3.30GHz;4;11576;;35;FCBGA1449;Laptop
;Intel Core i7-11375H @ 3.30GHz;4;11745;;35;FCBGA1449;Laptop
;Intel Core i7-11390H @ 3.40GHz;4;9831;;35;FCBGA1449;Laptop
;Intel Core i7-11600H @ 2.90GHz;6;15594;;45;FCBGA1787;Laptop
;Intel Core i7-1160G7 @ 1.20GHz;4;8732;;NA;FCBGA1598;Laptop
;Intel Core i7-1165G7 @ 2.80GHz;4;9892;;15;BGA1526;Laptop
;Intel Core i7-11700 @ 2.50GHz;8;20640;;65;FCLGA1200;Desktop
;Intel Core i7-11700B @ 3.20GHz;8;21581;;65;FCBGA1787;Desktop
;Intel Core i7-11700F @ 2.50GHz;8;20745;;65;FCLGA1200;Desktop
;Intel Core i7-11700K @ 3.60GHz;8;24380;;125;FCLGA1200;Desktop
;Intel Core i7-11700KF @ 3.60GHz;8;23796;;125;FCLGA1200;Desktop
;Intel Core i7-11700T @ 1.40GHz;8;15397;;35;FCLGA1200;Desktop
;Intel Core i7-11800H @ 2.30GHz;8;19888;;45;FCBGA1787;Laptop
;Intel Core i7-1180G7 @ 1.30GHz;4;7840;;15;FCBGA1598;Laptop
;Intel Core i7-11850H @ 2.50GHz;8;19929;;45;FCBGA1787;Laptop
;Intel Core i7-11850HE @ 2.60GHz;8;21365;;35;FCBGA1787;Mobile/Embedded
;Intel Core i7-1185G7 @ 3.00GHz;4;10056;;15;BGA1526;Laptop
;Intel Core i7-1185G7E @ 2.80GHz;4;9905;;15;FCBGA1449;Laptop, Mobile/Embedded
;Intel Core i7-1185GRE @ 2.80GHz;4;7892;;15;FCBGA1449;Mobile/Embedded
;Intel Core i7-1195G7 @ 2.90GHz;4;10524;;28;FCBGA1449;Laptop
;Intel Core i7-1250U;2;11311;;9;FCBGA1781;Laptop
;Intel Core i7-1255U;2;13160;;15;FCBGA1744;Laptop
;Intel Core i7-1260P;4;16646;;28;FCBGA1744;Laptop
;Intel Core i7-1260U;2;13806;;9;FCBGA1781;Laptop
;Intel Core i7-12650H;6;21830;;45;FCBGA1744;Laptop
;Intel Core i7-12650HX;6;21547;;55;FCBGA1964;Laptop, Mobile/Embedded
;Intel Core i7-1265U;2;13321;;15;FCBGA1744;Laptop, Mobile/Embedded
;Intel Core i7-1265UE;2;9398;;28;FCBGA1744;Laptop, Mobile/Embedded
;Intel Core i7-1265UL;2;18294;;15;FCLGA1700;Mobile/Embedded
;Intel Core i7-12700;8;30086;;65;FCLGA1700;Desktop
;Intel Core i7-12700E;8;28302;;65;FCLGA1700;Desktop, Mobile/Embedded
;Intel Core i7-12700F;8;30334;;65;FCLGA1700;Desktop
;Intel Core i7-12700H;6;25427;;45;FCBGA1744;Laptop
;Intel Core i7-12700K;8;34366;;190;FCLGA1700;Desktop
;Intel Core i7-12700KF;8;34077;;190;FCLGA1700;Desktop
;Intel Core i7-12700T;8;21089;;35;FCLGA1700;Desktop
;Intel Core i7-12700TE;8;19744;;35;FCLGA1700;Laptop, Mobile/Embedded
;Intel Core i7-1270P;4;16713;;28;BGA1700;Laptop
;Intel Core i7-1270PE;4;17960;;28;FCBGA1744;Mobile/Embedded
;Intel Core i7-12800H;6;24202;;45;FCBGA1744;Laptop
;Intel Core i7-12800HE;6;26096;;45;FCBGA1744;Mobile/Embedded
;Intel Core i7-12800HX;8;31409;;55;FCBGA1964;Laptop
;Intel Core i7-1280P;6;20042;;28;FCBGA1744;Laptop
;Intel Core i7-12850HX;8;30572;;55;FCBGA1964;Laptop
;Intel Core i7-1355U;2;14144;;15;FCBGA1744;Laptop
;Intel Core i7-1360P;4;18606;;28;FCBGA1744;Laptop
;Intel Core i7-13620H;6;23921;;45;FCBGA1744;Laptop
;Intel Core i7-13650HX;6;30610;;55;FCBGA1964;Laptop
;Intel Core i7-1365U;2;13924;;15;FCBGA1744;Laptop
;Intel Core i7-1365UE;2;10238;;28;FCBGA1744;Mobile/Embedded
;Intel Core i7-1365URE;2;10636;;15;FCBGA1744;Mobile/Embedded
;Intel Core i7-13700;8;36249;;65;FCLGA1700;Desktop
;Intel Core i7-13700E;8;33867;;65;FCLGA1700;Mobile/Embedded
;Intel Core i7-13700F;8;38310;;65;FCLGA1700;Desktop
;Intel Core i7-13700H;6;26194;;45;FCBGA1744;Laptop
;Intel Core i7-13700HX;8;32345;;55;FCBGA1964;Laptop
;Intel Core i7-13700K;8;45806;;125;FCLGA1700;Desktop
;Intel Core i7-13700KF;8;45760;;125;FCLGA1700;Desktop
;Intel Core i7-13700T;8;27913;;35;FCLGA1700;Desktop
;Intel Core i7-13700TE;8;21821;;35;FCLGA1700;Laptop
;Intel Core i7-13705H;6;24921;;45;FCBGA1792;Laptop
;Intel Core i7-1370P;6;20113;;28;FCBGA1744;Laptop
;Intel Core i7-1370PE;6;21920;;28;FCBGA1744;Mobile/Embedded
;Intel Core i7-1370PRE;6;19159;;28;FCBGA1744;Mobile/Embedded
;Intel Core i7-13790F;8;43549;;65;FCLGA1700;Desktop
;Intel Core i7-13800H;6;26423;;45;FCBGA1744;Laptop
;Intel Core i7-13800HRE;6;19884;;45;FCBGA1744;Mobile/Embedded
;Intel Core i7-13850HX;8;36449;;55;FCBGA1964;Laptop
;Intel Core i7-14650HX;8;34682;;55;FCBGA1964;Laptop
;Intel Core i7-14700;8;41140;;65;FCLGA1700;Desktop
;Intel Core i7-14700F;8;41541;;65;FCLGA1700;Desktop
;Intel Core i7-14700HX;8;37199;;55;FCBGA1964;Laptop
;Intel Core i7-14700K;8;52281;;125;FCLGA1700;Desktop
;Intel Core i7-14700KF;8;52312;;125;FCLGA1700;Desktop
;Intel Core i7-14700T;8;31341;;35;FCLGA1700;Desktop
;Intel Core i7-14701E;8;26146;;65;FCLGA1700;Mobile/Embedded
;Intel Core i7-14701TE;8;27519;;45;FCLGA1700;Mobile/Embedded
;Intel Core i7-14790F;8;40075;;65;Unknown;Desktop
;Intel Core i7-2600 @ 3.40GHz;4;5346;;95;LGA1155;Desktop
;Intel Core i7-2600K @ 3.40GHz;4;5488;;95;LGA1155;Desktop
;Intel Core i7-2600S @ 2.80GHz;4;4636;;65;LGA1155;Desktop
;Intel Core i7-2610UE @ 1.50GHz;2;1527;;17;BGA1023;Laptop
;Intel Core i7-2617M @ 1.50GHz;2;1687;;17;BGA1023;Laptop
;Intel Core i7-2620M @ 2.70GHz;2;2426;;35;BGA1023;Laptop
;Intel Core i7-2630QM @ 2.00GHz;4;3544;;45;PGA988B;Laptop
;Intel Core i7-2630UM @ 1.60GHz;2;400;;NA;Unknown;Laptop
;Intel Core i7-2635QM @ 2.00GHz;4;3541;;45;BGA1224;Laptop
;Intel Core i7-2637M @ 1.70GHz;2;1889;;17;BGA1023;Laptop
;Intel Core i7-2640M @ 2.80GHz;2;2450;;35;BGA1023;Laptop
;Intel Core i7-2655LE @ 2.20GHz;2;1999;;25;BGA1023;Desktop
;Intel Core i7-2670QM @ 2.20GHz;4;3760;;45;PGA988B;Laptop
;Intel Core i7-2675QM @ 2.20GHz;4;3913;;45;BGA1224;Laptop
;Intel Core i7-2677M @ 1.80GHz;2;1900;;17;BGA1023;Laptop
;Intel Core i7-2700K @ 3.50GHz;4;5707;;95;LGA1155;Desktop
;Intel Core i7-2710QE @ 2.10GHz;4;3749;;45;PGA988B;Laptop
;Intel Core i7-2715QE @ 2.10GHz;4;3221;;45;BGA1023;Laptop
;Intel Core i7-2720QM @ 2.20GHz;4;4010;;45;BGA1224;Laptop
;Intel Core i7-2760QM @ 2.40GHz;4;4337;;45;BGA1224;Laptop
;Intel Core i7-2820QM @ 2.30GHz;4;4399;;45;BGA1224;Laptop
;Intel Core i7-2840QM @ 2.40GHz;4;3842;;NA;rPGA988B;Laptop
;Intel Core i7-2860QM @ 2.50GHz;4;4581;;45;BGA1224;Laptop
;Intel Core i7-2920XM @ 2.50GHz;4;4336;;55;FCPGA988;Laptop
;Intel Core i7-2960XM @ 2.70GHz;4;4740;;55;PGA988B;Laptop
;Intel Core i7-3517U @ 1.90GHz;2;2109;;17;BGA1023;Laptop
;Intel Core i7-3517UE @ 1.70GHz;2;2384;;17;BGA1023;Laptop
;Intel Core i7-3520M @ 2.90GHz;2;2840;;35;BGA1023;Laptop
;Intel Core i7-3537U @ 2.00GHz;2;2347;;17;BGA1023;Laptop
;Intel Core i7-3540M @ 3.00GHz;2;2979;;35;rPGA988B;Laptop
;Intel Core i7-3555LE @ 2.50GHz;2;2238;;25;BGA1023;Laptop
;Intel Core i7-3610QE @ 2.30GHz;4;5234;;45;rPGA988B;Laptop
;Intel Core i7-3610QM @ 2.30GHz;4;5124;;45;PGA988B;Laptop
;Intel Core i7-3612QE @ 2.10GHz;4;4929;;35;BGA1224;Laptop
;Intel Core i7-3612QM @ 2.10GHz;4;4658;;35;PGA988B, FCBGA12;Laptop
;Intel Core i7-3615QE @ 2.30GHz;4;5617;;45;BGA1224;Laptop
;Intel Core i7-3615QM @ 2.30GHz;4;5166;;45;BGA1224;Laptop
;Intel Core i7-3630QM @ 2.40GHz;4;5131;;45;rPGA988B;Laptop
;Intel Core i7-3632QM @ 2.20GHz;4;4751;;35;rPGA988B;Laptop
;Intel Core i7-3635QM @ 2.40GHz;4;4726;;45;Unknown;Laptop
;Intel Core i7-3667U @ 2.00GHz;2;2447;;17;BGA1023;Laptop
;Intel Core i7-3687U @ 2.10GHz;2;2621;;17;BGA1023;Laptop
;Intel Core i7-3689Y @ 1.50GHz;2;1967;;13;FCBGA1023;Laptop
;Intel Core i7-3720QM @ 2.60GHz;4;5606;;45;BGA1224;Laptop
;Intel Core i7-3740QM @ 2.70GHz;4;5705;;45;rPGA988B;Laptop
;Intel Core i7-3770 @ 3.40GHz;4;6418;;77;LGA1155;Desktop
;Intel Core i7-3770K @ 3.50GHz;4;6492;;77;LGA1155;Desktop
;Intel Core i7-3770S @ 3.10GHz;4;6171;;65;LGA1155;Desktop
;Intel Core i7-3770T @ 2.50GHz;4;5421;;45;LGA1155;Desktop
;Intel Core i7-3820 @ 3.60GHz;4;5790;;130;LGA2011;Desktop
;Intel Core i7-3820QM @ 2.70GHz;4;5609;;45;BGA1224;Laptop
;Intel Core i7-3840QM @ 2.80GHz;4;5880;;45;rPGA988B;Laptop
;Intel Core i7-3920XM @ 2.90GHz;4;5713;;55;FCPGA988;Laptop
;Intel Core i7-3930K @ 3.20GHz;6;8209;;130;LGA2011;Desktop
;Intel Core i7-3940XM @ 3.00GHz;4;5949;;55;rPGA988B;Laptop
;Intel Core i7-3960X @ 3.30GHz;6;8401;;130;LGA2011;Desktop
;Intel Core i7-3970X @ 3.50GHz;6;8564;;150;LGA2011;Desktop
;Intel Core i7-4500U @ 1.80GHz;2;2490;;15;BGA1168;Laptop
;Intel Core i7-4510U @ 2.00GHz;2;2632;;15;FCBGA1168;Laptop
;Intel Core i7-4550U @ 1.50GHz;2;2307;;15;BGA1168;Laptop
;Intel Core i7-4558U @ 2.80GHz;2;2963;;28;BGA1168;Laptop
;Intel Core i7-4560U @ 1.60GHz;2;2473;;NA;Unknown;Laptop
;Intel Core i7-4578U @ 3.00GHz;2;3089;;28;FCBGA1168;Laptop
;Intel Core i7-4600M @ 2.90GHz;2;3203;;37;PGA946;Laptop
;Intel Core i7-4600U @ 2.10GHz;2;2723;;15;FCBGA1168;Laptop
;Intel Core i7-4610M @ 3.00GHz;2;3242;;37;FPGA946,FPGA947;Laptop
;Intel Core i7-4610Y @ 1.70GHz;2;2446;;11.5;BGA1168;Desktop
;Intel Core i7-4650U @ 1.70GHz;2;2457;;15;BGA1168;Laptop
;Intel Core i7-4700EQ @ 2.40GHz;4;5417;;47;FCBGA1364;Desktop
;Intel Core i7-4700HQ @ 2.40GHz;4;5597;;47;FCBGA1364;Laptop
;Intel Core i7-4700MQ @ 2.40GHz;4;5344;;47;rPGA946B;Laptop
;Intel Core i7-4702HQ @ 2.20GHz;4;5398;;37;FCBGA1364;Laptop
;Intel Core i7-4702MQ @ 2.20GHz;4;5183;;37;FCPGA946;Laptop
;Intel Core i7-4710HQ @ 2.50GHz;4;5544;;47;FCBGA1364;Laptop
;Intel Core i7-4710MQ @ 2.50GHz;4;5787;;47;FCPGA946;Laptop
;Intel Core i7-4712HQ @ 2.30GHz;4;5344;;37;FCBGA1364;Laptop
;Intel Core i7-4712MQ @ 2.30GHz;4;5306;;37;FCPGA946;Laptop
;Intel Core i7-4720HQ @ 2.60GHz;4;5720;;47;BGA1364;Laptop
;Intel Core i7-4722HQ @ 2.40GHz;4;5768;;37;FCBGA1364;Laptop
;Intel Core i7-4750HQ @ 2.00GHz;4;5621;;47;FCBGA1364;Laptop
;Intel Core i7-4760HQ @ 2.10GHz;4;6300;;47;FCBGA1364;Laptop
;Intel Core i7-4765T @ 2.00GHz;4;5015;;35;FCLGA1150;Desktop
;Intel Core i7-4770 @ 3.40GHz;4;7052;;84;LGA1150;Desktop
;Intel Core i7-4770HQ @ 2.20GHz;4;6035;;47;FCBGA1364;Laptop
;Intel Core i7-4770K @ 3.50GHz;4;7142;;84;LGA1150;Desktop
;Intel Core i7-4770R @ 3.20GHz;4;6561;;65;FCBGA1364;Desktop
;Intel Core i7-4770S @ 3.10GHz;4;6750;;65;LGA1150;Desktop
;Intel Core i7-4770T @ 2.50GHz;4;5876;;45;LGA1150;Desktop
;Intel Core i7-4770TE @ 2.30GHz;4;5011;;45;LGA1150;Desktop
;Intel Core i7-4771 @ 3.50GHz;4;7141;;84;LGA1150;Desktop
;Intel Core i7-4785T @ 2.20GHz;4;5487;;35;FCLGA1150;Desktop
;Intel Core i7-4790 @ 3.60GHz;4;7263;;84;FCLGA1150;Desktop
;Intel Core i7-4790K @ 4.00GHz;4;8060;;88;LGA1150;Desktop
;Intel Core i7-4790S @ 3.20GHz;4;6971;;65;LGA1150;Desktop
;Intel Core i7-4790T @ 2.70GHz;4;6325;;45;LGA1150;Desktop
;Intel Core i7-4800MQ @ 2.70GHz;4;5775;;47;rPGA946B;Laptop
;Intel Core i7-4810MQ @ 2.80GHz;4;6063;;47;FCPGA946;Laptop
;Intel Core i7-4820K @ 3.70GHz;4;6520;;130;FCLGA2011;Desktop
;Intel Core i7-4850HQ @ 2.30GHz;4;6136;;47;FCBGA1364;Laptop
;Intel Core i7-4860EQ @ 1.80GHz;4;5508;;47;FCBGA1364;Laptop
;Intel Core i7-4860HQ @ 2.40GHz;4;6132;;47;FCBGA1364;Laptop
;Intel Core i7-4870HQ @ 2.50GHz;4;6316;;47;FCBGA1364;Laptop
;Intel Core i7-4900MQ @ 2.80GHz;4;6165;;47;FCPGA946;Laptop
;Intel Core i7-4910MQ @ 2.90GHz;4;6290;;47;FCPGA946;Laptop
;Intel Core i7-4930K @ 3.40GHz;6;9387;;130;LGA2011;Desktop
;Intel Core i7-4930MX @ 3.00GHz;4;6491;;57;FCPGA946;Laptop
;Intel Core i7-4940MX @ 3.10GHz;4;6768;;57;FPGA946,FPGA947;Laptop
;Intel Core i7-4960HQ @ 2.60GHz;4;6370;;47;FCBGA1364;Laptop
;Intel Core i7-4960X @ 3.60GHz;6;9935;;130;LGA2011;Desktop
;Intel Core i7-4980HQ @ 2.80GHz;4;6538;;47;FCBGA1364;Laptop
;Intel Core i7-5500U @ 2.40GHz;2;2805;;15;FCBGA1168;Laptop
;Intel Core i7-5550U @ 2.00GHz;2;2780;;15;FCBGA1168;Laptop
;Intel Core i7-5557U @ 3.10GHz;2;3149;;28;FCBGA1168;Laptop
;Intel Core i7-5600U @ 2.60GHz;2;3013;;15;FCBGA1168;Laptop
;Intel Core i7-5650U @ 2.20GHz;2;3007;;15;FCBGA1168;Laptop
;Intel Core i7-5675C @ 3.10GHz;4;6089;;65;LGA1150;Desktop
;Intel Core i7-5700EQ @ 2.60GHz;4;5803;;47;FCBGA1364;Laptop
;Intel Core i7-5700HQ @ 2.70GHz;4;6020;;47;FCBGA1364;Laptop
;Intel Core i7-5775C @ 3.30GHz;4;7688;;65;FCLGA1150;Desktop
;Intel Core i7-5775R @ 3.30GHz;4;7598;;65;LGA1150;Desktop
;Intel Core i7-5820K @ 3.30GHz;6;9825;;140;LGA2011-v3;Desktop
;Intel Core i7-5850EQ @ 2.70GHz;4;7036;;47;FCBGA1364;Laptop
;Intel Core i7-5850HQ @ 2.70GHz;4;6866;;47;FCBGA1364;Laptop
;Intel Core i7-5930K @ 3.50GHz;6;10339;;140;LGA2011-v3;Desktop
;Intel Core i7-5950HQ @ 2.90GHz;4;7667;;47;FCBGA1364;Laptop
;Intel Core i7-5960X @ 3.00GHz;8;13412;;140;LGA2011-v3;Desktop
;Intel Core i7-610E @ 2.53GHz;2;2071;;35;BGA1288;Laptop
;Intel Core i7-620LM @ 2.00GHz;2;1426;;25;rPGA988A;Laptop
;Intel Core i7-620M @ 2.67GHz;2;1976;;35;BGA1288;Laptop
;Intel Core i7-620UM @ 1.07GHz;2;1091;;18;BGA1288;Laptop
;Intel Core i7-640LM @ 2.13GHz;2;1522;;25;BGA1288;Laptop
;Intel Core i7-640M @ 2.80GHz;2;2093;;35;BGA1288;Laptop
;Intel Core i7-640UM @ 1.20GHz;2;1168;;18;BGA1288;Laptop
;Intel Core i7-6498DU @ 2.50GHz;2;3372;;15;BGA1356;Laptop
;Intel Core i7-6500U @ 2.50GHz;2;3274;;15;FCBGA1356;Laptop
;Intel Core i7-6560U @ 2.20GHz;2;3346;;15;Unknown;Laptop
;Intel Core i7-6567U @ 3.30GHz;2;3667;;28;FCBGA1356;Laptop
;Intel Core i7-6600U @ 2.60GHz;2;3407;;15;FCBGA1356;Laptop
;Intel Core i7-660UM @ 1.33GHz;2;1279;;18;BGA1288;Laptop
;Intel Core i7-6650U @ 2.20GHz;2;3551;;15;FCBGA1356;Laptop
;Intel Core i7-6660U @ 2.40GHz;2;3628;;15;FCBGA1356;Laptop
;Intel Core i7-6700 @ 3.40GHz;4;8049;;65;LGA 1151;Desktop
;Intel Core i7-6700HQ @ 2.60GHz;4;6520;;45;FCBGA1440;Laptop
;Intel Core i7-6700K @ 4.00GHz;4;8927;;95;LGA1151;Desktop
;Intel Core i7-6700T @ 2.80GHz;4;7017;;35;LGA 1151;Desktop
;Intel Core i7-6700TE @ 2.40GHz;4;6203;;35;LGA 1151;Desktop
;Intel Core i7-6770HQ @ 2.60GHz;4;7085;;45;FCBGA1440;Laptop
;Intel Core i7-6800K @ 3.40GHz;6;10712;;140;LGA2011-v3;Desktop
;Intel Core i7-680UM @ 1.47GHz;2;1196;;18;BGA1288;Laptop
;Intel Core i7-6820EQ @ 2.80GHz;4;7025;;45;FCBGA1440;Laptop
;Intel Core i7-6820HK @ 2.70GHz;4;7049;;45;FCBGA1440;Laptop
;Intel Core i7-6820HQ @ 2.70GHz;4;6754;;45;FCBGA1440;Laptop
;Intel Core i7-6822EQ @ 2.00GHz;4;5550;;25;LGA 1151;Laptop
;Intel Core i7-6850K @ 3.60GHz;6;11397;;140;FCLGA2011-3;Desktop
;Intel Core i7-6900K @ 3.20GHz;8;14649;;140;FCLGA2011-3;Desktop
;Intel Core i7-6920HQ @ 2.90GHz;4;7256;;45;FCBGA1440;Laptop
;Intel Core i7-6950X @ 3.00GHz;10;17559;;140;LGA2011-v3;Desktop
;Intel Core i7-6970HQ @ 2.80GHz;4;4632;;45;FCBGA1440;Laptop
;Intel Core i7-720QM @ 1.60GHz;4;1658;;45;PGA988A;Laptop
;Intel Core i7-740QM @ 1.73GHz;4;1840;;45;PGA988A;Laptop
;Intel Core i7-7500U @ 2.70GHz;2;3631;;15;FCBGA1356;Laptop
;Intel Core i7-7560U @ 2.40GHz;2;3770;;15;BGA1356;Laptop
;Intel Core i7-7567U @ 3.50GHz;2;4095;;28;BGA1356;Laptop
;Intel Core i7-7600U @ 2.80GHz;2;3691;;15;FCBGA1356;Laptop
;Intel Core i7-7660U @ 2.50GHz;2;4068;;15;BGA1356;Laptop
;Intel Core i7-7700 @ 3.60GHz;4;8637;;65;LGA1151;Desktop
;Intel Core i7-7700HQ @ 2.80GHz;4;6878;;45;FCBGA1440;Laptop
;Intel Core i7-7700K @ 4.20GHz;4;9623;;95;	LGA 1151;Desktop
;Intel Core i7-7700T @ 2.90GHz;4;7546;;35;FCLGA1151;Desktop
;Intel Core i7-7740X @ 4.30GHz;4;9678;;112;FCLGA2066;Desktop
;Intel Core i7-7800X @ 3.50GHz;6;12979;;140;FCLGA2066;Desktop
;Intel Core i7-7820EQ @ 3.00GHz;4;7470;;45;FCBGA1440;Laptop
;Intel Core i7-7820HK @ 2.90GHz;4;7415;;45;FCBGA1440;Laptop
;Intel Core i7-7820HQ @ 2.90GHz;4;7184;;45;FCBGA1440;Laptop
;Intel Core i7-7820X @ 3.60GHz;8;17162;;140;FCLGA2066;Desktop
;Intel Core i7-7900X @ 3.30GHz;10;20039;;140;FCLGA2066;Desktop
;Intel Core i7-7920HQ @ 3.10GHz;4;7329;;45;FCBGA1440;Laptop
;Intel Core i7-7Y75 @ 1.30GHz;2;2534;;4.5;FCBGA1515;Desktop, Laptop
;Intel Core i7-8086K @ 4.00GHz;6;14074;;95;FCLGA1151-2;Desktop
;Intel Core i7-820QM @ 1.73GHz;4;1819;;45;PGA988A;Laptop
;Intel Core i7-840QM @ 1.87GHz;4;1985;;45;PGA988A;Laptop
;Intel Core i7-8500Y @ 1.50GHz;2;2447;;5;FCBGA1515;Laptop
;Intel Core i7-8550U @ 1.80GHz;4;5812;;15;FC-BGA1356;Laptop
;Intel Core i7-8557U @ 1.70GHz;4;7309;;15;FCBGA1528;Laptop
;Intel Core i7-8559U @ 2.70GHz;4;8263;;28;FCBGA1528;Laptop
;Intel Core i7-8565U @ 1.80GHz;4;5979;;15;FCBGA1356;Laptop
;Intel Core i7-8565UC @ 1.80GHz;4;6187;;15;FCBGA1528;Laptop
;Intel Core i7-8569U @ 2.80GHz;4;8150;;28;FCBGA1528;Laptop
;Intel Core i7-860 @ 2.80GHz;4;3005;;95;LGA1156;Desktop
;Intel Core i7-860S @ 2.53GHz;4;2324;;82;LGA1156;Desktop
;Intel Core i7-8650U @ 1.90GHz;4;6192;;15;FC-BGA1356;Laptop
;Intel Core i7-8665U @ 1.90GHz;4;6213;;15;FCBGA1528;Laptop
;Intel Core i7-8665UE @ 1.70GHz;4;4852;;15;FCBGA1528;Laptop
;Intel Core i7-870 @ 2.93GHz;4;3159;;95;LGA1156;Desktop
;Intel Core i7-8700 @ 3.20GHz;6;12740;;65;FCLGA1151-2;Desktop
;Intel Core i7-8700B @ 3.20GHz;6;11792;;65;FCBGA1440;Laptop
;Intel Core i7-8700K @ 3.70GHz;6;13575;;95;FCLGA1151-2;Desktop
;Intel Core i7-8700T @ 2.40GHz;6;10193;;35;FCLGA1151-2;Desktop
;Intel Core i7-8705G @ 3.10GHz;4;7615;;65;BGA2270;Laptop
;Intel Core i7-8706G @ 3.10GHz;4;7615;;65;BGA2270;Laptop
;Intel Core i7-8709G @ 3.10GHz;4;7934;;100;BGA2270;Laptop
;Intel Core i7-870S @ 2.67GHz;4;2765;;82;LGA1156;Desktop
;Intel Core i7-8750H @ 2.20GHz;6;9776;;45;FCBGA1440;Laptop
;Intel Core i7-875K @ 2.93GHz;4;3177;;95;LGA1156;Desktop
;Intel Core i7-880 @ 3.07GHz;4;3419;;95;LGA1156;Desktop
;Intel Core i7-8809G @ 3.10GHz;4;8464;;100;BGA2270;Laptop
;Intel Core i7-8850H @ 2.60GHz;6;10084;;45;FCBGA1440;Laptop
;Intel Core i7-920 @ 2.67GHz;4;2863;;130;LGA1366;Desktop
;Intel Core i7-920XM @ 2.00GHz;4;2002;;55;PGA988B;Laptop
;Intel Core i7-930 @ 2.80GHz;4;2980;;130;LGA1366;Desktop
;Intel Core i7-940 @ 2.93GHz;4;3029;;130;LGA1366;Desktop
;Intel Core i7-940XM @ 2.13GHz;4;2269;;55;PGA988;Laptop
;Intel Core i7-950 @ 3.07GHz;4;3250;;130;LGA1366;Desktop
;Intel Core i7-960 @ 3.20GHz;4;3394;;130;LGA1366;Desktop
;Intel Core i7-965 @ 3.20GHz;4;3424;;130;LGA1366;Desktop
;Intel Core i7-970 @ 3.20GHz;6;6541;;130;LGA1366;Desktop
;Intel Core i7-9700 @ 3.00GHz;8;13200;;65;FCLGA1151-2;Desktop
;Intel Core i7-9700E @ 2.60GHz;8;12658;;65;FCLGA1151-2;Desktop
;Intel Core i7-9700F @ 3.00GHz;8;13174;;65;FCLGA1151-2;Desktop
;Intel Core i7-9700K @ 3.60GHz;8;14405;;95;FCLGA1151-2;Desktop
;Intel Core i7-9700KF @ 3.60GHz;8;14237;;95;FCLGA1151-2;Desktop
;Intel Core i7-9700T @ 2.00GHz;8;10595;;35;FCLGA1151-2;Desktop
;Intel Core i7-9700TE @ 1.80GHz;8;9909;;35;FCLGA1151-2;Desktop, Laptop
;Intel Core i7-975 @ 3.33GHz;4;3510;;130;LGA1366;Desktop
;Intel Core i7-9750H @ 2.60GHz;6;10626;;45;FCBGA1440;Laptop
;Intel Core i7-9750HF @ 2.60GHz;6;10407;;45;FCBGA1440;Laptop
;Intel Core i7-980 @ 3.33GHz;6;6865;;130;LGA1366;Desktop
;Intel Core i7-9800X @ 3.80GHz;8;18111;;165;FCLGA2066;Desktop
;Intel Core i7-980X @ 3.33GHz;6;6810;;130;LGA1366;Desktop
;Intel Core i7-985 @ 3.47GHz;4;3928;;NA;LGA1366;Unknown
;Intel Core i7-9850H @ 2.60GHz;6;10861;;45;Unknown;Laptop
;Intel Core i7-9850HE @ 2.70GHz;6;9972;;45;FCBGA1440;Mobile/Embedded
;Intel Core i7-9850HL @ 1.90GHz;6;7897;;25;FCBGA1440;Desktop, Laptop
;Intel Core i7-990X @ 3.47GHz;6;7117;;130;LGA1366;Desktop
;Intel Core i7-995X @ 3.60GHz;6;7862;;NA;Unknown;Desktop
;Intel Core i9-10850K @ 3.60GHz;10;21980;;125;FCLGA1200;Desktop
;Intel Core i9-10880H @ 2.30GHz;8;14235;;45;FCBGA1440;Laptop
;Intel Core i9-10885H @ 2.40GHz;8;14507;;45;FCBGA1440;Laptop
;Intel Core i9-10900 @ 2.80GHz;10;19194;;65;FCLGA1200;Desktop
;Intel Core i9-10900E @ 2.80GHz;10;19469;;65;FCLGA1200;Desktop, Mobile/Embedded
;Intel Core i9-10900F @ 2.80GHz;10;19771;;65;FCLGA1200;Desktop
;Intel Core i9-10900K @ 3.70GHz;10;22401;;125;FCLGA1200;Desktop
;Intel Core i9-10900KF @ 3.70GHz;10;22255;;125;FCLGA1200;Desktop
;Intel Core i9-10900T @ 1.90GHz;10;14727;;35;FCLGA1200;Desktop
;Intel Core i9-10900TE @ 1.80GHz;10;14159;;35;FCLGA1200;Mobile/Embedded
;Intel Core i9-10900X @ 3.70GHz;10;22370;;165;FCLGA2066;Desktop
;Intel Core i9-10910 @ 3.60GHz;10;21420;;125;FCLGA1200;Desktop
;Intel Core i9-10920X @ 3.50GHz;12;25890;;165;FCLGA2066;Desktop
;Intel Core i9-10940X @ 3.30GHz;14;27730;;165;FCLGA2066;Desktop
;Intel Core i9-10980HK @ 2.40GHz;8;15179;;45;FCBGA1440;Laptop
;Intel Core i9-10980XE @ 3.00GHz;18;32209;;165;FCLGA2066;Desktop
;Intel Core i9-11900 @ 2.50GHz;8;22458;;65;FCLGA1200;Desktop
;Intel Core i9-11900F @ 2.50GHz;8;22036;;65;FCLGA1200;Desktop
;Intel Core i9-11900H @ 2.50GHz;8;20059;;45;FCBGA1787;Laptop
;Intel Core i9-11900K @ 3.50GHz;8;25004;;125;FCLGA1200;Desktop
;Intel Core i9-11900KB @ 3.30GHz;8;22763;;65;FCBGA1787;Desktop
;Intel Core i9-11900KF @ 3.50GHz;8;24604;;125;FCLGA1200;Desktop
;Intel Core i9-11900T @ 1.50GHz;8;18616;;35;FCLGA1200;Desktop
;Intel Core i9-11950H @ 2.60GHz;8;20738;;45;FCBGA1787;Laptop
;Intel Core i9-11980HK @ 2.60GHz;8;22292;;45;FCBGA1787;Laptop
;Intel Core i9-12900;8;33688;;65;FCLGA1700;Desktop
;Intel Core i9-12900E;8;28170;;65;FCLGA1700;Mobile/Embedded
;Intel Core i9-12900F;8;35891;;65;FCLGA1700;Desktop
;Intel Core i9-12900H;6;27150;;45;FCBGA1744;Laptop
;Intel Core i9-12900HK;6;25545;;45;FCBGA1744;Laptop
;Intel Core i9-12900HX;8;33158;;55;FCBGA1964;Laptop
;Intel Core i9-12900K;8;41173;;241;FCLGA1700;Desktop
;Intel Core i9-12900KF;8;40884;;241;FCLGA1700;Desktop
;Intel Core i9-12900KS;8;43573;;150;LGA 1700;Desktop
;Intel Core i9-12900T;8;29601;;35;FCLGA1700;Desktop
;Intel Core i9-12900TE;8;22887;;35;FCLGA1700;Mobile/Embedded
;Intel Core i9-12950HX;8;31511;;55;FCBGA1964;Laptop
;Intel Core i9-13900;8;45319;;65;FCLGA1700;Desktop
;Intel Core i9-13900E;8;40476;;65;FCLGA1700;Mobile/Embedded
;Intel Core i9-13900F;8;49153;;65;FCLGA1700;Desktop
;Intel Core i9-13900H;6;27537;;45;FCBGA1744;Laptop
;Intel Core i9-13900HK;6;27443;;45;FCBGA1744;Laptop
;Intel Core i9-13900HX;8;42644;;55;FCBGA1964;Laptop
;Intel Core i9-13900K;8;58470;;125;FCLGA1700;Desktop
;Intel Core i9-13900KF;8;57759;;125;FCLGA1700;Desktop
;Intel Core i9-13900KS;8;60579;;150;FCLGA1700;Desktop
;Intel Core i9-13900T;8;42774;;35;FCLGA1700;Desktop
;Intel Core i9-13900TE;8;20602;;35;FCLGA1700;Mobile/Embedded
;Intel Core i9-13905H;6;29722;;45;FCBGA1792;Laptop
;Intel Core i9-13950HX;8;41193;;55;FCBGA1964;Laptop
;Intel Core i9-13980HX;8;46156;;55;FCBGA1964;Laptop
;Intel Core i9-14900;8;45245;;65;FCLGA1700;Desktop
;Intel Core i9-14900F;8;46989;;65;FCLGA1700;Desktop
;Intel Core i9-14900HX;8;44904;;55;FCBGA1964;Laptop
;Intel Core i9-14900K;8;58595;;125;FCLGA1700;Desktop
;Intel Core i9-14900KF;8;58342;;125;FCLGA1700;Desktop
;Intel Core i9-14900KS;8;60521;;150;FCLGA1700;Desktop
;Intel Core i9-14900T;8;38448;;35;FCLGA1700;Desktop
;Intel Core i9-7900X @ 3.30GHz;10;20923;;140;FCLGA2066;Desktop
;Intel Core i9-7920X @ 2.90GHz;12;23566;;140;FCLGA2066;Desktop
;Intel Core i9-7940X @ 3.10GHz;14;25584;;165;FCLGA2066;Desktop
;Intel Core i9-7960X @ 2.80GHz;16;28008;;165;FCLGA2066;Desktop
;Intel Core i9-7980XE @ 2.60GHz;18;29697;;165;FCLGA2066;Desktop
;Intel Core i9-8950HK @ 2.90GHz;6;10394;;45;FCBGA1440;Laptop
;Intel Core i9-9820X @ 3.30GHz;10;20462;;165;FCLGA2066;Desktop
;Intel Core i9-9880H @ 2.30GHz;8;13538;;45;FCBGA1440;Laptop
;Intel Core i9-9900 @ 3.10GHz;8;16247;;65;FCLGA1151-2;Desktop
;Intel Core i9-9900B @ 3.10GHz;8;15893;;65;FCLGA1151;Desktop
;Intel Core i9-9900K @ 3.60GHz;8;18123;;95;FCLGA1151-2;Desktop
;Intel Core i9-9900KF @ 3.60GHz;8;18041;;95;FCLGA1151-2;Desktop
;Intel Core i9-9900KS @ 4.00GHz;8;19408;;127;FCLGA1151-2;Desktop
;Intel Core i9-9900T @ 2.10GHz;8;13246;;35;FCLGA1151-2;Desktop
;Intel Core i9-9900X @ 3.50GHz;10;21623;;165;FCLGA2066;Desktop
;Intel Core i9-9920X @ 3.50GHz;12;24939;;165;FCLGA2066;Desktop
;Intel Core i9-9940X @ 3.30GHz;14;28112;;165;FCLGA2066;Desktop
;Intel Core i9-9960X @ 3.10GHz;16;29900;;165;FCLGA2066;Desktop
;Intel Core i9-9980HK @ 2.40GHz;8;13963;;45;FCBGA1440;Laptop
;Intel Core i9-9980XE @ 3.00GHz;18;31465;;165;FCLGA2066;Desktop
;Intel Core i9-9990XE @ 4.00GHz;14;30162;;255;LGA2066;Desktop
;Intel Core M-5Y10 @ 0.80GHz;2;1644;;4.5;Unknown;Laptop
;Intel Core M-5Y10a @ 0.80GHz;2;1905;;4.5;FCBGA1234;Laptop
;Intel Core M-5Y10c @ 0.80GHz;2;1908;;4.5;FCBGA1234;Laptop
;Intel Core M-5Y31 @ 0.90GHz;2;1905;;4.5;FCBGA1234;Laptop
;Intel Core M-5Y51 @ 1.10GHz;2;2030;;4.5;FCBGA1234;Laptop
;Intel Core M-5Y70 @ 1.10GHz;2;1890;;4.5;BGA1234;Laptop
;Intel Core M-5Y71 @ 1.20GHz;2;1978;;4.5;FCBGA1234;Laptop
;Intel Core m3-6Y30 @ 0.90GHz;2;2177;;4.5;FCBGA1515;Laptop
;Intel Core m3-7Y30 @ 1.00GHz;2;2414;;4.5;FCBGA1515;Laptop
;Intel Core m3-7Y32 @ 1.10GHz;2;2723;;4.5;FCBGA1515;Laptop, Mobile/Embedded
;Intel Core m3-8100Y @ 1.10GHz;2;2773;;5;FCBGA1515;Laptop, Mobile/Embedded
;Intel Core m5-6Y54 @ 1.10GHz;2;2290;;7;FCBGA1515;Laptop, Mobile/Embedded
;Intel Core m5-6Y57 @ 1.10GHz;2;2342;;7;FCBGA1515;Laptop, Mobile/Embedded
;Intel Core m5-7Y54 @ 1.20GHz;2;1475;;NA;Unknown;Laptop, Mobile/Embedded
;Intel Core m7-6Y75 @ 1.20GHz;2;2365;;7;FCBGA1515;Laptop, Mobile/Embedded
;Intel Core Solo T1300 @ 1.66GHz;1;210;;27;PGA478;Laptop
;Intel Core Solo T1350 @ 1.86GHz;1;194;;31;Unknown;Laptop
;Intel Core Solo T1400 @ 1.83GHz;1;253;;27;PGA478;Laptop
;Intel Core Solo U1300 @ 1.06GHz;1;127;;6;PBGA479;Laptop
;Intel Core Solo U1400 @ 1.20GHz;1;130;;5.5;PBGA479;Laptop
;Intel Core Solo U1500 @ 1.33GHz;1;164;;5.5;Unknown;Laptop
;Intel Core Ultra 5 115U;2;11014;;15;FCBGA2049;Laptop
;Intel Core Ultra 5 125H;4;20825;;28;FCBGA2049;Laptop
;Intel Core Ultra 5 125U;2;17218;;15;FCBGA2049;Laptop
;Intel Core Ultra 5 134U;2;12849;;30;FCBGA2551;Laptop
;Intel Core Ultra 5 135H;4;22197;;28;FCBGA2049;Laptop
;Intel Core Ultra 5 135U;2;17150;;28;FCBGA2049;Laptop
;Intel Core Ultra 5 225;6;31179;;65;FCLGA1851;Desktop
;Intel Core Ultra 5 225F;6;31566;;65;FCLGA1851;Desktop
;Intel Core Ultra 5 225H;4;29164;;28;FCBGA2049;Laptop
;Intel Core Ultra 5 225T;6;26525;;35;FCLGA1851;Desktop
;Intel Core Ultra 5 225U;2;18636;;15;FCBGA2049;Laptop
;Intel Core Ultra 5 226V;4;18403;;17;FCBGA2833;Laptop, Mobile/Embedded
;Intel Core Ultra 5 228V;4;17172;;17;FCBGA2833;Laptop, Mobile/Embedded
;Intel Core Ultra 5 235;6;39950;;65;FCLGA1851;Desktop
;Intel Core Ultra 5 235H;4;29508;;28;Unknown;Laptop
;Intel Core Ultra 5 235HX;6;40122;;55;Unknown;Laptop
;Intel Core Ultra 5 235T;6;31975;;35;FCLGA1851;Desktop
;Intel Core Ultra 5 235U;2;17482;;15;FCBGA2049;Laptop
;Intel Core Ultra 5 236V;4;18292;;17;FCBGA2833;Mobile/Embedded
;Intel Core Ultra 5 238V;4;18172;;17;FCBGA2833;Mobile/Embedded
;Intel Core Ultra 5 245;6;40086;;65;FCLGA1851;Desktop
;Intel Core Ultra 5 245HX;6;39605;;55;FCBGA2114;Mobile/Embedded
;Intel Core Ultra 5 245K;6;43423;;125;FCLGA1851;Desktop
;Intel Core Ultra 5 245KF;6;43369;;125;FCLGA1851;Desktop
;Intel Core Ultra 5 245T;6;32483;;35;FCLGA1851;Desktop
;Intel Core Ultra 7 155H;6;24762;;28;FCBGA2049;Laptop
;Intel Core Ultra 7 155U;2;16230;;15;FCBGA2049;Laptop
;Intel Core Ultra 7 164U;2;12675;;9;FCBGA2551;Laptop
;Intel Core Ultra 7 165H;6;26015;;28;FCBGA2049;Laptop
;Intel Core Ultra 7 165U;2;16872;;15;FCBGA2049;Laptop
;Intel Core Ultra 7 255H;6;30785;;28;FCBGA2049;Mobile/Embedded
;Intel Core Ultra 7 255HX;8;50085;;55;FCBGA2114;Laptop
;Intel Core Ultra 7 255U;2;17990;;15;FCBGA2049;Laptop, Mobile/Embedded
;Intel Core Ultra 7 256V;4;19619;;17;FCBGA2833;Laptop
;Intel Core Ultra 7 258V;4;19019;;17;FCBGA2833;Laptop
;Intel Core Ultra 7 265;8;49491;;65;FCLGA1851;Desktop
;Intel Core Ultra 7 265F;8;48749;;65;FCLGA1851;Desktop
;Intel Core Ultra 7 265H;6;34459;;28;FCBGA2049;Laptop
;Intel Core Ultra 7 265HX;8;49584;;55;FCBGA2114;Laptop
;Intel Core Ultra 7 265K;8;58832;;125;FCLGA1851;Desktop
;Intel Core Ultra 7 265KF;8;58904;;125;FCLGA1851;Desktop
;Intel Core Ultra 7 265T;8;42098;;35;FCLGA1851;Desktop
;Intel Core Ultra 7 265U;2;18235;;15;FCBGA2049;Laptop
;Intel Core Ultra 7 266V;4;19538;;17;FCBGA2833;Laptop
;Intel Core Ultra 7 268V;4;19846;;17;FCBGA2833;Mobile/Embedded
;Intel Core Ultra 9 185H;6;29357;;45;FCBGA2049;Laptop
;Intel Core Ultra 9 275HX;8;56116;;55;FCBGA2114;Laptop
;Intel Core Ultra 9 285;8;57788;;65;FCLGA1851;Desktop
;Intel Core Ultra 9 285H;6;34233;;45;FCBGA2049;Mobile/Embedded
;Intel Core Ultra 9 285HX;8;59672;;55;FCBGA2114;Laptop
;Intel Core Ultra 9 285K;8;67606;;125;FCLGA1851;Desktop
;Intel Core Ultra 9 285T;8;36869;;35;FCLGA1851;Desktop
;Intel Core Ultra 9 288V;4;19644;;30;FCBGA2833;Laptop
;Intel Core2 6320 @ 1.86GHz;2;849;;NA;Unknown;Unknown
;Intel Core2 Duo E4300 @ 1.80GHz;2;588;;65;LGA775;Desktop
;Intel Core2 Duo E4400 @ 2.00GHz;2;733;;65;LGA775;Desktop
;Intel Core2 Duo E4500 @ 2.20GHz;2;745;;65;LGA775;Desktop
;Intel Core2 Duo E4600 @ 2.40GHz;2;876;;65;LGA775;Desktop
;Intel Core2 Duo E4700 @ 2.60GHz;2;1011;;65;LGA775;Desktop
;Intel Core2 Duo E6300 @ 1.86GHz;2;652;;65;LGA775, PLGA775;Desktop
;Intel Core2 Duo E6320 @ 1.86GHz;2;724;;65;PLGA775;Desktop
;Intel Core2 Duo E6400 @ 2.13GHz;2;766;;65;LGA775;Desktop
;Intel Core2 Duo E6420 @ 2.13GHz;2;784;;65;PLGA775;Desktop
;Intel Core2 Duo E6540 @ 2.33GHz;2;808;;65;LGA775;Desktop
;Intel Core2 Duo E6550 @ 2.33GHz;2;911;;65;LGA775;Desktop
;Intel Core2 Duo E6600 @ 2.40GHz;2;937;;65;PLGA775;Desktop
;Intel Core2 Duo E6700 @ 2.66GHz;2;975;;65;LGA775;Desktop
;Intel Core2 Duo E6750 @ 2.66GHz;2;1027;;65;LGA775;Desktop
;Intel Core2 Duo E6850 @ 3.00GHz;2;1158;;65;LGA775;Desktop
;Intel Core2 Duo E7200 @ 2.53GHz;2;1002;;65;LGA775;Desktop
;Intel Core2 Duo E7300 @ 2.66GHz;2;981;;65;LGA775;Desktop
;Intel Core2 Duo E7400 @ 2.80GHz;2;1040;;65;LGA775;Desktop
;Intel Core2 Duo E7500 @ 2.93GHz;2;1157;;65;LGA775;Desktop
;Intel Core2 Duo E7600 @ 3.06GHz;2;1149;;65;LGA775;Desktop
;Intel Core2 Duo E8135 @ 2.40GHz;2;973;;NA;Unknown;Desktop
;Intel Core2 Duo E8135 @ 2.66GHz;2;1112;;NA;Socket P;Laptop
;Intel Core2 Duo E8200 @ 2.66GHz;2;1141;;65;LGA775;Desktop
;Intel Core2 Duo E8235 @ 2.80GHz;2;1020;;NA;Socket P;Laptop
;Intel Core2 Duo E8290 @ 2.83GHz;2;1408;;65;LGA775;Desktop
;Intel Core2 Duo E8300 @ 2.83GHz;2;1019;;65;LGA775;Desktop
;Intel Core2 Duo E8335 @ 2.66GHz;2;1121;;NA;Socket P;Laptop
;Intel Core2 Duo E8335 @ 2.93GHz;2;1060;;NA;Socket P;Laptop
;Intel Core2 Duo E8400 @ 3.00GHz;2;1216;;65;LGA775;Desktop
;Intel Core2 Duo E8435 @ 3.06GHz;2;1104;;NA;Socket P;Laptop
;Intel Core2 Duo E8500 @ 3.16GHz;2;1297;;65;LGA775;Desktop
;Intel Core2 Duo E8600 @ 3.33GHz;2;1377;;65;LGA775;Desktop
;Intel Core2 Duo L7100 @ 1.20GHz;2;467;;NA;BGA956 ;Laptop
;Intel Core2 Duo L7300 @ 1.40GHz;2;536;;17;BGA479;Laptop
;Intel Core2 Duo L7400 @ 1.50GHz;2;516;;17;BGA479;Laptop
;Intel Core2 Duo L7500 @ 1.60GHz;2;663;;17;BGA479;Laptop
;Intel Core2 Duo L7700 @ 1.80GHz;2;677;;17;Unknown;Laptop
;Intel Core2 Duo L7800 @ 2.00GHz;2;680;;NA;Unknown;Unknown
;Intel Core2 Duo L9300 @ 1.60GHz;2;690;;17;BGA956;Laptop
;Intel Core2 Duo L9600 @ 2.13GHz;2;788;;17;BGA956;Laptop
;Intel Core2 Duo P7350 @ 2.00GHz;2;725;;25;BGA479;Laptop
;Intel Core2 Duo P7370 @ 2.00GHz;2;790;;25;PGA478;Laptop
;Intel Core2 Duo P7450 @ 2.13GHz;2;803;;25;PGA478;Laptop
;Intel Core2 Duo P7550 @ 2.26GHz;2;836;;25;PGA478;Laptop
;Intel Core2 Duo P7570 @ 2.26GHz;2;870;;25;PGA478;Laptop
;Intel Core2 Duo P8400 @ 2.26GHz;2;862;;25;BGA479;Laptop
;Intel Core2 Duo P8600 @ 2.40GHz;2;859;;25;BGA479;Laptop
;Intel Core2 Duo P8700 @ 2.53GHz;2;959;;25;BGA479;Laptop
;Intel Core2 Duo P8800 @ 2.66GHz;2;937;;25;BGA479;Laptop
;Intel Core2 Duo P9300 @ 2.26GHz;2;983;;NA;Unknown;Laptop
;Intel Core2 Duo P9500 @ 2.53GHz;2;993;;25;BGA479;Laptop
;Intel Core2 Duo P9600 @ 2.53GHz;2;1040;;25;PGA478;Laptop
;Intel Core2 Duo P9600 @ 2.66GHz;2;1093;;25;PGA478;Laptop
;Intel Core2 Duo P9700 @ 2.80GHz;2;1178;;28;PGA478;Laptop
;Intel Core2 Duo SL9400 @ 1.86GHz;2;753;;17;BGA956;Laptop
;Intel Core2 Duo SP9400 @ 2.40GHz;2;875;;25;BGA956;Laptop
;Intel Core2 Duo SU9400 @ 1.40GHz;2;529;;10;BGA956;Laptop
;Intel Core2 Duo T5200 @ 1.60GHz;2;470;;34;Socket M;Laptop
;Intel Core2 Duo T5250 @ 1.50GHz;2;556;;35;PGA478;Laptop
;Intel Core2 Duo T5270 @ 1.40GHz;2;427;;35;PGA478;Laptop
;Intel Core2 Duo T5300 @ 1.73GHz;2;530;;34;PGA478;Laptop
;Intel Core2 Duo T5450 @ 1.66GHz;2;584;;35;PGA478;Laptop
;Intel Core2 Duo T5470 @ 1.60GHz;2;590;;35;PGA478;Laptop
;Intel Core2 Duo T5500 @ 1.66GHz;2;572;;34;PGA478;Laptop
;Intel Core2 Duo T5550 @ 1.83GHz;2;634;;35;PGA478;Laptop
;Intel Core2 Duo T5600 @ 1.83GHz;2;675;;34;PGA478;Laptop
;Intel Core2 Duo T5670 @ 1.80GHz;2;626;;35;Socket P;Laptop
;Intel Core2 Duo T5750 @ 2.00GHz;2;701;;35;Socket P;Laptop
;Intel Core2 Duo T5800 @ 2.00GHz;2;636;;35;PGA478;Laptop
;Intel Core2 Duo T5850 @ 2.16GHz;2;721;;NA;Socket P;Laptop
;Intel Core2 Duo T5870 @ 2.00GHz;2;705;;35;PPGA478, Socket ;Laptop
;Intel Core2 Duo T5900 @ 2.20GHz;2;677;;NA;Socket P;Laptop
;Intel Core2 Duo T6400 @ 2.00GHz;2;733;;35;PGA478;Laptop
;Intel Core2 Duo T6500 @ 2.10GHz;2;742;;35;PGA478;Laptop
;Intel Core2 Duo T6570 @ 2.10GHz;2;774;;35;PGA478;Laptop
;Intel Core2 Duo T6600 @ 2.20GHz;2;799;;35;PGA478;Laptop
;Intel Core2 Duo T6670 @ 2.20GHz;2;841;;35;PGA478;Laptop
;Intel Core2 Duo T7100 @ 1.80GHz;2;607;;35;BGA479;Laptop
;Intel Core2 Duo T7200 @ 2.00GHz;2;739;;34;PBGA479, PPGA478;Laptop
;Intel Core2 Duo T7250 @ 2.00GHz;2;696;;35;BGA479;Laptop
;Intel Core2 Duo T7300 @ 2.00GHz;2;698;;35;BGA479;Laptop
;Intel Core2 Duo T7400 @ 2.16GHz;2;766;;34;BGA479;Laptop
;Intel Core2 Duo T7500 @ 2.20GHz;2;826;;35;BGA479;Laptop
;Intel Core2 Duo T7600 @ 2.33GHz;2;800;;34;PBGA479, PPGA478;Laptop
;Intel Core2 Duo T7700 @ 2.40GHz;2;946;;35;BGA479;Laptop
;Intel Core2 Duo T7800 @ 2.60GHz;2;909;;35;BGA479;Laptop
;Intel Core2 Duo T8100 @ 2.10GHz;2;789;;35;BGA479;Laptop
;Intel Core2 Duo T8300 @ 2.40GHz;2;905;;35;BGA479;Laptop
;Intel Core2 Duo T9300 @ 2.50GHz;2;985;;35;BGA479;Laptop
;Intel Core2 Duo T9400 @ 2.53GHz;2;1004;;35;BGA479;Laptop
;Intel Core2 Duo T9500 @ 2.60GHz;2;1044;;35;BGA479;Laptop
;Intel Core2 Duo T9550 @ 2.66GHz;2;989;;35;BGA479;Laptop
;Intel Core2 Duo T9600 @ 2.80GHz;2;1082;;35;BGA479;Laptop
;Intel Core2 Duo T9800 @ 2.93GHz;2;1193;;35;BGA479;Laptop
;Intel Core2 Duo T9900 @ 3.06GHz;2;1206;;35;BGA479,PGA478;Laptop
;Intel Core2 Duo U7300 @ 1.30GHz;2;537;;10;BGA956;Laptop
;Intel Core2 Duo U7500 @ 1.06GHz;2;408;;10;BGA479;Laptop
;Intel Core2 Duo U7600 @ 1.20GHz;2;347;;10;BGA479;Laptop
;Intel Core2 Duo U7700 @ 1.33GHz;2;420;;10;Unknown;Laptop
;Intel Core2 Duo U9300 @ 1.20GHz;2;447;;10;BGA956;Laptop
;Intel Core2 Duo U9600 @ 1.60GHz;2;587;;10;BGA956;Laptop
;Intel Core2 Extreme Q6800 @ 2.93GHz;4;2218;;75;LGA775;Desktop
;Intel Core2 Extreme Q6850 @ 3.00GHz;4;2248;;130;LGA775;Desktop
;Intel Core2 Extreme Q9200 @ 2.40GHz;4;2011;;NA;Unknown;Desktop
;Intel Core2 Extreme Q9300 @ 2.53GHz;4;2013;;45;PGA478;Desktop
;Intel Core2 Extreme X6800 @ 2.93GHz;2;1118;;75;PLGA775;Desktop
;Intel Core2 Extreme X7800 @ 2.60GHz;2;1138;;44;PGA478;Laptop
;Intel Core2 Extreme X7900 @ 2.80GHz;2;1104;;44;PGA478;Laptop
;Intel Core2 Extreme X9000 @ 2.80GHz;2;1099;;44;PGA478;Laptop
;Intel Core2 Extreme X9100 @ 3.06GHz;2;1181;;44;PGA478;Laptop
;Intel Core2 Extreme X9650 @ 3.00GHz;4;2426;;130;LGA775;Desktop
;Intel Core2 Extreme X9750 @ 3.16GHz;4;2348;;NA;Unknown;Desktop
;Intel Core2 Extreme X9770 @ 3.20GHz;4;2701;;136;LGA775;Desktop
;Intel Core2 Extreme X9775 @ 3.20GHz;4;2780;;150;LGA771;Desktop
;Intel Core2 Quad Q6600 @ 2.40GHz;4;1841;;105;LGA775;Desktop
;Intel Core2 Quad Q6700 @ 2.66GHz;4;2091;;105;LGA775;Desktop
;Intel Core2 Quad Q8200 @ 2.33GHz;4;1804;;95;LGA775;Desktop
;Intel Core2 Quad Q8300 @ 2.50GHz;4;1911;;95;LGA775;Desktop
;Intel Core2 Quad Q8400 @ 2.66GHz;4;2078;;95;LGA775;Desktop
;Intel Core2 Quad Q9000 @ 2.00GHz;4;1597;;45;PGA478;Laptop
;Intel Core2 Quad Q9100 @ 2.26GHz;4;1806;;45;PGA478;Laptop
;Intel Core2 Quad Q9300 @ 2.50GHz;4;2010;;95;LGA775;Desktop
;Intel Core2 Quad Q9400 @ 2.66GHz;4;2160;;95;LGA775;Desktop
;Intel Core2 Quad Q9450 @ 2.66GHz;4;2208;;95;LGA775;Desktop
;Intel Core2 Quad Q9500 @ 2.83GHz;4;2241;;95;LGA775;Desktop
;Intel Core2 Quad Q9505 @ 2.83GHz;4;2171;;95;LGA775;Desktop
;Intel Core2 Quad Q9550 @ 2.83GHz;4;2359;;95;LGA775;Desktop
;Intel Core2 Quad Q9650 @ 3.00GHz;4;2503;;95;LGA775;Desktop
;Intel Core2 Solo U2100 @ 1.06GHz;1;233;;5.5;Unknown;Laptop
;Intel Core2 Solo U3500 @ 1.40GHz;1;272;;5.5;BGA956;Laptop
;Intel CoreT i5-1350P;4;19429;;28;FCBGA1744;Mobile/Embedded
;Intel CoreTM Ultra 5 115U;2;12771;;15;FCBGA2049;Laptop
;Intel i7-1165G7;8;8956;;NA;Unknown;Mobile/Embedded
;Intel N100;4;5362;;6;FCBGA1264;Mobile/Embedded
;Intel N150;4;5441;;6;FCBGA1264;Mobile/Embedded
;Intel N200;4;4729;;6;FCBGA1264;Mobile/Embedded
;Intel N250;4;4924;;6;FCBGA1264;Mobile/Embedded
;Intel N50;2;2608;;6;FCBGA1264;Mobile/Embedded
;Intel N95;4;5316;;15;Unknown;Laptop, Mobile/Embedded
;Intel N97;4;5896;;12;FCBGA1264;Mobile/Embedded
;Intel Pentium 1403 @ 2.60GHz;2;1851;;80;LGA1356;Server
;Intel Pentium 1403 v2 @ 2.60GHz;2;2284;;80;Unknown;Server
;Intel Pentium 2020M @ 2.40GHz;2;1409;;35;FCPGA988;Laptop
;Intel Pentium 2030M @ 2.50GHz;2;1389;;35;FCPGA988;Laptop
;Intel Pentium 2117U @ 1.80GHz;2;1009;;17;FCBGA1023;Laptop
;Intel Pentium 2127U @ 1.90GHz;2;1076;;17;FCBGA1023;Laptop
;Intel Pentium 2129Y @ 1.10GHz;2;587;;10;FCBGA1023;Laptop
;Intel Pentium 3550M @ 2.30GHz;2;1282;;37;FCPGA946;Laptop
;Intel Pentium 3556U @ 1.70GHz;2;1071;;15;BGA1168;Laptop
;Intel Pentium 3558U @ 1.70GHz;2;1040;;15;FCBGA1168;Laptop
;Intel Pentium 3560M @ 2.40GHz;2;1345;;37;FCPGA946;Laptop
;Intel Pentium 3560Y @ 1.20GHz;2;887;;11.5;BGA1168;Laptop
;Intel Pentium 3805U @ 1.90GHz;2;1201;;15;FCBGA1168;Laptop
;Intel Pentium 3825U @ 1.90GHz;2;1392;;15;FCBGA1168;Laptop
;Intel Pentium 4 1.50GHz;1;86;;57.8;PGA423;Desktop
;Intel Pentium 4 1.60GHz;1;84;;38;PGA478;Desktop
;Intel Pentium 4 1.70GHz;1;86;;64;PGA423;Desktop
;Intel Pentium 4 1.80GHz;1;115;;68.1;PGA478;Desktop
;Intel Pentium 4 1.90GHz;1;104;;69.2;PGA423;Desktop
;Intel Pentium 4 1300MHz;1;77;;51.6;PGA423;Desktop
;Intel Pentium 4 1400MHz;1;83;;54.7;PGA423;Desktop
;Intel Pentium 4 1500MHz;1;81;;57.8;PGA423;Desktop
;Intel Pentium 4 1700MHz;1;100;;64;PGA423;Desktop
;Intel Pentium 4 1800MHz;1;114;;68.1;PGA478;Desktop
;Intel Pentium 4 2.00GHz;1;133;;54.3;PGA478;Desktop
;Intel Pentium 4 2.20GHz;1;157;;57.1;PGA478;Desktop
;Intel Pentium 4 2.26GHz;1;151;;58;PGA478;Desktop
;Intel Pentium 4 2.40GHz;1;131;;59.8;PGA478;Desktop
;Intel Pentium 4 2.50GHz;1;160;;61;PGA478;Desktop
;Intel Pentium 4 2.53GHz;1;162;;61.5;PGA478;Desktop
;Intel Pentium 4 2.60GHz;1;215;;69;PGA478;Desktop
;Intel Pentium 4 2.66GHz;1;157;;66.1;PGA478;Desktop
;Intel Pentium 4 2.80GHz;1;237;;69.7;PGA478;Desktop
;Intel Pentium 4 2.93GHz;1;150;;NA;Unknown;Desktop
;Intel Pentium 4 3.00GHz;1;309;;81.9;PGA478;Desktop
;Intel Pentium 4 3.06GHz;1;264;;81.8;PGA478;Desktop
;Intel Pentium 4 3.20GHz;1;328;;82;PGA478;Desktop
;Intel Pentium 4 3.40GHz;1;299;;89;PGA478;Desktop
;Intel Pentium 4 3.46GHz;1;295;;110.7;Unknown;Desktop
;Intel Pentium 4 3.60GHz;1;315;;115;Unknown;Desktop
;Intel Pentium 4 3.73GHz;1;385;;115;Unknown;Desktop
;Intel Pentium 4 3.80GHz;1;384;;65;Unknown;Desktop
;Intel Pentium 4 3.83GHz;1;154;;NA;Unknown;Desktop
;Intel Pentium 4 Mobile 1.60GHz;1;116;;NA;Unknown;Laptop
;Intel Pentium 4 Mobile 1.80GHz;1;114;;NA;Unknown;Laptop
;Intel Pentium 4 Mobile 1.90GHz;1;136;;NA;Unknown;Laptop
;Intel Pentium 4 Mobile 2.00GHz;1;132;;NA;Unknown;Laptop
;Intel Pentium 4405U @ 2.10GHz;2;2120;;15;FCBGA1356;Laptop
;Intel Pentium 4405Y @ 1.50GHz;2;1490;;6;FCBGA1515;Laptop
;Intel Pentium 4410Y @ 1.50GHz;2;1435;;6;FCBGA1515;Laptop
;Intel Pentium 4415U @ 2.30GHz;2;2248;;15;BGA1356;Laptop
;Intel Pentium 4415Y @ 1.60GHz;2;1580;;6;FCBGA1515;Laptop
;Intel Pentium 4417U @ 2.30GHz;2;2257;;15;FCBGA1356;Laptop
;Intel Pentium 4425Y @ 1.70GHz;2;1698;;6;FCBGA1515;Laptop
;Intel Pentium 5405U @ 2.30GHz;2;2239;;15;FCBGA1528;Laptop
;Intel Pentium 6405U @ 2.40GHz;2;2356;;15;FCBGA1528;Laptop
;Intel Pentium 6805 @ 1.10GHz;2;4424;;15;FCBGA1526;Laptop
;Intel Pentium 957 @ 1.20GHz;2;622;;17;FCBGA1023;Laptop
;Intel Pentium 967 @ 1.30GHz;2;643;;17;FCBGA1023;Laptop
;Intel Pentium 987 @ 1.50GHz;2;697;;17;FCBGA1023;Laptop
;Intel Pentium 997 @ 1.60GHz;2;809;;17;BGA-1023;Desktop
;Intel Pentium A1018 @ 2.10GHz;2;1188;;35;FCPGA988;Laptop
;Intel Pentium A1020 @ 2.41GHz;4;1167;;10;FCBGA1170;Laptop
;Intel Pentium B940 @ 2.00GHz;2;880;;35;PGA988;Laptop
;Intel Pentium B950 @ 2.10GHz;2;1023;;35;PGA988;Laptop
;Intel Pentium B960 @ 2.20GHz;2;1019;;35;PGA988;Laptop
;Intel Pentium B970 @ 2.30GHz;2;1106;;35;PGA988;Laptop
;Intel Pentium B980 @ 2.40GHz;2;1098;;35;FCPGA988;Laptop
;Intel Pentium D 3.40GHz;2;782;;NA;Unknown;Desktop
;Intel Pentium D 805 @ 2.66GHz;2;374;;95;PLGA775;Desktop
;Intel Pentium D 830 @ 3.00GHz;2;579;;95;PLGA775;Desktop
;Intel Pentium D 915 @ 2.80GHz;2;468;;95;PLGA775;Desktop
;Intel Pentium D 940 @ 3.20GHz;2;585;;130;PLGA775;Desktop
;Intel Pentium D 950 @ 3.40GHz;2;704;;130;PLGA775;Desktop
;Intel Pentium D 960 @ 3.60GHz;2;822;;130;PLGA775;Desktop
;Intel Pentium D1508 @ 2.20GHz;2;3240;;25;FCBGA1667;Server
;Intel Pentium Dual T2390 @ 1.86GHz;2;745;;35;PPGA478;Laptop
;Intel Pentium E2140 @ 1.60GHz;2;534;;65;LGA775, PLGA775;Desktop
;Intel Pentium E2160 @ 1.80GHz;2;663;;65;LGA775;Desktop
;Intel Pentium E2180 @ 2.00GHz;2;683;;65;LGA775;Desktop
;Intel Pentium E2200 @ 2.20GHz;2;739;;65;LGA775;Desktop
;Intel Pentium E2210 @ 2.20GHz;2;702;;65;LGA775;Desktop
;Intel Pentium E2220 @ 2.40GHz;2;855;;65;LGA775;Desktop
;Intel Pentium E5200 @ 2.50GHz;2;933;;65;LGA775;Desktop
;Intel Pentium E5300 @ 2.60GHz;2;933;;65;LGA775;Desktop
;Intel Pentium E5400 @ 2.70GHz;2;1010;;65;LGA775;Desktop
;Intel Pentium E5500 @ 2.80GHz;2;1068;;65;LGA775;Desktop
;Intel Pentium E5700 @ 3.00GHz;2;1092;;65;LGA775;Desktop
;Intel Pentium E5800 @ 3.20GHz;2;1185;;65;LGA775;Desktop
;Intel Pentium E6300 @ 2.80GHz;2;1021;;65;LGA775;Desktop
;Intel Pentium E6500 @ 2.93GHz;2;1175;;65;LGA775;Desktop
;Intel Pentium E6600 @ 3.06GHz;2;1191;;65;LGA775;Desktop
;Intel Pentium E6700 @ 3.20GHz;2;1219;;65;LGA775;Desktop
;Intel Pentium E6800 @ 3.33GHz;2;1155;;65;LGA775;Desktop
;Intel Pentium Extreme Edition 955 @ 3.46GHz;2;469;;130;PLGA775;Desktop
;Intel Pentium Extreme Edition 965 @ 3.73GHz;2;987;;130;PLGA775;Desktop
;Intel Pentium G2010 @ 2.80GHz;2;1641;;55;FCLGA1155;Desktop
;Intel Pentium G2020 @ 2.90GHz;2;1700;;55;FCLGA1155;Desktop
;Intel Pentium G2020T @ 2.50GHz;2;1430;;35;FCLGA1155;Desktop
;Intel Pentium G2030 @ 3.00GHz;2;1769;;55;FCLGA1155;Desktop
;Intel Pentium G2030T @ 2.60GHz;2;1597;;35;LGA1155;Desktop
;Intel Pentium G2100T @ 2.60GHz;2;1691;;35;LGA1155;Desktop
;Intel Pentium G2120 @ 3.10GHz;2;1896;;55;FCLGA1155;Desktop
;Intel Pentium G2120T @ 2.70GHz;2;1613;;35;FCLGA1155;Desktop
;Intel Pentium G2130 @ 3.20GHz;2;1911;;55;FCLGA1155;Desktop
;Intel Pentium G2140 @ 3.30GHz;2;2092;;55;LGA1155;Desktop
;Intel Pentium G3220 @ 3.00GHz;2;1886;;54;FCLGA1150;Desktop
;Intel Pentium G3220T @ 2.60GHz;2;1645;;35;LGA1150;Desktop
;Intel Pentium G3240 @ 3.10GHz;2;1927;;53;FCLGA1150;Desktop
;Intel Pentium G3240T @ 2.70GHz;2;1693;;35;LGA1150;Desktop
;Intel Pentium G3250 @ 3.20GHz;2;2017;;53;LGA1150;Desktop
;Intel Pentium G3250T @ 2.80GHz;2;1813;;35;LGA1150;Desktop
;Intel Pentium G3258 @ 3.20GHz;2;2061;;53;FCLGA1150;Desktop
;Intel Pentium G3260 @ 3.30GHz;2;2114;;53;LGA1150;Desktop
;Intel Pentium G3260T @ 2.90GHz;2;1878;;35;LGA1150;Desktop
;Intel Pentium G3320TE @ 2.30GHz;2;1570;;35;FCLGA1150;Desktop
;Intel Pentium G3420 @ 3.20GHz;2;2019;;54;FCLGA1150;Desktop
;Intel Pentium G3420T @ 2.70GHz;2;1912;;35;LGA1150;Desktop
;Intel Pentium G3430 @ 3.30GHz;2;2127;;54;FCLGA1150;Desktop
;Intel Pentium G3440 @ 3.30GHz;2;2202;;53;LGA1150;Desktop
;Intel Pentium G3440T @ 2.80GHz;2;2107;;35;LGA1150;Desktop
;Intel Pentium G3450 @ 3.40GHz;2;2182;;53;FCLGA1150;Desktop
;Intel Pentium G3450T @ 2.90GHz;2;1904;;35;LGA1150;Desktop
;Intel Pentium G3460 @ 3.50GHz;2;2114;;53;LGA1150;Desktop
;Intel Pentium G3460T @ 3.00GHz;2;2036;;35;FCLGA1150;Desktop
;Intel Pentium G3470 @ 3.60GHz;2;2428;;53;LGA1150;Desktop
;Intel Pentium G4400 @ 3.30GHz;2;2557;;54;FCLGA1151;Desktop
;Intel Pentium G4400T @ 2.90GHz;2;2323;;35;FCLGA1151;Desktop
;Intel Pentium G4400TE @ 2.40GHz;2;2190;;35;FCLGA1151;Laptop
;Intel Pentium G4500 @ 3.50GHz;2;2799;;51;FCLGA1151;Desktop
;Intel Pentium G4500T @ 3.00GHz;2;2399;;35;FCLGA1151;Desktop
;Intel Pentium G4520 @ 3.60GHz;2;2670;;51;FCLGA1151;Desktop
;Intel Pentium G4560 @ 3.50GHz;2;3538;;54;FCLGA1151;Desktop
;Intel Pentium G4560T @ 2.90GHz;2;2991;;35;FCLGA1151;Desktop
;Intel Pentium G4600 @ 3.60GHz;2;3622;;51;FCLGA1151;Desktop
;Intel Pentium G4600T @ 3.00GHz;2;3062;;35;FCLGA1151;Desktop
;Intel Pentium G4620 @ 3.70GHz;2;3761;;51;FCLGA1151;Desktop
;Intel Pentium G620 @ 2.60GHz;2;1232;;65;LGA1155;Desktop
;Intel Pentium G620T @ 2.20GHz;2;896;;35;LGA1155;Desktop
;Intel Pentium G630 @ 2.70GHz;2;1351;;65;LGA1155;Desktop
;Intel Pentium G630T @ 2.30GHz;2;1032;;35;LGA1155;Desktop
;Intel Pentium G640 @ 2.80GHz;2;1368;;65;LGA1155;Desktop
;Intel Pentium G640T @ 2.40GHz;2;1139;;35;LGA1155;Desktop
;Intel Pentium G645 @ 2.90GHz;2;1444;;65;LGA1155;Desktop
;Intel Pentium G645T @ 2.50GHz;2;1238;;35;LGA1155;Desktop
;Intel Pentium G6950 @ 2.80GHz;2;1252;;73;LGA1156;Desktop
;Intel Pentium G6951 @ 2.80GHz;2;1383;;73;LGA1156;Desktop
;Intel Pentium G6960 @ 2.93GHz;2;1433;;73;LGA1156;Desktop
;Intel Pentium G840 @ 2.80GHz;2;1361;;65;FCLGA1155;Desktop
;Intel Pentium G850 @ 2.90GHz;2;1484;;65;FCLGA1155;Desktop
;Intel Pentium G860 @ 3.00GHz;2;1478;;65;FCLGA1155;Desktop
;Intel Pentium G870 @ 3.10GHz;2;1554;;65;FCLGA1155;Desktop
;Intel Pentium GOLD 6500Y @ 1.10GHz;2;2956;;5;Unknown;Mobile/Embedded
;Intel Pentium Gold 7505 @ 2.00GHz;2;5175;;15;FCBGA1449;Laptop
;Intel Pentium Gold 8500;1;5949;;9;FCBGA1781;Mobile/Embedded
;Intel Pentium Gold 8505;1;9192;;15;BGA1700;Laptop, Mobile/Embedded
;Intel Pentium Gold G5400 @ 3.70GHz;2;3741;;54;FCLGA1151-2;Desktop
;Intel Pentium Gold G5400T @ 3.10GHz;2;3152;;35;FCLGA1151-2;Server
;Intel Pentium Gold G5420 @ 3.80GHz;2;3690;;54;FCLGA1151-2;Desktop
;Intel Pentium Gold G5420T @ 3.20GHz;2;3370;;35;FCLGA1151-2;Desktop
;Intel Pentium Gold G5500 @ 3.80GHz;2;3846;;54;FCLGA1151-2;Desktop
;Intel Pentium Gold G5500T @ 3.20GHz;2;3311;;35;FCLGA1151-2;Desktop
;Intel Pentium Gold G5600 @ 3.90GHz;2;3844;;54;FCLGA1151-2;Desktop
;Intel Pentium Gold G5600F @ 3.90GHz;2;4060;;54;FCLGA1151-2;Desktop
;Intel Pentium Gold G5600T @ 3.30GHz;2;3496;;35;FCLGA1151;Desktop
;Intel Pentium Gold G5620 @ 4.00GHz;2;4251;;54;FCLGA1151-2;Desktop
;Intel Pentium Gold G6400 @ 4.00GHz;2;4107;;58;FCLGA1200;Desktop
;Intel Pentium Gold G6400E @ 3.80GHz;2;3908;;58;FCLGA1200;Mobile/Embedded
;Intel Pentium Gold G6400T @ 3.40GHz;2;3544;;35;FCLGA1200;Desktop
;Intel Pentium Gold G6405 @ 4.10GHz;2;3812;;58;FCLGA1200;Desktop
;Intel Pentium Gold G6405T @ 3.50GHz;2;3095;;35;FCLGA1200;Desktop
;Intel Pentium Gold G6500 @ 4.10GHz;2;4185;;58;FCLGA1200;Desktop
;Intel Pentium Gold G6500T @ 3.50GHz;2;3806;;35;FCLGA1200;Desktop
;Intel Pentium Gold G6505 @ 4.20GHz;2;4371;;58;FCLGA1200;Desktop
;Intel Pentium Gold G6505T @ 3.60GHz;2;3698;;35;FCLGA1200;Desktop
;Intel Pentium Gold G6600 @ 4.20GHz;2;4223;;58;FCLGA1200;Desktop
;Intel Pentium Gold G6605 @ 4.30GHz;2;4488;;58;FCLGA1200;Desktop
;Intel Pentium Gold G7400;2;6709;;46;LGA1700,BGA1700;Desktop
;Intel Pentium Gold G7400E;2;6134;;46;FCLGA1700;Mobile/Embedded
;Intel Pentium Gold G7400T;2;5274;;35;Unknown;Desktop
;Intel Pentium III 1400 @ 1400MHz;1;193;;31.2;Socket 370;Desktop
;Intel Pentium III 1400S @ 1400MHz;1;194;;32.2;Socket 370;Desktop
;Intel Pentium III Mobile 1066MHz;1;160;;NA;Unknown;Laptop
;Intel Pentium III Mobile 1133MHz;1;164;;NA;Unknown;Laptop
;Intel Pentium III Mobile 1200MHz;1;156;;NA;Unknown;Laptop
;Intel Pentium III Mobile 800MHz;1;119;;NA;Unknown;Laptop
;Intel Pentium III Mobile 866MHz;1;99;;NA;Unknown;Laptop
;Intel Pentium J2850 @ 2.41GHz;4;1016;;10;FCBGA1170;Desktop
;Intel Pentium J2900 @ 2.41GHz;4;1249;;10;FCBGA1170;Desktop
;Intel Pentium J3710 @ 1.60GHz;4;1417;;6.5;FCBGA1170;Desktop
;Intel Pentium J4205 @ 1.50GHz;4;2315;;10;FCBGA1296;Desktop
;Intel Pentium J6426 @ 2.00GHz;4;4029;;10;FCBGA1493;Mobile/Embedded
;Intel Pentium M 1.10GHz;1;184;;NA;Unknown;Laptop
;Intel Pentium M 1.20GHz;1;199;;NA;Unknown;Laptop
;Intel Pentium M 1.30GHz;1;196;;22; 	H-PBGA479, PPG;Laptop
;Intel Pentium M 1.40GHz;1;225;;22; 	H-PBGA479, PPG;Laptop
;Intel Pentium M 1.50GHz;1;240;;24.5; 	H-PBGA479, PPG;Laptop
;Intel Pentium M 1.60GHz;1;194;;24.5; 	H-PBGA479, PPG;Laptop
;Intel Pentium M 1.70GHz;1;239;;24.5; 	H-PBGA479, PPG;Laptop
;Intel Pentium M 1.73GHz;1;205;;27;H-PBGA479, PPGA4;Laptop
;Intel Pentium M 1.80GHz;1;280;;21;H-PBGA479, PPGA4;Laptop
;Intel Pentium M 1.86GHz;1;222;;27;H-PBGA479, PPGA4;Laptop
;Intel Pentium M 1000MHz;1;156;;7;Unknown;Laptop
;Intel Pentium M 1200MHz;1;155;;12;Unknown;Laptop
;Intel Pentium M 1300MHz;1;197;;22;H-PBGA479, PPGA4;Laptop
;Intel Pentium M 1400MHz;1;208;;22;H-PBGA479, PPGA4;Laptop
;Intel Pentium M 1500MHz;1;188;;24.5;H-PBGA479, PPGA4;Laptop
;Intel Pentium M 1600MHz;1;193;;24.5;H-PBGA479, PPGA4;Laptop
;Intel Pentium M 1700MHz;1;237;;24.5;H-PBGA479, PPGA4;Laptop
;Intel Pentium M 2.00GHz;1;270;;21;H-PBGA479, PPGA4;Laptop
;Intel Pentium M 2.10GHz;1;292;;21;H-PBGA479, PPGA4;Laptop
;Intel Pentium M 2.13GHz;1;234;;27;H-PBGA479, PPGA4;Laptop
;Intel Pentium M 2.26GHz;1;227;;27;H-PBGA479, PPGA4;Laptop
;Intel Pentium M 900MHz;1;141;;7;Unknown;Laptop
;Intel Pentium N3510 @ 1.99GHz;4;913;;7.5;FCBGA1170;Laptop
;Intel Pentium N3520 @ 2.16GHz;4;1141;;7.5;FCBGA1170;Laptop
;Intel Pentium N3530 @ 2.16GHz;4;1162;;7.5;FCBGA1170;Laptop
;Intel Pentium N3540 @ 2.16GHz;4;1206;;7.5;FCBGA1170;Laptop
;Intel Pentium N3700 @ 1.60GHz;4;1247;;6;FCBGA1170;Laptop
;Intel Pentium N3710 @ 1.60GHz;4;1388;;6;FCBGA1170;Laptop
;Intel Pentium N4200 @ 1.10GHz;4;2156;;6;FCBGA1296;Laptop
;Intel Pentium N6415 @ 1.20GHz;4;2713;;6.5;FCBGA1493;Mobile/Embedded
;Intel Pentium P6000 @ 1.87GHz;2;826;;35;PGA988;Laptop
;Intel Pentium P6100 @ 2.00GHz;2;882;;35;PGA988;Laptop
;Intel Pentium P6200 @ 2.13GHz;2;932;;35;PGA988;Laptop
;Intel Pentium P6300 @ 2.27GHz;2;834;;35;PGA988;Laptop
;Intel Pentium Silver A1030 @ 2.00GHz;2;1380;;15;FCBGA1090;Mobile/Embedded
;Intel Pentium Silver J5005 @ 1.50GHz;4;3126;;10;FCBGA1090;Desktop
;Intel Pentium Silver J5040 @ 2.00GHz;4;3257;;10;FCBGA1090;Desktop
;Intel Pentium Silver N5000 @ 1.10GHz;4;2601;;6;FCBGA1090;Laptop
;Intel Pentium Silver N5020 @ 1.10GHz;4;3404;;6;FCBGA1090;Laptop
;Intel Pentium Silver N5030 @ 1.10GHz;4;2546;;6;FCBGA1090;Laptop
;Intel Pentium Silver N6000 @ 1.10GHz;4;2987;;6;FCBGA1338;Mobile/Embedded
;Intel Pentium Silver N6005 @ 2.00GHz;4;5253;;10;FCBGA1338;Laptop, Mobile/Embedded
;Intel Pentium SU2700 @ 1.30GHz;1;253;;10;Unknown;Laptop
;Intel Pentium SU4100 @ 1.30GHz;2;501;;10;BGA956;Laptop
;Intel Pentium T2060 @ 1.60GHz;2;330;;31;PGA478;Laptop
;Intel Pentium T2080 @ 1.73GHz;2;341;;31;PGA478;Laptop
;Intel Pentium T2130 @ 1.86GHz;2;382;;31;PGA478;Laptop
;Intel Pentium T2310 @ 1.46GHz;2;538;;35;PPGA478;Laptop
;Intel Pentium T2330 @ 1.60GHz;2;533;;35;PPGA478;Laptop
;Intel Pentium T2370 @ 1.73GHz;2;558;;35;PPGA478;Laptop
;Intel Pentium T2390 @ 1.86GHz;2;540;;35;PPGA478;Laptop
;Intel Pentium T2410 @ 2.00GHz;2;566;;NA;Unknown;Unknown
;Intel Pentium T3200 @ 2.00GHz;2;654;;35;PPGA478;Laptop
;Intel Pentium T3400 @ 2.16GHz;2;664;;35;PPGA478;Laptop
;Intel Pentium T4200 @ 2.00GHz;2;725;;35;PGA478;Laptop
;Intel Pentium T4300 @ 2.10GHz;2;782;;35;PGA478;Laptop
;Intel Pentium T4400 @ 2.20GHz;2;783;;35;PGA478;Laptop
;Intel Pentium T4500 @ 2.30GHz;2;842;;35;PGA478;Laptop
;Intel Pentium U5400 @ 1.20GHz;2;552;;18;BGA1288;Laptop
;Intel Pentium U5600 @ 1.33GHz;2;624;;18;BGA1288;Laptop
;Intel T1400 @ 1.73GHz;2;548;;NA;Unknown;Unknown
;Intel T1500 @ 1.86GHz;2;548;;NA;Unknown;Unknown
;Intel T2050 @ 2.00GHz;2;516;;31;PPGA478;Unknown
;Intel U300;1;8580;;15;FCBGA1744;Laptop
;Intel U300E;1;8142;;15;FCBGA1744;Mobile/Embedded
;Intel U300L;1;7692;;15;FCLGA1700;Mobile/Embedded
;Intel U4100 @ 1.30GHz;2;610;;NA;Unknown;Unknown
;Intel Ultra 5 115U;2;12381;;15;FCBGA2049;Mobile/Embedded
;Intel Xeon 2.00GHz;1;152;;NA;Unknown;Server
;Intel XEON 2.20GHz;1;164;;NA;Unknown;Server
;Intel Xeon 2.40GHz;1;180;;NA;Unknown;Server
;Intel Xeon 2.80GHz;1;260;;103;PPGA604;Server
;Intel Xeon 3.00GHz;1;425;;103;PPGA604;Server
;Intel Xeon 3.20GHz;1;478;;103;PPGA604;Server
;Intel Xeon 3.40GHz;1;389;;103;PPGA604;Server
;Intel Xeon 3.60GHz;1;403;;110;PPGA604;Server
;Intel Xeon 3.73GHz;2;917;;NA;Unknown;Server
;Intel Xeon 3.80GHz;1;393;;110;PPGA604;Server
;Intel Xeon 3040 @ 1.86GHz;2;790;;65;LGA775;Server
;Intel Xeon 3050 @ 2.13GHz;2;818;;65;LGA775;Server
;Intel Xeon 3060 @ 2.40GHz;2;983;;65;LGA775;Server
;Intel Xeon 3065 @ 2.33GHz;2;867;;65;LGA775;Server
;Intel Xeon 3070 @ 2.66GHz;2;1025;;65;LGA775;Server
;Intel Xeon 3075 @ 2.66GHz;2;1112;;NA;Unknown;Server
;Intel Xeon 3085 @ 3.00GHz;2;1070;;65;LGA775;Server
;Intel Xeon 5110 @ 1.60GHz;2;405;;65;LGA771;Server
;Intel Xeon 5120 @ 1.86GHz;2;763;;65;LGA771;Server
;Intel Xeon 5130 @ 2.00GHz;2;795;;65;LGA771;Server
;Intel Xeon 5133 @ 2.20GHz;2;887;;40;LGA771;Server
;Intel Xeon 5140 @ 2.33GHz;2;857;;65;LGA771;Server
;Intel Xeon 5148 @ 2.33GHz;2;912;;40;LGA771;Server
;Intel Xeon 5150 @ 2.66GHz;2;880;;65;LGA771;Server
;Intel Xeon 5160 @ 3.00GHz;2;963;;80;LGA771;Server
;Intel Xeon 6315P;4;10789;;55;FCLGA1700;Server
;Intel Xeon 6325P;4;16045;;55;FCLGA1700;Server
;Intel Xeon 6333P;6;18751;;65;FCLGA1700;Server
;Intel Xeon 6337P;6;19257;;80;FCLGA1700;Server
;Intel Xeon 6353P;8;27349;;65;FCLGA1700;Server
;Intel Xeon 6357P;8;31844;;NA;Unknown;Unknown
;Intel Xeon 6369P;8;27283;;95;FCLGA1700;Server
;Intel Xeon 6505P;12;39136;;150;FCLGA4710;Server
;Intel Xeon 6507P;8;31233;;150;FCLGA4710;Server
;Intel Xeon 6511P;16;51286;;150;FCLGA4710;Server
;Intel Xeon 6515P;16;44551;;150;FCLGA4710;Server
;Intel Xeon 6517P;16;49876;;190;FCLGA4710;Server
;Intel Xeon 6521P;24;64801;;225;FCLGA4710;Server
;Intel Xeon 6710E;64;61404;;205;FCLGA4710;Server
;Intel Xeon 6730P;32;74113;;250;FCLGA4710;Server
;Intel Xeon 6736P;36;44506;;205;FCLGA4710;Server
;Intel Xeon 6737P;32;79634;;270;FCLGA4710;Server
;Intel Xeon 6740E;96;76167;;250;FCLGA4710;Server
;Intel Xeon 6741P;48;100660;;300;FCLGA4710;Server
;Intel Xeon 6747P;48;100964;;330;FCLGA4710;Server
;Intel Xeon 6780E;144;86734;;330;FCLGA4710;Server
;Intel Xeon 6781P;80;117946;;350;FCLGA4710;Server
;Intel Xeon 6960P;72;130659;;500;FCLGA7529;Server
;Intel Xeon @ 2.00GHz;6;7363;;NA;Unknown;Unknown
;Intel Xeon @ 2.20GHz;1;1324;;61;PPGA603;Server
;Intel Xeon Bronze 3104 @ 1.70GHz;6;4383;;85;FCLGA3647;Server
;Intel Xeon Bronze 3106 @ 1.70GHz;8;5766;;85;FCLGA3647;Server
;Intel Xeon Bronze 3204 @ 1.90GHz;6;4797;;85;FCLGA3647;Server
;Intel Xeon Bronze 3408U;8;9969;;125;FCLGA4677;Server
;Intel Xeon Bronze 3508U;8;11248;;125;FCLGA4677;Server
;Intel Xeon D-1518 @ 2.20GHz;4;4562;;35;FCBGA1667;Server
;Intel Xeon D-1520 @ 2.20GHz;4;4917;;45;BGA 1667;Server
;Intel Xeon D-1521 @ 2.40GHz;4;5703;;45;FCBGA1667;Server
;Intel Xeon D-1527 @ 2.20GHz;4;5213;;35;FCBGA1667;Server
;Intel Xeon D-1528 @ 1.90GHz;6;6823;;35;FCBGA1667;Laptop, Server
;Intel Xeon D-1531 @ 2.20GHz;6;7592;;45;FCBGA1667;Server
;Intel Xeon D-1537 @ 1.70GHz;8;7444;;35;FCBGA1667;Server
;Intel Xeon D-1539 @ 1.60GHz;8;7572;;35;FCBGA1667;Server
;Intel Xeon D-1540 @ 2.00GHz;8;10037;;45;FCBGA1667;Server
;Intel Xeon D-1541 @ 2.10GHz;8;9986;;45;FCBGA1667;Server
;Intel Xeon D-1548 @ 2.00GHz;8;9075;;45;FCBGA1667;Server
;Intel Xeon D-1557 @ 1.50GHz;12;9285;;45;FCBGA1667;Server
;Intel Xeon D-1559 @ 1.50GHz;12;8015;;45;FCBGA1667;Server
;Intel Xeon D-1567 @ 2.10GHz;12;10447;;65;FCBGA1667;Server
;Intel Xeon D-1577 @ 1.30GHz;16;11645;;45;FCBGA1667;Server
;Intel Xeon D-1581 @ 1.80GHz;16;13173;;65;FCBGA1667;Server
;Intel Xeon D-1587 @ 1.70GHz;16;13630;;65;FCBGA1667;Server
;Intel Xeon D-1602 @ 2.50GHz;2;2459;;27;FCBGA1667;Server
;Intel Xeon D-1622 @ 2.60GHz;4;6205;;40;FCBGA1667;Server
;Intel Xeon D-1712TR @ 2.00GHz;4;8155;;40;FCBGA2227;Server
;Intel Xeon D-1715TER @ 2.40GHz;4;9104;;50;FCBGA2227;Server
;Intel Xeon D-1718T @ 2.60GHz;4;9674;;46;FCBGA2227;Server
;Intel Xeon D-1726 @ 2.90GHz;6;15511;;70;FCBGA2227;Server
;Intel Xeon D-1732TE @ 1.90GHz;8;14254;;52;FCBGA2227;Server
;Intel Xeon D-1733NT @ 2.00GHz;8;14849;;53;FCBGA2227;Server
;Intel Xeon D-1736NT @ 2.70GHz;8;17826;;67;FCBGA2227;Server
;Intel Xeon D-1746TER @ 2.00GHz;10;15660;;67;FCBGA2227;Server
;Intel Xeon D-1747NTE @ 2.50GHz;10;20279;;80;FCBGA2227;Server
;Intel Xeon D-1813NT @ 2.20GHz;4;7732;;42;FCBGA2227;Server
;Intel Xeon D-1823NT @ 2.80GHz;6;13673;;55;FCBGA2227;Server
;Intel Xeon D-2123IT @ 2.20GHz;4;6689;;60;FCBGA2518;Server
;Intel Xeon D-2141I @ 2.20GHz;8;11886;;65;FCBGA2518;Server
;Intel Xeon D-2143IT @ 2.20GHz;8;12116;;65;FCBGA2518;Server
;Intel Xeon D-2146NT @ 2.30GHz;8;11736;;80;FCBGA2518;Server
;Intel Xeon D-2166NT @ 2.00GHz;12;15105;;85;FCBGA2518;Server
;Intel Xeon D-2183IT @ 2.20GHz;16;19377;;100;FCBGA2518;Server
;Intel Xeon D-2187NT @ 2.00GHz;16;18070;;110;FCBGA2518;Server
;Intel Xeon D-2712T @ 1.90GHz;4;7990;;65;FCBGA2579;Server
;Intel Xeon D-2733NT @ 2.10GHz;8;16206;;80;FCBGA2579;Server
;Intel Xeon D-2752TER @ 1.80GHz;12;19074;;77;FCBGA2579;Server
;Intel Xeon D-2753NT @ 2.00GHz;12;20626;;87;FCBGA2579;Server
;Intel Xeon D-2766NT @ 2.00GHz;14;24013;;97;FCBGA2579;Server
;Intel Xeon D-2775TE @ 2.00GHz;16;27299;;100;FCBGA2579;Unknown
;Intel Xeon D-2795NT @ 2.00GHz;20;28463;;110;FCBGA2579;Server
;Intel Xeon D-2796TE @ 2.00GHz;20;26342;;118;FCBGA2579;Server
;Intel Xeon D-2799 @ 2.40GHz;20;33792;;129;FCBGA2579;Server
;Intel Xeon E E-2414;4;11929;;55;FCLGA1700;Server
;Intel Xeon E E-2434;4;14949;;55;FCLGA1700;Server
;Intel Xeon E E-2486;6;23605;;95;FCLGA1700;Server
;Intel Xeon E-2104G @ 3.20GHz;4;5860;;65;FCLGA1151-2;Server
;Intel Xeon E-2124 @ 3.30GHz;4;6912;;71;FCLGA1151-2;Server
;Intel Xeon E-2124G @ 3.40GHz;4;7261;;71;FCLGA1151-2;Server
;Intel Xeon E-2126G @ 3.30GHz;6;10372;;80;FCLGA1151-2;Server
;Intel Xeon E-2134 @ 3.50GHz;4;9351;;71;FCLGA1151-2;Server
;Intel Xeon E-2136 @ 3.30GHz;6;13174;;80;FCLGA1151-2;Server
;Intel Xeon E-2144G @ 3.60GHz;4;9430;;71;FCLGA1151-2;Server
;Intel Xeon E-2146G @ 3.50GHz;6;13240;;80;FCLGA1151-2;Server
;Intel Xeon E-2174G @ 3.80GHz;4;9610;;71;FCLGA1151-2;Server
;Intel Xeon E-2176G @ 3.70GHz;6;13586;;80;FCLGA1151-2;Server
;Intel Xeon E-2176M @ 2.70GHz;6;10842;;45;FCBGA1440;Laptop
;Intel Xeon E-2186G @ 3.80GHz;6;13610;;95;FCLGA1151-2;Server
;Intel Xeon E-2186M @ 2.90GHz;6;11315;;45;FCBGA1440;Laptop
;Intel Xeon E-2224 @ 3.40GHz;4;7249;;71;FCLGA1151-2;Server
;Intel Xeon E-2224G @ 3.50GHz;4;7546;;71;FCLGA1151-2;Server
;Intel Xeon E-2226G @ 3.40GHz;6;11149;;80;FCLGA1151-2;Server
;Intel Xeon E-2226GE @ 3.40GHz;6;9090;;80;FCLGA1151;Mobile/Embedded
;Intel Xeon E-2234 @ 3.60GHz;4;9473;;71;FCLGA1151-2;Server
;Intel Xeon E-2236 @ 3.40GHz;6;13894;;80;FCLGA1151-2;Server
;Intel Xeon E-2244G @ 3.80GHz;4;9666;;71;FCLGA1151-2;Server
;Intel Xeon E-2246G @ 3.60GHz;6;13840;;80;FCLGA1151-2;Server
;Intel Xeon E-2254ML @ 1.70GHz;4;6333;;25;FCBGA1440;Server
;Intel Xeon E-2274G @ 4.00GHz;4;9789;;83;FCLGA1151-2;Server
;Intel Xeon E-2276G @ 3.80GHz;6;14034;;80;FCLGA1151-2;Server
;Intel Xeon E-2276M @ 2.80GHz;6;11608;;45;FCBGA1440;Laptop
;Intel Xeon E-2276ME @ 2.80GHz;6;8167;;45;FCBGA1440;Server, Mobile/Embedded
;Intel Xeon E-2276ML @ 2.00GHz;6;6353;;25;FCBGA1440;Server
;Intel Xeon E-2278G @ 3.40GHz;8;16825;;80;FCLGA1151-2;Server
;Intel Xeon E-2278GE @ 3.30GHz;8;15956;;80;FCLGA1151-2;Server
;Intel Xeon E-2278GEL @ 2.00GHz;8;12024;;35;FCLGA1151-2;Server
;Intel Xeon E-2286G @ 4.00GHz;6;14025;;95;FCLGA1151-2;Server
;Intel Xeon E-2286M @ 2.40GHz;8;15116;;45;FCBGA1440;Laptop
;Intel Xeon E-2288G @ 3.70GHz;8;17453;;95;FCLGA1151-2;Server
;Intel Xeon E-2314 @ 2.80GHz;4;7750;;65;FCLGA1200;Server
;Intel Xeon E-2324G @ 3.10GHz;4;10339;;65;FCLGA1200;Server
;Intel Xeon E-2334 @ 3.40GHz;4;12305;;65;FCLGA1200;Server
;Intel Xeon E-2336 @ 2.90GHz;6;16136;;65;FCLGA1200;Server
;Intel Xeon E-2356G @ 3.20GHz;6;18459;;80;FCLGA1200;Server
;Intel Xeon E-2374G @ 3.70GHz;4;13726;;80;FCLGA1200;Server
;Intel Xeon E-2378 @ 2.60GHz;8;17069;;65;FCLGA1200;Server
;Intel Xeon E-2378G @ 2.80GHz;8;21153;;80;FCLGA1200;Server
;Intel Xeon E-2386G @ 3.50GHz;6;19506;;95;FCLGA1200;Server
;Intel Xeon E-2388G @ 3.20GHz;8;23550;;95;FCLGA1200;Server
;Intel Xeon E-2436;6;21708;;65;FCLGA1700;Server
;Intel Xeon E-2456;6;20339;;80;FCLGA1700;Server
;Intel Xeon E-2468;8;26652;;65;FCLGA1700;Server
;Intel Xeon E-2478;8;27776;;80;FCLGA1700;Server
;Intel Xeon E-2488;8;31962;;95;FCLGA1700;Server
;Intel Xeon E3-1205 v6 @ 3.00GHz;4;5682;;65;FCLGA1151;Server
;Intel Xeon E3-1220 @ 3.10GHz;4;3856;;80;LGA1155;Server
;Intel Xeon E3-1220 V2 @ 3.10GHz;4;4684;;69;LGA1155;Server
;Intel Xeon E3-1220 v3 @ 3.10GHz;4;5177;;80;LGA1150;Server
;Intel Xeon E3-1220 v5 @ 3.00GHz;4;5719;;80;FCLGA1151;Server
;Intel Xeon E3-1220 v6 @ 3.00GHz;4;5603;;72;FCLGA1151;Server
;Intel Xeon E3-1220L @ 2.20GHz;2;2263;;20;LGA1155;Server
;Intel Xeon E3-1220L V2 @ 2.30GHz;2;2397;;17;LGA1155;Server
;Intel Xeon E3-1220L v3 @ 1.10GHz;2;1407;;13;LGA1150;Server
;Intel Xeon E3-1225 @ 3.10GHz;4;3903;;95;LGA1155;Server
;Intel Xeon E3-1225 V2 @ 3.20GHz;4;4705;;77;LGA1155;Server
;Intel Xeon E3-1225 v3 @ 3.20GHz;4;5324;;84;LGA1150;Server
;Intel Xeon E3-1225 v5 @ 3.30GHz;4;5950;;80;FCLGA1151;Server
;Intel Xeon E3-1225 v6 @ 3.30GHz;4;5702;;73;FCLGA1151;Server
;Intel Xeon E3-1226 v3 @ 3.30GHz;4;5545;;84;FCLGA1150;Server
;Intel Xeon E3-1230 @ 3.20GHz;4;5143;;80;LGA1155;Server
;Intel Xeon E3-1230 V2 @ 3.30GHz;4;6185;;69;LGA1155;Server
;Intel Xeon E3-1230 v3 @ 3.30GHz;4;6831;;80;LGA1150;Server
;Intel Xeon E3-1230 v5 @ 3.40GHz;4;8009;;80;FCLGA1151;Server
;Intel Xeon E3-1230 v6 @ 3.50GHz;4;8101;;72;FCLGA1151;Server
;Intel Xeon E3-1230L v3 @ 1.80GHz;4;5282;;25;LGA1150;Server
;Intel Xeon E3-1231 v3 @ 3.40GHz;4;7035;;80;FCLGA1150;Server
;Intel Xeon E3-1235 @ 3.20GHz;4;5112;;95;LGA1155;Server
;Intel Xeon E3-1235L v5 @ 2.00GHz;4;5013;;25;FCLGA1151;Server
;Intel Xeon E3-1240 @ 3.30GHz;4;5357;;80;LGA1155;Server
;Intel Xeon E3-1240 V2 @ 3.40GHz;4;6386;;69;LGA1155;Server
;Intel Xeon E3-1240 v3 @ 3.40GHz;4;6996;;80;LGA1150;Server
;Intel Xeon E3-1240 v5 @ 3.50GHz;4;8258;;80;FCLGA1151;Server
;Intel Xeon E3-1240 v6 @ 3.70GHz;4;8718;;72;FCLGA1151;Server
;Intel Xeon E3-1240L v3 @ 2.00GHz;4;5681;;25;FCLGA1150;Server
;Intel Xeon E3-1240L v5 @ 2.10GHz;4;6547;;25;FCLGA1151;Server
;Intel Xeon E3-1241 v3 @ 3.50GHz;4;7158;;80;LGA1150;Server
;Intel Xeon E3-1245 @ 3.30GHz;4;5354;;95;LGA1155;Server
;Intel Xeon E3-1245 V2 @ 3.40GHz;4;6352;;77;LGA1155;Server
;Intel Xeon E3-1245 v3 @ 3.40GHz;4;7047;;84;LGA1150;Server
;Intel Xeon E3-1245 v5 @ 3.50GHz;4;8042;;80;FCLGA1151;Server
;Intel Xeon E3-1245 v6 @ 3.70GHz;4;8738;;73;FCLGA1151;Server
;Intel Xeon E3-1246 v3 @ 3.50GHz;4;7234;;84;FCLGA1150;Server
;Intel Xeon E3-1260L @ 2.40GHz;4;4076;;45;LGA1155;Server
;Intel Xeon E3-1260L v5 @ 2.90GHz;4;8237;;45;FCLGA1151;Server
;Intel Xeon E3-1265L @ 2.40GHz;4;3912;;45;LGA1155;Server
;Intel Xeon E3-1265L V2 @ 2.50GHz;4;5065;;45;LGA1155;Server
;Intel Xeon E3-1265L v3 @ 2.50GHz;4;6181;;45;FCLGA1150;Server
;Intel Xeon E3-1265L v4 @ 2.30GHz;4;6954;;35;FCLGA1150;Server
;Intel Xeon E3-1268L v3 @ 2.30GHz;4;5574;;45;LGA1150;Server
;Intel Xeon E3-1268L v5 @ 2.40GHz;4;6334;;35;FCLGA1151;Laptop, Server
;Intel Xeon E3-1270 @ 3.40GHz;4;5375;;80;LGA1155;Server
;Intel Xeon E3-1270 V2 @ 3.50GHz;4;6499;;69;LGA1155;Server
;Intel Xeon E3-1270 v3 @ 3.50GHz;4;7234;;80;LGA1150;Server
;Intel Xeon E3-1270 v5 @ 3.60GHz;4;8318;;80;FCLGA1151;Server
;Intel Xeon E3-1270 v6 @ 3.80GHz;4;8896;;72;FCLGA1151;Server
;Intel Xeon E3-1270L v4 @ 3.00GHz;4;7662;;45;LGA1150;Server
;Intel Xeon E3-1271 v3 @ 3.60GHz;4;7502;;80;FCLGA1150;Server
;Intel Xeon E3-1275 @ 3.40GHz;4;5498;;95;LGA1155;Server
;Intel Xeon E3-1275 V2 @ 3.50GHz;4;6638;;77;LGA1155;Server
;Intel Xeon E3-1275 v3 @ 3.50GHz;4;7203;;95;LGA1150;Server
;Intel Xeon E3-1275 v5 @ 3.60GHz;4;8288;;80;FCLGA1151;Server
;Intel Xeon E3-1275 v6 @ 3.80GHz;4;9202;;73;FCLGA1151;Server
;Intel Xeon E3-1275L v3 @ 2.70GHz;4;6327;;45;LGA1150;Server
;Intel Xeon E3-1276 v3 @ 3.60GHz;4;7543;;84;FCLGA1150;Server
;Intel Xeon E3-1280 @ 3.50GHz;4;5612;;95;LGA1155;Server
;Intel Xeon E3-1280 V2 @ 3.60GHz;4;6617;;69;LGA1155;Server
;Intel Xeon E3-1280 v3 @ 3.60GHz;4;7252;;82;LGA1150;Server
;Intel Xeon E3-1280 v5 @ 3.70GHz;4;8254;;80;FCLGA1151;Server
;Intel Xeon E3-1280 v6 @ 3.90GHz;4;9093;;72;FCLGA1151;Server
;Intel Xeon E3-1281 v3 @ 3.70GHz;4;7580;;82;LGA1150;Server
;Intel Xeon E3-1285 v3 @ 3.60GHz;4;7211;;84;LGA1150;Server
;Intel Xeon E3-1285 v4 @ 3.50GHz;4;7735;;95;FCLGA1150;Server
;Intel Xeon E3-1285 v6 @ 4.10GHz;4;9478;;79;FCLGA1151;Server
;Intel Xeon E3-1285L v3 @ 3.10GHz;4;6874;;65;LGA1150;Server
;Intel Xeon E3-1285L v4 @ 3.40GHz;4;8086;;65;LGA1150;Server
;Intel Xeon E3-1286 v3 @ 3.70GHz;4;7879;;84;LGA1150;Server
;Intel Xeon E3-1286L v3 @ 3.20GHz;4;6929;;65;LGA1150;Server
;Intel Xeon E3-1290 @ 3.60GHz;4;5429;;95;LGA1155;Server
;Intel Xeon E3-1290 V2 @ 3.70GHz;4;6354;;87;LGA1155;Server
;Intel Xeon E3-1505L v5 @ 2.00GHz;4;5083;;25;FCBGA1440;Laptop, Server
;Intel Xeon E3-1505L v6 @ 2.20GHz;4;5882;;25;FCBGA1440;Laptop, Server
;Intel Xeon E3-1505M v5 @ 2.80GHz;4;6985;;45;FCBGA1440;Server
;Intel Xeon E3-1505M v6 @ 3.00GHz;4;7423;;45;Unknown;Server
;Intel Xeon E3-1515M v5 @ 2.80GHz;4;5925;;45;FCBGA1440;Server
;Intel Xeon E3-1535M v5 @ 2.90GHz;4;7491;;45;FCBGA1440;Laptop, Server
;Intel Xeon E3-1535M v6 @ 3.10GHz;4;8074;;35;FCBGA1440;Laptop, Server
;Intel Xeon E3-1545M v5 @ 2.90GHz;4;7646;;45;FCBGA1440;Laptop, Server
;Intel Xeon E3-1565L v5 @ 2.50GHz;4;7325;;35;FCBGA1440;Server
;Intel Xeon E3-1575M v5 @ 3.00GHz;4;7727;;45;FCBGA1440;Server
;Intel Xeon E3-1585 v5 @ 3.50GHz;4;8408;;65;FCBGA1440;Server
;Intel Xeon E3-1585L v5 @ 3.00GHz;4;7959;;45;FCBGA1440;Server
;Intel Xeon E3110 @ 3.00GHz;2;1295;;65;LGA775;Server
;Intel Xeon E3113 @ 3.00GHz;2;1429;;65;LGA775;Server
;Intel Xeon E3120 @ 3.16GHz;2;1408;;65;LGA775;Server
;Intel Xeon E5-1410 @ 2.80GHz;4;4852;;80;LGA1356;Server
;Intel Xeon E5-1410 v2 @ 2.80GHz;4;5715;;80;LGA 1356;Server
;Intel Xeon E5-1428L v2 @ 2.20GHz;6;6255;;60;FCLGA1356;Server
;Intel Xeon E5-1603 @ 2.80GHz;4;3484;;130;LGA2011;Server
;Intel Xeon E5-1603 v3 @ 2.80GHz;4;4445;;140;LGA2011-v3;Server
;Intel Xeon E5-1603 v4 @ 2.80GHz;4;4681;;140;FCLGA2011-3;Server
;Intel Xeon E5-1607 @ 3.00GHz;4;3780;;130;LGA2011;Server
;Intel Xeon E5-1607 v2 @ 3.00GHz;4;4141;;130;LGA 2011;Server
;Intel Xeon E5-1607 v3 @ 3.10GHz;4;4953;;140;LGA2011-v3;Server
;Intel Xeon E5-1607 v4 @ 3.10GHz;4;5197;;140;FCLGA2011-3;Server
;Intel Xeon E5-1620 @ 3.60GHz;4;5845;;130;LGA2011;Server
;Intel Xeon E5-1620 v2 @ 3.70GHz;4;6533;;130;FCLGA2011;Server
;Intel Xeon E5-1620 v3 @ 3.50GHz;4;6957;;140;LGA2011-v3;Server
;Intel Xeon E5-1620 v4 @ 3.50GHz;4;7348;;140;FCLGA2011-3;Server
;Intel Xeon E5-1630 v3 @ 3.70GHz;4;7417;;140;LGA2011-v3;Server
;Intel Xeon E5-1630 v4 @ 3.70GHz;4;7564;;140;FCLGA2011-3;Server
;Intel Xeon E5-1650 @ 3.20GHz;6;8078;;130;LGA2011;Server
;Intel Xeon E5-1650 v2 @ 3.50GHz;6;9292;;130;FCLGA2011;Server
;Intel Xeon E5-1650 v3 @ 3.50GHz;6;10389;;140;LGA2011-v3;Server
;Intel Xeon E5-1650 v4 @ 3.60GHz;6;11361;;140;FCLGA2011-3;Server
;Intel Xeon E5-1660 @ 3.30GHz;6;8325;;130;LGA2011;Server
;Intel Xeon E5-1660 v2 @ 3.70GHz;6;10332;;130;LGA 2011;Server
;Intel Xeon E5-1660 v3 @ 3.00GHz;8;12581;;140;LGA2011-v3;Server
;Intel Xeon E5-1660 v4 @ 3.20GHz;8;13341;;140;FCLGA2011-3;Server
;Intel Xeon E5-1680 v2 @ 3.00GHz;8;12433;;130;LGA 2011;Server
;Intel Xeon E5-1680 v3 @ 3.20GHz;8;13273;;140;LGA2011-v3;Server
;Intel Xeon E5-1680 v4 @ 3.40GHz;8;14250;;140;FCLGA2011-3;Server
;Intel Xeon E5-1681 v3 @ 2.90GHz;10;14820;;135;LGA2011-v3;Server
;Intel Xeon E5-2403 @ 1.80GHz;4;2367;;80;LGA 1356;Server
;Intel Xeon E5-2403 v2 @ 1.80GHz;4;2672;;80;FCLGA1356;Server
;Intel Xeon E5-2407 @ 2.20GHz;4;2675;;80;LGA 1356;Server
;Intel Xeon E5-2407 v2 @ 2.40GHz;4;3335;;80;FCLGA1356;Server
;Intel Xeon E5-2418L @ 2.00GHz;4;3518;;50;LGA 1356;Server
;Intel Xeon E5-2418L v2 @ 2.00GHz;6;5380;;50;FCLGA1356;Server
;Intel Xeon E5-2420 @ 1.90GHz;6;5012;;95;LGA1356;Server
;Intel Xeon E5-2420 v2 @ 2.20GHz;6;6343;;80;FCLGA1356;Server
;Intel Xeon E5-2430 @ 2.20GHz;6;5745;;95;LGA 1356;Server
;Intel Xeon E5-2430 v2 @ 2.50GHz;6;6859;;80;LGA 1356;Server
;Intel Xeon E5-2430L @ 2.00GHz;6;5300;;60;FCLGA1356;Server
;Intel Xeon E5-2430L v2 @ 2.40GHz;6;6190;;60;LGA 1356;Server
;Intel Xeon E5-2440 @ 2.40GHz;6;6091;;95;LGA 1356;Server
;Intel Xeon E5-2440 v2 @ 1.90GHz;8;7473;;95;LGA 1356;Server
;Intel Xeon E5-2448L v2 @ 1.80GHz;10;6774;;70;LGA 1356;Server
;Intel Xeon E5-2450 @ 2.10GHz;8;7534;;95;LGA 1356;Server
;Intel Xeon E5-2450 v2 @ 2.50GHz;8;9057;;95;LGA 1356;Server
;Intel Xeon E5-2450L @ 1.80GHz;8;6047;;70;LGA 1356;Server
;Intel Xeon E5-2470 @ 2.30GHz;8;8300;;95;LGA 1356;Server
;Intel Xeon E5-2470 v2 @ 2.40GHz;10;10701;;95;LGA 1356;Server
;Intel Xeon E5-2603 @ 1.80GHz;4;2325;;80;LGA 2011;Server
;Intel Xeon E5-2603 v2 @ 1.80GHz;4;2735;;80;LGA 2011;Server
;Intel Xeon E5-2603 v3 @ 1.60GHz;6;3825;;85;LGA2011-v3;Server
;Intel Xeon E5-2603 v4 @ 1.70GHz;6;4517;;85;FCLGA2011-3;Server
;Intel Xeon E5-2608L v3 @ 2.00GHz;6;6415;;52;LGA2011-v3;Server
;Intel Xeon E5-2608L v4 @ 1.60GHz;8;7447;;50;FCLGA2011-3;Server
;Intel Xeon E5-2609 @ 2.40GHz;4;2943;;80;LGA2011;Server
;Intel Xeon E5-2609 v2 @ 2.50GHz;4;3369;;80;LGA 2011;Server
;Intel Xeon E5-2609 v3 @ 1.90GHz;6;4467;;80;LGA2011-v3;Server
;Intel Xeon E5-2609 v4 @ 1.70GHz;8;5418;;85;FCLGA2011-3;Server
;Intel Xeon E5-2618L v3 @ 2.30GHz;8;11310;;75;LGA2011-v3;Server
;Intel Xeon E5-2618L v4 @ 2.20GHz;10;12429;;75;FCLGA2011-3;Server
;Intel Xeon E5-2620 @ 2.00GHz;6;5322;;95;LGA2011;Server
;Intel Xeon E5-2620 v2 @ 2.10GHz;6;6251;;80;FCLGA2011;Server
;Intel Xeon E5-2620 v3 @ 2.40GHz;6;7755;;85;LGA2011-v3;Server
;Intel Xeon E5-2620 v4 @ 2.10GHz;8;9292;;85;FCLGA2011-3;Server
;Intel Xeon E5-2623 v3 @ 3.00GHz;4;6652;;105;LGA2011-v3;Server
;Intel Xeon E5-2623 v4 @ 2.60GHz;4;6903;;85;FCLGA2011-3;Server
;Intel Xeon E5-2628 v3 @ 2.50GHz;8;8447;;85;LGA2011-v3;Server
;Intel Xeon E5-2628L v2 @ 1.90GHz;8;7181;;70;LGA 2011;Server
;Intel Xeon E5-2628L v3 @ 2.00GHz;10;9949;;75;LGA2011-v3;Server
;Intel Xeon E5-2628L v4 @ 1.90GHz;12;11079;;75;FCLGA2011-3;Server
;Intel Xeon E5-2629 v3 @ 2.40GHz;8;9139;;85;LGA2011-v3;Server
;Intel Xeon E5-2630 @ 2.30GHz;6;6084;;95;LGA2011;Server
;Intel Xeon E5-2630 v2 @ 2.60GHz;6;7500;;80;FCLGA2011;Server
;Intel Xeon E5-2630 v3 @ 2.40GHz;8;10270;;85;LGA2011-v3;Server
;Intel Xeon E5-2630 v4 @ 2.20GHz;10;11472;;85;FCLGA2011-3;Server
;Intel Xeon E5-2630L @ 2.00GHz;6;5305;;60;LGA 2011;Server
;Intel Xeon E5-2630L v2 @ 2.40GHz;6;6640;;60;LGA 2011;Server
;Intel Xeon E5-2630L v3 @ 1.80GHz;8;8661;;55;LGA2011-v3;Server
;Intel Xeon E5-2630L v4 @ 1.80GHz;10;9966;;55;FCLGA2011-3;Server
;Intel Xeon E5-2637 @ 3.00GHz;2;2978;;80;FCLGA2011;Server
;Intel Xeon E5-2637 v2 @ 3.50GHz;4;6492;;130;LGA 2011;Server
;Intel Xeon E5-2637 v3 @ 3.50GHz;4;7252;;135;LGA2011-v3;Server
;Intel Xeon E5-2637 v4 @ 3.50GHz;4;7460;;135;FCLGA2011-3;Server
;Intel Xeon E5-2640 @ 2.50GHz;6;6296;;95;LGA2011;Server
;Intel Xeon E5-2640 v2 @ 2.00GHz;8;7625;;95;LGA 2011;Server
;Intel Xeon E5-2640 v3 @ 2.60GHz;8;11049;;90;LGA2011-v3;Server
;Intel Xeon E5-2640 v4 @ 2.40GHz;10;12478;;90;FCLGA2011-3;Server
;Intel Xeon E5-2643 @ 3.30GHz;4;5229;;130;LGA2011;Server
;Intel Xeon E5-2643 v2 @ 3.50GHz;6;9172;;130;FCLGA2011;Server
;Intel Xeon E5-2643 v3 @ 3.40GHz;6;10396;;135;LGA2011-v3;Server
;Intel Xeon E5-2643 v4 @ 3.40GHz;6;11095;;135;FCLGA2011-3;Server
;Intel Xeon E5-2648L @ 1.80GHz;8;5262;;70;LGA 2011;Server
;Intel Xeon E5-2648L v2 @ 1.90GHz;10;8828;;70;FCLGA2011;Server
;Intel Xeon E5-2648L v3 @ 1.80GHz;12;9847;;75;LGA2011-v3;Server
;Intel Xeon E5-2648L v4 @ 1.80GHz;14;11839;;75;FCLGA2011-3;Server
;Intel Xeon E5-2649 v3 @ 2.30GHz;10;12399;;105;LGA2011-v3;Server
;Intel Xeon E5-2650 @ 2.00GHz;8;7349;;95;LGA2011;Server
;Intel Xeon E5-2650 v2 @ 2.60GHz;8;9790;;95;FCLGA2011;Server
;Intel Xeon E5-2650 v3 @ 2.30GHz;10;11687;;105;LGA2011-v3;Server
;Intel Xeon E5-2650 v4 @ 2.20GHz;12;13283;;105;FCLGA2011-3;Server
;Intel Xeon E5-2650L @ 1.80GHz;8;6192;;70;LGA 2011;Server
;Intel Xeon E5-2650L v2 @ 1.70GHz;10;7612;;70;FCLGA2011;Server
;Intel Xeon E5-2650L v3 @ 1.80GHz;12;11865;;65;LGA2011-v3;Server
;Intel Xeon E5-2650L v4 @ 1.70GHz;14;12734;;65;FCLGA2011-3;Server
;Intel Xeon E5-2651 v2 @ 1.80GHz;12;9551;;NA;LGA 2011;Server
;Intel Xeon E5-2658 @ 2.10GHz;8;6232;;95;LGA2011;Server
;Intel Xeon E5-2658 v2 @ 2.40GHz;10;10528;;95;LGA 2011;Server
;Intel Xeon E5-2658 v3 @ 2.20GHz;12;13487;;105;LGA2011-v3;Server
;Intel Xeon E5-2658 v4 @ 2.30GHz;14;14434;;105;FCLGA2011-3;Server
;Intel Xeon E5-2658A v3 @ 2.20GHz;12;14879;;105;FCLGA2011-3;Server
;Intel Xeon E5-2660 @ 2.20GHz;8;8067;;95;LGA2011;Server
;Intel Xeon E5-2660 v2 @ 2.20GHz;10;10350;;95;LGA 2011;Server
;Intel Xeon E5-2660 v3 @ 2.60GHz;10;13059;;105;LGA2011-v3;Server
;Intel Xeon E5-2660 v4 @ 2.00GHz;14;15623;;105;FCLGA2011-3;Server
;Intel Xeon E5-2663 v3 @ 2.80GHz;10;11777;;120;LGA2011-v3;Server
;Intel Xeon E5-2665 @ 2.40GHz;8;8293;;115;LGA2011;Server
;Intel Xeon E5-2666 v3 @ 2.90GHz;10;14035;;135;LGA2011-v3;Server
;Intel Xeon E5-2666 v4 @ 2.80GHz;12;17958;;145;FCLGA2011-v3;Server
;Intel Xeon E5-2667 @ 2.90GHz;6;7442;;130;LGA2011;Server
;Intel Xeon E5-2667 v2 @ 3.30GHz;8;12237;;130;LGA 2011;Server
;Intel Xeon E5-2667 v3 @ 3.20GHz;8;12497;;135;LGA2011-v3;Server
;Intel Xeon E5-2667 v4 @ 3.20GHz;8;13778;;135;FCLGA2011-3;Server
;Intel Xeon E5-2669 v3 @ 2.30GHz;12;16107;;120;LGA2011-v3;Server
;Intel Xeon E5-2670 @ 2.60GHz;8;8918;;115;LGA2011;Server
;Intel Xeon E5-2670 v2 @ 2.50GHz;10;11345;;115;FCLGA2011;Server
;Intel Xeon E5-2670 v3 @ 2.30GHz;12;13496;;120;LGA2011-v3;Server
;Intel Xeon E5-2673 v2 @ 3.30GHz;8;12331;;110;LGA 2011;Server
;Intel Xeon E5-2673 v3 @ 2.40GHz;12;14077;;110;LGA2011-v3;Server
;Intel Xeon E5-2673 v4 @ 2.30GHz;20;21277;;135;FCLGA2011-3;Server
;Intel Xeon E5-2675 v3 @ 1.80GHz;16;13180;;NA;LGA2011-v3;Server
;Intel Xeon E5-2676 v3 @ 2.40GHz;12;13186;;120;LGA2011-v3;Server
;Intel Xeon E5-2676 v4 @ 2.40GHz;16;18978;;145;FCLGA2011-3;Server
;Intel Xeon E5-2678 v3 @ 2.50GHz;12;14669;;120;LGA2011-v3;Server
;Intel Xeon E5-2679 v4 @ 2.50GHz;20;24131;;200;FCLGA2011-3;Server
;Intel Xeon E5-2680 @ 2.70GHz;8;9324;;130;LGA2011;Server
;Intel Xeon E5-2680 v2 @ 2.80GHz;10;12657;;115;FCLGA2011;Server
;Intel Xeon E5-2680 v3 @ 2.50GHz;12;14877;;120;LGA2011-v3;Server
;Intel Xeon E5-2680 v4 @ 2.40GHz;14;17320;;120;FCLGA2011-3;Server
;Intel Xeon E5-2680R v4 @ 2.40GHz;14;17487;;120;FCLGA2011-3;Server
;Intel Xeon E5-2682 v4 @ 2.50GHz;16;18557;;120;FCLGA2011-3;Server
;Intel Xeon E5-2683 v3 @ 2.00GHz;14;14697;;120;LGA2011-v3;Server
;Intel Xeon E5-2683 v4 @ 2.10GHz;16;17516;;120;FCLGA2011-3;Server
;Intel Xeon E5-2685 v3 @ 2.60GHz;12;12944;;120;LGA2011-v3;Server
;Intel Xeon E5-2686 v3 @ 2.00GHz;18;18148;;120;LGA2011-v3;Server
;Intel Xeon E5-2686 v4 @ 2.30GHz;18;19860;;145;FCLGA2011-3;Server
;Intel Xeon E5-2687W @ 3.10GHz;8;10018;;150;LGA2011;Server
;Intel Xeon E5-2687W v2 @ 3.40GHz;8;12301;;150;FCLGA2011;Server
;Intel Xeon E5-2687W v3 @ 3.10GHz;10;14540;;160;LGA2011-v3;Server
;Intel Xeon E5-2687W v4 @ 3.00GHz;12;17655;;160;FCLGA2011-3;Server
;Intel Xeon E5-2689 @ 2.60GHz;8;9481;;115;LGA 2011;Server
;Intel Xeon E5-2689 v4 @ 3.10GHz;10;17084;;165;FCLGA2011-3;Server
;Intel Xeon E5-2690 @ 2.90GHz;8;9770;;135;LGA2011;Server
;Intel Xeon E5-2690 v2 @ 3.00GHz;10;13368;;130;FCLGA2011;Server
;Intel Xeon E5-2690 v3 @ 2.60GHz;12;16053;;135;LGA2011-v3;Server
;Intel Xeon E5-2690 v4 @ 2.60GHz;14;19284;;135;FCLGA2011-3;Server
;Intel Xeon E5-2692 v2 @ 2.20GHz;12;12119;;115;LGA 2011;Server
;Intel Xeon E5-2695 v2 @ 2.40GHz;12;13380;;115;LGA 2011;Server
;Intel Xeon E5-2695 v3 @ 2.30GHz;14;16561;;120;LGA2011-v3;Server
;Intel Xeon E5-2695 v4 @ 2.10GHz;18;18870;;120;FCLGA2011-3;Server
;Intel Xeon E5-2696 v2 @ 2.50GHz;12;14079;;120;LGA2011;Server
;Intel Xeon E5-2696 v3 @ 2.30GHz;18;21473;;145;LGA2011-v3;Server
;Intel Xeon E5-2696 v4 @ 2.20GHz;22;25027;;150;FCLGA2011-3;Server
;Intel Xeon E5-2697 v2 @ 2.70GHz;12;14277;;130;FCLGA2011;Server
;Intel Xeon E5-2697 v3 @ 2.60GHz;14;18154;;145;LGA2011-v3;Server
;Intel Xeon E5-2697 v4 @ 2.30GHz;18;20979;;145;FCLGA2011-3;Server
;Intel Xeon E5-2697A v4 @ 2.60GHz;16;21586;;145;FCLGA2011-3;Server
;Intel Xeon E5-2697R v4 @ 2.30GHz;18;20843;;145;FCLGA2011-3;Server
;Intel Xeon E5-2698 v3 @ 2.30GHz;16;18864;;135;LGA2011-v3;Server
;Intel Xeon E5-2698 v4 @ 2.20GHz;20;22912;;135;FCLGA2011-3;Server
;Intel Xeon E5-2698B v3 @ 2.00GHz;16;16287;;NA;LGA2011-v3;Server
;Intel Xeon E5-2698R v4 @ 2.20GHz;20;25605;;NA;FCLGA2011-3;Server
;Intel Xeon E5-2699 v3 @ 2.30GHz;18;20031;;145;LGA2011-v3;Server
;Intel Xeon E5-2699 v4 @ 2.20GHz;22;24683;;145;FCLGA2011-3;Server
;Intel Xeon E5-2699A v4 @ 2.40GHz;22;26766;;145;FCLGA2011-3;Server
;Intel Xeon E5-2699C v4 @ 2.20GHz;22;21113;;145;FCLGA2011-3;Server
;Intel Xeon E5-4603 @ 2.00GHz;4;3391;;95;LGA 2011;Server
;Intel Xeon E5-4607 v2 @ 2.60GHz;6;6986;;95;FCLGA2011;Server
;Intel Xeon E5-4610 @ 2.40GHz;6;6460;;95;FCLGA2011;Server
;Intel Xeon E5-4610 v3 @ 1.70GHz;10;7229;;105;FCLGA2011-3;Server
;Intel Xeon E5-4617 @ 2.90GHz;6;6298;;130;LGA 2011;Server
;Intel Xeon E5-4620 @ 2.20GHz;8;6635;;95;LGA 2011;Server
;Intel Xeon E5-4620 v2 @ 2.60GHz;8;9424;;95;FCLGA2011;Server
;Intel Xeon E5-4620 v3 @ 2.00GHz;10;10525;;105;FCLGA2011-3;Server
;Intel Xeon E5-4627 v2 @ 3.30GHz;8;9425;;130;FCLGA2011;Server
;Intel Xeon E5-4627 v3 @ 2.60GHz;10;11344;;135;FCLGA2011-3;Server
;Intel Xeon E5-4627 v4 @ 2.60GHz;10;12969;;135;FCLGA2011-3;Server
;Intel Xeon E5-4628L v4 @ 1.80GHz;14;11503;;75;FCLGA2011;Mobile/Embedded
;Intel Xeon E5-4640 @ 2.40GHz;8;7012;;95;LGA2011;Server
;Intel Xeon E5-4640 v3 @ 1.90GHz;12;10372;;105;FCLGA2011-3;Server
;Intel Xeon E5-4648 v3 @ 1.70GHz;12;9061;;105;FCLGA2011-3;Server
;Intel Xeon E5-4650 @ 2.70GHz;8;8599;;130;LGA2011;Server
;Intel Xeon E5-4650 v2 @ 2.40GHz;10;10907;;95;FCLGA2011;Server
;Intel Xeon E5-4650 v3 @ 2.10GHz;12;10838;;105;FCLGA2011-3;Server
;Intel Xeon E5-4650 v4 @ 2.20GHz;14;16225;;105;FCLGA2011-3;Server
;Intel Xeon E5-4650L @ 2.60GHz;8;8533;;115;LGA 2011;Server
;Intel Xeon E5-4655 v3 @ 2.90GHz;6;9377;;135;FCLGA2011-3;Server
;Intel Xeon E5-4655 v4 @ 2.50GHz;8;10912;;135;FCLGA2011;Server
;Intel Xeon E5-4657L v2 @ 2.40GHz;12;11613;;115;FCLGA2011;Server
;Intel Xeon E5-4660 v3 @ 2.10GHz;14;14167;;120;FCLGA2011-3;Server
;Intel Xeon E5-4660 v4 @ 2.20GHz;16;15375;;120;FCLGA2011-3;Server
;Intel Xeon E5-4667 v3 @ 2.00GHz;16;15397;;135;FCLGA2011-3;Server
;Intel Xeon E5-4667 v4 @ 2.20GHz;18;20319;;135;FCLGA2011-3;Server
;Intel Xeon E5-4669 v3 @ 2.10GHz;18;17430;;135;FCLGA2011-3;Server
;Intel Xeon E5-4669 v4 @ 2.20GHz;22;11523;;135;FCLGA2011-3;Server
;Intel Xeon E5205 @ 1.86GHz;2;838;;65;LGA771;Server
;Intel Xeon E5240 @ 3.00GHz;2;1448;;65;LGA771;Server
;Intel Xeon E5310 @ 1.60GHz;4;1306;;80;LGA771;Server
;Intel Xeon E5320 @ 1.86GHz;4;1469;;80;LGA771;Server
;Intel Xeon E5335 @ 2.00GHz;4;1549;;80;LGA771;Server
;Intel Xeon E5345 @ 2.33GHz;4;1868;;80;LGA771;Server
;Intel Xeon E5405 @ 2.00GHz;4;1753;;80;LGA771;Server
;Intel Xeon E5410 @ 2.33GHz;4;2032;;80;LGA771;Server
;Intel Xeon E5420 @ 2.50GHz;4;2030;;80;LGA771;Server
;Intel Xeon E5430 @ 2.66GHz;4;2256;;80;LGA771;Server
;Intel Xeon E5440 @ 2.83GHz;4;2367;;80;LGA771;Server
;Intel Xeon E5450 @ 3.00GHz;4;2580;;80;LGA771;Server
;Intel Xeon E5462 @ 2.80GHz;4;2231;;80;LGA771;Server
;Intel Xeon E5472 @ 3.00GHz;4;2333;;80;LGA771;Server
;Intel Xeon E5502 @ 1.87GHz;2;837;;80;LGA1366;Server
;Intel Xeon E5503 @ 2.00GHz;2;804;;80;LGA1366;Server
;Intel Xeon E5504 @ 2.00GHz;4;1489;;80;LGA1366;Server
;Intel Xeon E5506 @ 2.13GHz;4;1961;;80;LGA1366;Server
;Intel Xeon E5507 @ 2.27GHz;4;1905;;80;LGA1366;Server
;Intel Xeon E5520 @ 2.27GHz;4;2533;;80;LGA1366;Server
;Intel Xeon E5530 @ 2.40GHz;4;2739;;80;LGA1366;Server
;Intel Xeon E5540 @ 2.53GHz;4;2805;;80;LGA1366;Server
;Intel Xeon E5603 @ 1.60GHz;4;1935;;80;LGA1366;Server
;Intel Xeon E5606 @ 2.13GHz;4;2443;;80;LGA1366;Server
;Intel Xeon E5607 @ 2.27GHz;4;2686;;80;LGA1366;Server
;Intel Xeon E5620 @ 2.40GHz;4;3621;;80;LGA1366;Server
;Intel Xeon E5630 @ 2.53GHz;4;3785;;80;LGA1366;Server
;Intel Xeon E5640 @ 2.67GHz;4;3880;;80;LGA1366;Server
;Intel Xeon E5645 @ 2.40GHz;6;4942;;80;LGA1366;Server
;Intel Xeon E5649 @ 2.53GHz;6;5659;;80;LGA1366;Server
;Intel Xeon E7- 2830 @ 2.13GHz;4;2027;;105;LGA1567;Server
;Intel Xeon E7-4809 v2 @ 1.90GHz;6;16471;;105;FCLGA2011;Server
;Intel Xeon E7-8880 v3 @ 2.30GHz;18;18244;;150;LGA2011-1;Server
;Intel Xeon E7-8891 v3 @ 2.80GHz;10;21615;;165;LGA2011-v3;Server
;Intel Xeon E7320 @ 2.13GHz;4;1469;;80;604;Server
;Intel Xeon Gold 5115 @ 2.40GHz;10;14875;;85;FCLGA3647;Server
;Intel Xeon Gold 5117 @ 2.00GHz;14;16897;;105;Unknown;Server
;Intel Xeon Gold 5118 @ 2.30GHz;12;16769;;105;FCLGA3647;Server
;Intel Xeon Gold 5120 @ 2.20GHz;14;18132;;105;FCLGA3647;Server
;Intel Xeon Gold 5120T @ 2.20GHz;14;18127;;105;FCLGA3647;Server
;Intel Xeon Gold 5122 @ 3.60GHz;4;8883;;105;FCLGA3647;Server
;Intel Xeon Gold 5215 @ 2.20GHz;10;16304;;85;FCLGA3647;Server
;Intel Xeon Gold 5215 @ 2.50GHz;10;15757;;85;FCLGA3647;Server
;Intel Xeon Gold 5217 @ 3.00GHz;8;15429;;115;FCLGA3647;Server
;Intel Xeon Gold 5218 @ 2.30GHz;16;21586;;125;FCLGA3647;Server
;Intel Xeon Gold 5218R @ 2.10GHz;20;25000;;125;FCLGA3647;Server
;Intel Xeon Gold 5218T @ 2.10GHz;16;21433;;105;Unknown;Server
;Intel Xeon Gold 5220 @ 2.20GHz;18;24154;;125;FCLGA3647;Server
;Intel Xeon Gold 5220R @ 2.20GHz;24;30372;;150;FCLGA3647;Server
;Intel Xeon Gold 5222 @ 3.80GHz;4;9483;;105;FCLGA3647;Server
;Intel Xeon Gold 5315Y @ 3.20GHz;8;20477;;140;FCLGA4189;Server
;Intel Xeon Gold 5317 @ 3.00GHz;12;27448;;150;FCLGA4189;Server
;Intel Xeon Gold 5318H @ 2.50GHz;18;29301;;150;FCLGA4189;Server
;Intel Xeon Gold 5318Y @ 2.10GHz;24;33139;;165;FCLGA4189;Server
;Intel Xeon Gold 5320 @ 2.20GHz;26;37558;;185;FCLGA4189;Server
;Intel Xeon Gold 5320H @ 2.40GHz;20;31718;;150;FCLGA4189;Server
;Intel Xeon Gold 5412U;24;52218;;185;FCLGA4677;Server
;Intel Xeon Gold 5415+;8;24842;;150;FCLGA4677;Server
;Intel Xeon Gold 5416S;16;35515;;150;FCLGA4677;Server
;Intel Xeon Gold 5418Y;24;45660;;185;FCLGA4677;Server
;Intel Xeon Gold 5420+;28;58209;;205;FCLGA4677;Server
;Intel Xeon Gold 5512U;28;60351;;185;FCLGA4677;Server
;Intel Xeon Gold 5515+;8;26359;;165;FCLGA4677;Server
;Intel Xeon Gold 5520+;28;61227;;205;FCLGA4677;Server
;Intel Xeon Gold 6122 @ 1.80GHz;20;23781;;120;FCLGA3647;Server
;Intel Xeon Gold 6126 @ 2.60GHz;12;17492;;125;FCLGA3647;Server
;Intel Xeon Gold 6126T @ 2.60GHz;12;20755;;125;FCLGA3647;Server
;Intel Xeon Gold 6128 @ 3.40GHz;6;12909;;115;FCLGA3647;Server
;Intel Xeon Gold 6130 @ 2.10GHz;16;21490;;125;FCLGA3647;Server
;Intel Xeon Gold 6130T @ 2.10GHz;16;21804;;125;FCLGA3647;Server
;Intel Xeon Gold 6132 @ 2.60GHz;14;22365;;140;FCLGA3647;Server
;Intel Xeon Gold 6134 @ 3.20GHz;8;16523;;130;FCLGA3647;Server
;Intel Xeon Gold 6136 @ 3.00GHz;12;21049;;150;FCLGA3647;Server
;Intel Xeon Gold 6137 @ 3.90GHz;8;19365;;205;FCLGA-3647;Server
;Intel Xeon Gold 6138 @ 2.00GHz;20;23777;;125;FCLGA3647;Server
;Intel Xeon Gold 6138T @ 2.00GHz;20;20356;;125;FCLGA3647;Server
;Intel Xeon Gold 6140 @ 2.30GHz;18;23927;;140;FCLGA3647;Server
;Intel Xeon Gold 6142 @ 2.60GHz;16;25490;;150;FCLGA3647;Server
;Intel Xeon Gold 6143 @ 2.80GHz;16;24786;;205;FCLGA3647;Server
;Intel Xeon Gold 6144 @ 3.50GHz;8;18020;;150;FCLGA3647;Server
;Intel Xeon Gold 6146 @ 3.20GHz;12;22595;;165;FCLGA3647;Server
;Intel Xeon Gold 6148 @ 2.40GHz;20;29004;;150;FCLGA3647;Server
;Intel Xeon Gold 6150 @ 2.70GHz;18;26447;;165;FCLGA3647;Server
;Intel Xeon Gold 6152 @ 2.10GHz;22;24287;;140;FCLGA3647;Server
;Intel Xeon Gold 6154 @ 3.00GHz;18;27457;;200;FCLGA3647;Server
;Intel Xeon Gold 6208U @ 2.90GHz;16;24480;;150;FCLGA3647;Server
;Intel Xeon Gold 6210U @ 2.50GHz;20;28861;;150;FCLGA3647;Server
;Intel Xeon Gold 6212U @ 2.40GHz;24;27470;;165;FCLGA3647;Server
;Intel Xeon Gold 6222V @ 1.80GHz;20;24254;;115;FCLGA3647;Server
;Intel Xeon Gold 6226 @ 2.70GHz;12;20619;;125;FCLGA3647;Server
;Intel Xeon Gold 6226R @ 2.90GHz;16;26405;;150;FCLGA3647;Server
;Intel Xeon Gold 6230 @ 2.10GHz;20;26076;;125;FCLGA3647;Server
;Intel Xeon Gold 6230R @ 2.10GHz;26;32591;;150;FCLGA3647;Server
;Intel Xeon Gold 6234 @ 3.30GHz;8;17752;;130;FCLGA3647;Server
;Intel Xeon Gold 6238 @ 2.10GHz;22;29118;;140;FCLGA3647;Server
;Intel Xeon Gold 6238R @ 2.20GHz;28;34751;;165;FCLGA3647;Server
;Intel Xeon Gold 6240 @ 2.60GHz;18;24918;;150;FCLGA3647;Server
;Intel Xeon Gold 6240R @ 2.40GHz;24;33353;;165;FCLGA3647;Server
;Intel Xeon Gold 6242 @ 2.80GHz;16;24994;;150;FCLGA3647;Server
;Intel Xeon Gold 6242R @ 3.10GHz;20;36032;;205;FCLGA3647;Server
;Intel Xeon Gold 6244 @ 3.60GHz;8;18831;;150;FCLGA3647;Server
;Intel Xeon Gold 6246 @ 3.30GHz;12;22571;;165;FCLGA3647;Server
;Intel Xeon Gold 6246R @ 3.40GHz;16;30468;;205;FCLGA3647;Server
;Intel Xeon Gold 6248 @ 2.50GHz;20;29570;;150;FCLGA3647;Server
;Intel Xeon Gold 6248R @ 3.00GHz;24;35434;;205;FCLGA3647;Server
;Intel Xeon Gold 6250 @ 3.90GHz;8;20552;;185;FCLGA3647;Server
;Intel Xeon Gold 6252 @ 2.10GHz;24;27148;;150;FCLGA3647;Server
;Intel Xeon Gold 6253CL @ 3.10GHz;18;28549;;205;FCLGA3647;Server
;Intel Xeon Gold 6254 @ 3.10GHz;18;32283;;200;FCLGA3647;Server
;Intel Xeon Gold 6256 @ 3.60GHz;12;23287;;205;FCLGA3647;Server
;Intel Xeon Gold 6258R @ 2.70GHz;28;40252;;205;FCLGA3647;Server
;Intel Xeon Gold 6262 @ 1.90GHz;24;21823;;135;Unknown;Server
;Intel Xeon Gold 6266C @ 3.00GHz;22;29049;;205;FCLGA3647;Server
;Intel Xeon Gold 6268CL @ 2.80GHz;24;34558;;205;FCLGA3647;Server
;Intel Xeon Gold 6278C @ 2.60GHz;26;32835;;185;FCLGA3647;Server
;Intel Xeon Gold 6312U @ 2.40GHz;24;42443;;185;FCLGA4189;Server
;Intel Xeon Gold 6314U @ 2.30GHz;32;48916;;205;FCLGA4189;Server
;Intel Xeon Gold 6326 @ 2.90GHz;16;33882;;185;FCLGA4189;Server
;Intel Xeon Gold 6330 @ 2.00GHz;28;42072;;205;FCLGA4189;Server
;Intel Xeon Gold 6330N @ 2.20GHz;28;36360;;165;FCLGA4189;Server
;Intel Xeon Gold 6334 @ 3.60GHz;8;20512;;165;FCLGA4189;Server
;Intel Xeon Gold 6336Y @ 2.40GHz;24;45517;;185;FCLGA4189;Server
;Intel Xeon Gold 6338 @ 2.00GHz;32;39009;;205;FCLGA4189;Server
;Intel Xeon Gold 6338N @ 2.20GHz;32;42086;;185;FCLGA4189;Server
;Intel Xeon Gold 6338T @ 2.10GHz;24;35801;;165;FCLGA4189;Server
;Intel Xeon Gold 6342 @ 2.80GHz;24;47076;;230;FCLGA4189;Server
;Intel Xeon Gold 6346 @ 3.10GHz;16;37734;;205;FCLGA4189;Server
;Intel Xeon Gold 6348 @ 2.60GHz;28;51843;;235;FCLGA4189;Server
;Intel Xeon Gold 6354 @ 3.00GHz;18;39400;;205;FCLGA4189;Server
;Intel Xeon Gold 6414U;32;57200;;250;FCLGA4677;Server
;Intel Xeon Gold 6416H;18;40606;;165;FCLGA4677;Server
;Intel Xeon Gold 6418H;24;51711;;185;FCLGA4677;Server
;Intel Xeon Gold 6421N;32;58797;;185;FCLGA4677;Server
;Intel Xeon Gold 6423N;28;57434;;195;FCLGA4677;Server
;Intel Xeon Gold 6426Y;16;37944;;185;FCLGA4677;Server
;Intel Xeon Gold 6430;32;51490;;NA;Unknown;Server
;Intel Xeon Gold 6434;8;28111;;195;FCLGA4677;Server
;Intel Xeon Gold 6438N;32;52789;;205;FCLGA4677;Server
;Intel Xeon Gold 6438Y+;32;62660;;205;FCLGA4677;Server
;Intel Xeon Gold 6442Y;24;58534;;225;FCLGA4677;Server
;Intel Xeon Gold 6444Y;16;47176;;270;FCLGA4677;Server
;Intel Xeon Gold 6448H;32;70292;;250;FCLGA4677;Server
;Intel Xeon Gold 6448Y;32;60449;;225;FCLGA4677;Server
;Intel Xeon Gold 6450C;30;38571;;122;FCLGA4677;Server
;Intel Xeon Gold 6526Y;16;44396;;195;FCLGA4677;Server
;Intel Xeon Gold 6530;32;55177;;270;FCLGA4677;Server
;Intel Xeon Gold 6534;8;29786;;195;FCLGA4677;Server
;Intel Xeon Gold 6538N;32;44895;;205;FCLGA4677;Server
;Intel Xeon Gold 6542Y;24;59047;;250;FCLGA4677;Server
;Intel Xeon Gold 6544Y;16;51181;;270;FCLGA4677;Server
;Intel Xeon Gold 6548Y+;32;73387;;205;FCLGA4677;Server
;Intel Xeon Gold 6554S;36;50777;;270;FCLGA4677;Server
;Intel Xeon L3110 @ 3.00GHz;2;1338;;45;LGA775;Server
;Intel Xeon L3360 @ 2.83GHz;4;2412;;65;LGA775;Server
;Intel Xeon L3406 @ 2.27GHz;2;1104;;30;LGA1156;Server
;Intel Xeon L3426 @ 1.87GHz;4;2742;;45;LGA1156;Server
;Intel Xeon L5240 @ 3.00GHz;2;1337;;40;LGA771;Server
;Intel Xeon L5310 @ 1.60GHz;4;1385;;50;LGA771;Server
;Intel Xeon L5320 @ 1.86GHz;4;1118;;50;LGA771;Server
;Intel Xeon L5335 @ 2.00GHz;4;1737;;50;LGA771;Server
;Intel Xeon L5408 @ 2.13GHz;4;1769;;40;LGA771;Server
;Intel Xeon L5410 @ 2.33GHz;4;1853;;50;LGA771;Server
;Intel Xeon L5420 @ 2.50GHz;4;2143;;50;LGA771;Server
;Intel Xeon L5430 @ 2.66GHz;4;2260;;50;LGA771;Server
;Intel Xeon L5520 @ 2.27GHz;4;2274;;60;LGA1366;Server
;Intel Xeon L5530 @ 2.40GHz;4;2522;;60;LGA1366;Server
;Intel Xeon L5609 @ 1.87GHz;4;3298;;40;LGA1366;Server
;Intel Xeon L5630 @ 2.13GHz;4;3048;;40;LGA1366;Server
;Intel Xeon L5638 @ 2.00GHz;6;3707;;60;LGA1366;Server
;Intel Xeon L5639 @ 2.13GHz;6;4419;;60;LGA1366;Server
;Intel Xeon L5640 @ 2.27GHz;6;4659;;60;LGA1366;Server
;Intel Xeon L7455 @ 2.13GHz;6;2494;;65;PGA604;Server
;Intel Xeon Max 9480;56;82913;;350;FCLGA4677;Server
;Intel Xeon MV 3.20GHz;2;756;;90;mPGA604;Server
;Intel Xeon Phi 7210 @ 1.30GHz;64;7306;;215;SVLCLGA3647;Server
;Intel Xeon Phi 7290 @ 1.50GHz;72;17839;;245;SVLCLGA3647;Server
;Intel Xeon Platinum 8124M @ 3.00GHz;18;25350;;NA;FCLGA3647;Server
;Intel Xeon Platinum 8151 @ 3.40GHz;12;16208;;NA;Unknown;Server
;Intel Xeon Platinum 8160 @ 2.10GHz;24;29091;;150;FCLGA3647;Server
;Intel Xeon Platinum 8167M @ 2.00GHz;26;24751;;NA;FCLGA3647;Server
;Intel Xeon Platinum 8168 @ 2.70GHz;24;32373;;205;FCLGA3647;Server
;Intel Xeon Platinum 8171M @ 2.60GHz;26;29613;;165;FCLGA3647;Server
;Intel Xeon Platinum 8173M @ 2.00GHz;28;28025;;165;FCLGA3647;Server
;Intel Xeon Platinum 8175M @ 2.50GHz;24;26659;;NA;FCLGA3647;Server
;Intel Xeon Platinum 8176 @ 2.10GHz;28;23179;;165;FCLGA3647;Server
;Intel Xeon Platinum 8180 @ 2.50GHz;28;38259;;205;FCLGA3647;Server
;Intel Xeon Platinum 8180M @ 2.50GHz;28;30313;;205;FCLGA3647;Server
;Intel Xeon Platinum 8252C @ 3.80GHz;12;28147;;NA;Unknown;Server
;Intel Xeon Platinum 8259CL @ 2.50GHz;24;31403;;210;LGA 3647;Server
;Intel Xeon Platinum 8260 @ 2.40GHz;24;30720;;165;FCLGA3647;Server
;Intel Xeon Platinum 8260C @ 2.40GHz;24;34420;;NA;FCLGA3647;Server
;Intel Xeon Platinum 8260M @ 2.30GHz;24;33970;;165;LGA3647;Server
;Intel Xeon Platinum 8260M @ 2.40GHz;24;34592;;165;FCLGA3647;Server
;Intel Xeon Platinum 8268 @ 2.90GHz;24;35081;;205;FCLGA3647;Server
;Intel Xeon Platinum 8270 @ 2.70GHz;26;33602;;205;FCLGA3647;Server
;Intel Xeon Platinum 8273CL @ 2.20GHz;28;37320;;165;FCLGA3647;Server
;Intel Xeon Platinum 8275CL @ 3.00GHz;24;40794;;NA;Unknown;Server
;Intel Xeon Platinum 8280 @ 2.70GHz;28;36830;;205;FCLGA3647;Server
;Intel Xeon Platinum 8280M @ 2.70GHz;28;37665;;205;FCLGA3647;Server
;Intel Xeon Platinum 8347C @ 2.10GHz;36;49386;;210;LGA4189;Server
;Intel Xeon Platinum 8358 @ 2.60GHz;32;54416;;250;FCLGA4189;Server
;Intel Xeon Platinum 8360Y @ 2.40GHz;36;54078;;250;FCLGA4189;Server
;Intel Xeon Platinum 8362 @ 2.80GHz;32;56787;;265;FCLGA4189;Server
;Intel Xeon Platinum 8368Q @ 2.60GHz;38;46681;;270;FCLGA4189;Server
;Intel Xeon Platinum 8375C @ 2.90GHz;32;56202;;300;FCLGA4189;Server
;Intel Xeon Platinum 8380 @ 2.30GHz;40;62318;;270;FCLGA4189;Server
;Intel Xeon Platinum 8454H;32;62347;;270;FCLGA4677;Server
;Intel Xeon Platinum 8461V;48;74982;;300;FCLGA4677;Server
;Intel Xeon Platinum 8470 @2.00GHz;52;89850;;350;FCLGA4677;Server
;Intel Xeon Platinum 8475B;1;3280;;NA;Unknown;Server
;Intel Xeon Platinum 8481C @ 2.70GHz;4;11681;;350;Unknown;Server
;Intel Xeon Platinum 8488C;48;88667;;385;Unknown;Server
;Intel Xeon Platinum 8568Y+;48;79683;;350;FCLGA4677;Server
;Intel Xeon Platinum 8570;56;93722;;350;FCLGA4677;Server
;Intel Xeon Platinum 8571N;52;68385;;300;FCLGA4677;Server
;Intel Xeon Platinum 8575C;1;3342;;NA;Unknown;Server
;Intel Xeon Platinum 8581C @ 2.30GHz;2;8040;;NA;Unknown;Server
;Intel Xeon Platinum 8592+;64;84013;;350;FCLGA4677;Server
;Intel Xeon Platinum P-8124 @ 3.00GHz;18;22674;;240;FCLGA3647;Server
;Intel Xeon Silver 4108 @ 1.80GHz;8;9177;;85;FCLGA3647;Server
;Intel Xeon Silver 4109T @ 2.00GHz;8;10348;;70;FCLGA3647;Server
;Intel Xeon Silver 4110 @ 2.10GHz;8;10312;;85;FCLGA3647;Server
;Intel Xeon Silver 4112 @ 2.60GHz;4;6512;;85;FCLGA3647;Server
;Intel Xeon Silver 4114 @ 2.20GHz;10;13097;;85;FCLGA3647;Server
;Intel Xeon Silver 4116 @ 2.10GHz;12;14918;;85;FCLGA3647;Server
;Intel Xeon Silver 4116T @ 2.10GHz;12;15187;;85;FCLGA3647;Server
;Intel Xeon Silver 4123 @ 3.00GHz;8;14405;;105;Unknown;Server
;Intel Xeon Silver 4208 @ 2.10GHz;8;11042;;85;FCLGA3647;Server
;Intel Xeon Silver 4209T @ 2.20GHz;8;11080;;70;FCLGA3647;Server
;Intel Xeon Silver 4210 @ 2.20GHz;10;13672;;85;FCLGA3647;Server
;Intel Xeon Silver 4210R @ 2.40GHz;10;15186;;100;FCLGA3647;Server
;Intel Xeon Silver 4214 @ 2.20GHz;12;16472;;85;FCLGA3647;Server
;Intel Xeon Silver 4214R @ 2.40GHz;12;17694;;100;FCLGA3647;Server
;Intel Xeon Silver 4214Y @ 2.20GHz;12;16442;;85;FCLGA3647;Server
;Intel Xeon Silver 4215 @ 2.50GHz;8;13728;;85;FCLGA3647;Server
;Intel Xeon Silver 4215R @ 3.20GHz;8;15002;;130;FCLGA3647;Server
;Intel Xeon Silver 4216 @ 2.10GHz;16;20915;;100;FCLGA3647;Server
;Intel Xeon Silver 4216R @ 2.20GHz;16;24027;;NA;FCLGA3647;Server
;Intel Xeon Silver 4309Y @ 2.80GHz;8;18718;;105;FCLGA4189;Server
;Intel Xeon Silver 4310 @ 2.10GHz;12;21903;;120;FCLGA4189;Server
;Intel Xeon Silver 4310T @ 2.30GHz;10;20665;;105;FCLGA4189;Server
;Intel Xeon Silver 4314 @ 2.40GHz;16;29095;;135;FCLGA4189;Server
;Intel Xeon Silver 4316 @ 2.30GHz;20;32556;;150;FCLGA4189;Server
;Intel Xeon Silver 4410T;10;27245;;150;FCLGA4677;Server
;Intel Xeon Silver 4410Y;12;24895;;150;FCLGA4677;Server
;Intel Xeon Silver 4416+;20;44140;;165;FCLGA4677;Server
;Intel Xeon Silver 4509Y;8;18749;;125;FCLGA4677;Server
;Intel Xeon Silver 4510;12;32968;;150;FCLGA4677;Server
;Intel Xeon Silver 4510T;12;29119;;115;FCLGA4677;Server
;Intel Xeon Silver 4514Y;16;30355;;150;FCLGA4677;Server
;Intel Xeon W-10855M @ 2.80GHz;6;12420;;45;FCBGA1440;Laptop, Server
;Intel Xeon W-10885M @ 2.40GHz;8;15407;;45;FCBGA1440;Laptop, Server
;Intel Xeon W-11155MLE @ 1.80GHz;4;8502;;25;FCBGA1787;Mobile/Embedded
;Intel Xeon W-11555MLE @ 1.90GHz;6;11864;;25;FCBGA1787;Server
;Intel Xeon W-11555MRE @ 2.60GHz;6;17484;;45;FCBGA1787;Server, Mobile/Embedded
;Intel Xeon W-11855M @ 3.20GHz;6;17621;;45;FCBGA1787;Laptop, Server
;Intel Xeon W-11865MLE @ 1.50GHz;8;15917;;25;FCBGA1787;Server, Mobile/Embedded
;Intel Xeon W-11865MRE @ 2.60GHz;8;19589;;45;FCBGA1787;Server, Mobile/Embedded
;Intel Xeon W-11955M @ 2.60GHz;8;21722;;45;FCBGA1787;Laptop, Server
;Intel Xeon W-1250 @ 3.30GHz;6;13659;;80;FCLGA1200;Server
;Intel Xeon W-1250E @ 3.50GHz;6;12039;;80;FCLGA1200;Server
;Intel Xeon W-1250P @ 4.10GHz;6;14250;;125;FCLGA1200;Desktop, Server
;Intel Xeon W-1270 @ 3.40GHz;8;17606;;80;FCLGA1200;Server
;Intel Xeon W-1270E @ 3.40GHz;8;18635;;80;FCLGA1200;Server, Mobile/Embedded
;Intel Xeon W-1270P @ 3.80GHz;8;17615;;95;FCLGA1200;Server
;Intel Xeon W-1270TE @ 2.00GHz;8;13553;;35;FCLGA1200;Server
;Intel Xeon W-1290 @ 3.20GHz;10;20079;;80;FCLGA1200;Server
;Intel Xeon W-1290E @ 3.50GHz;10;19060;;95;FCLGA1200;Server
;Intel Xeon W-1290P @ 3.70GHz;10;22357;;125;FCLGA1200;Server
;Intel Xeon W-1290T @ 1.90GHz;10;18409;;35;FCLGA1200;Server
;Intel Xeon W-1290TE @ 1.80GHz;10;14505;;35;FCLGA1200;Mobile/Embedded
;Intel Xeon W-1350 @ 3.30GHz;6;18737;;80;FCLGA1200;Server
;Intel Xeon W-1350P @ 4.00GHz;6;19611;;65;FCLGA1200;Server
;Intel Xeon W-1370 @ 2.90GHz;8;22948;;80;FCLGA1200;Desktop, Server
;Intel Xeon W-1370P @ 3.60GHz;8;23129;;125;FCLGA1200;Desktop, Server
;Intel Xeon W-1390 @ 2.80GHz;8;23902;;80;FCLGA1200;Server
;Intel Xeon W-1390P @ 3.50GHz;8;25122;;125;FCLGA1200;Desktop, Server
;Intel Xeon W-2102 @ 2.90GHz;4;5056;;120;FCLGA2066;Server
;Intel Xeon W-2104 @ 3.20GHz;4;5520;;120;FCLGA2066;Server
;Intel Xeon W-2123 @ 3.60GHz;4;8520;;120;FCLGA2066;Server
;Intel Xeon W-2125 @ 4.00GHz;4;9996;;120;FCLGA2066;Server
;Intel Xeon W-2133 @ 3.60GHz;6;12647;;140;FCLGA2066;Server
;Intel Xeon W-2135 @ 3.70GHz;6;14402;;140;FCLGA2066;Server
;Intel Xeon W-2140B @ 3.20GHz;8;17313;;NA;FCLGA2066;Server
;Intel Xeon W-2145 @ 3.70GHz;8;18010;;140;FCLGA2066;Server
;Intel Xeon W-2150B @ 3.00GHz;10;20486;;NA;FCLGA2066;Server
;Intel Xeon W-2155 @ 3.30GHz;10;20970;;140;FCLGA2066;Server
;Intel Xeon W-2170B @ 2.50GHz;14;24448;;NA;FCLGA-2066;Server
;Intel Xeon W-2175 @ 2.50GHz;14;23503;;140;FCLGA2066;Server
;Intel Xeon W-2191B @ 2.30GHz;18;28315;;140;FCLGA2066;Server
;Intel Xeon W-2195 @ 2.30GHz;18;27977;;140;FCLGA2066;Server
;Intel Xeon W-2223 @ 3.60GHz;4;8596;;120;FCLGA2066;Server
;Intel Xeon W-2225 @ 4.10GHz;4;10452;;105;FCLGA2066;Server
;Intel Xeon W-2235 @ 3.80GHz;6;14239;;130;FCLGA2066;Server
;Intel Xeon W-2245 @ 3.90GHz;8;19428;;155;FCLGA2066;Server
;Intel Xeon W-2255 @ 3.70GHz;10;22450;;165;FCLGA2066;Desktop, Server
;Intel Xeon W-2265 @ 3.50GHz;12;25651;;165;FCLGA2066;Server
;Intel Xeon W-2275 @ 3.30GHz;14;27983;;165;FCLGA2066;Desktop
;Intel Xeon W-2295 @ 3.00GHz;18;30939;;165;FCLGA2066;Server
;Intel Xeon W-3175X @ 3.10GHz;28;46125;;255;FCLGA3647;Desktop
;Intel Xeon W-3223 @ 3.50GHz;8;16957;;160;FCLGA3647;Server
;Intel Xeon W-3225 @ 3.70GHz;8;18251;;160;FCLGA3647;Server
;Intel Xeon W-3235 @ 3.30GHz;12;25539;;180;FCLGA3647;Server
;Intel Xeon W-3245 @ 3.20GHz;16;31047;;205;FCLGA3647;Server
;Intel Xeon W-3245M @ 3.20GHz;16;28494;;205;FCLGA3647;Server
;Intel Xeon W-3265 @ 2.70GHz;24;30105;;205;FCLGA3647;Server
;Intel Xeon W-3265M @ 2.70GHz;24;35506;;205;FCLGA3647;Desktop, Server
;Intel Xeon W-3275 @ 2.50GHz;28;41267;;205;FCLGA3647;Server
;Intel Xeon W-3275M @ 2.50GHz;28;40419;;205;FCLGA3647;Server
;Intel Xeon W-3323 @ 3.50GHz;12;27822;;220;FCLGA4189;Desktop, Server
;Intel Xeon W-3335 @ 3.40GHz;16;39293;;250;FCLGA4189;Server
;Intel Xeon W-3345 @ 3.00GHz;24;48140;;250;FCLGA4189;Server
;Intel Xeon W-3365 @ 2.70GHz;32;57312;;270;FCLGA4189;Server
;Intel Xeon W-3375 @ 2.50GHz;38;59091;;270;FCLGA4189;Server
;Intel Xeon w3-2423;6;15717;;120;FCLGA4677;Server
;Intel Xeon w3-2425;6;18695;;130;FCLGA4677;Server
;Intel Xeon w3-2435;8;26492;;165;FCLGA4677;Server
;Intel Xeon w3-2525;8;28578;;175;FCLGA4677;Server
;Intel Xeon w3-2535;10;33336;;185;Unknown;Unknown
;Intel Xeon W3503 @ 2.40GHz;2;1124;;130;LGA1366;Server
;Intel Xeon W3505 @ 2.53GHz;2;1163;;130;LGA1366;Server
;Intel Xeon W3520 @ 2.67GHz;4;2939;;130;LGA1366;Server
;Intel Xeon W3530 @ 2.80GHz;4;3064;;130;LGA1366;Server
;Intel Xeon W3540 @ 2.93GHz;4;3139;;130;LGA1366;Server
;Intel Xeon W3550 @ 3.07GHz;4;3251;;130;LGA1366;Server
;Intel Xeon W3565 @ 3.20GHz;4;3391;;130;LGA1366;Server
;Intel Xeon W3570 @ 3.20GHz;4;3267;;130;LGA1366;Server
;Intel Xeon W3580 @ 3.33GHz;4;3638;;130;LGA1366;Server
;Intel Xeon W3670 @ 3.20GHz;6;6424;;130;LGA1366;Server
;Intel Xeon W3680 @ 3.33GHz;6;7024;;130;LGA1366;Server
;Intel Xeon W3690 @ 3.47GHz;6;7179;;130;LGA1366;Server
;Intel Xeon w5-2445;10;32251;;175;FCLGA4677;Server
;Intel Xeon w5-2455X;12;37296;;200;FCLGA4677;Server
;Intel Xeon w5-2465X;16;45269;;200;FCLGA4677;Server
;Intel Xeon w5-2545;12;40793;;210;FCLGA4677;Server
;Intel Xeon w5-2555X;14;47638;;210;FCLGA4677;Server
;Intel Xeon w5-2565X;18;51824;;240;FCLGA4677;Server
;Intel Xeon w5-3423;12;28172;;270;FCLGA4677;Server
;Intel Xeon w5-3425;12;36178;;270;FCLGA4677;Server
;Intel Xeon w5-3433;16;31275;;220;FCLGA4677;Server
;Intel Xeon w5-3435X;16;45853;;324;FCLGA4677;Server
;Intel Xeon w5-3525;16;45311;;290;FCLGA4677;Server
;Intel Xeon w5-3535X;20;52774;;300;FCLGA4677;Server
;Intel Xeon W5580 @ 3.20GHz;4;3459;;130;LGA1366;Server
;Intel Xeon W5590 @ 3.33GHz;4;3342;;130;LGA1366;Server
;Intel Xeon w7-2475X;20;53211;;225;FCLGA4677;Server
;Intel Xeon w7-2495X;24;57256;;225;FCLGA4677;Server
;Intel Xeon w7-2575X;22;57924;;250;FCLGA4677;Server
;Intel Xeon w7-2595X;26;66049;;250;FCLGA4677;Server
;Intel Xeon w7-3445;20;48991;;270;FCLGA4677;Server
;Intel Xeon w7-3455;24;54592;;270;FCLGA4677;Server
;Intel Xeon w7-3465X;28;62698;;300;FCLGA4677;Server
;Intel Xeon w7-3545;24;58453;;310;FCLGA4677;Server
;Intel Xeon w7-3565X;32;70972;;335;FCLGA4677;Server
;Intel Xeon w9-3475X;36;65504;;300;FCLGA4677;Server
;Intel Xeon w9-3495X;56;90710;;350;FCLGA4677;Server
;Intel Xeon w9-3575X;44;82507;;340;FCLGA4677;Server
;Intel Xeon w9-3595X;60;100009;;385;FCLGA4677;Server
;Intel Xeon X3210 @ 2.13GHz;4;1293;;105;LGA775;Server
;Intel Xeon X3220 @ 2.40GHz;4;1973;;105;LGA775;Server
;Intel Xeon X3230 @ 2.66GHz;4;2052;;95;LGA775;Server
;Intel Xeon X3320 @ 2.50GHz;4;2082;;95;LGA775;Server
;Intel Xeon X3323 @ 2.50GHz;4;2030;;80;LGA775;Server
;Intel Xeon X3330 @ 2.66GHz;4;2102;;95;LGA775;Server
;Intel Xeon X3350 @ 2.66GHz;4;2263;;95;LGA775;Server
;Intel Xeon X3353 @ 2.66GHz;4;2283;;80;LGA775;Server
;Intel Xeon X3360 @ 2.83GHz;4;2424;;95;LGA775;Server
;Intel Xeon X3363 @ 2.83GHz;4;2382;;80;LGA771;Server
;Intel Xeon X3370 @ 3.00GHz;4;2534;;95;LGA775;Server
;Intel Xeon X3380 @ 3.16GHz;4;2568;;95;LGA775;Server
;Intel Xeon X3430 @ 2.40GHz;4;2312;;95;LGA1156;Server
;Intel Xeon X3440 @ 2.53GHz;4;2769;;95;LGA1156;Server
;Intel Xeon X3450 @ 2.67GHz;4;2875;;95;LGA1156;Server
;Intel Xeon X3460 @ 2.80GHz;4;2955;;95;LGA1156;Server
;Intel Xeon X3470 @ 2.93GHz;4;3335;;95;LGA1156;Server
;Intel Xeon X3480 @ 3.07GHz;4;3309;;95;LGA1156;Server
;Intel Xeon X5260 @ 3.33GHz;2;1278;;80;LGA771;Server
;Intel Xeon X5270 @ 3.50GHz;2;1524;;80;LGA771;Server
;Intel Xeon X5272 @ 3.40GHz;2;1451;;80;LGA771;Server
;Intel Xeon X5355 @ 2.66GHz;4;2033;;120;LGA771;Server
;Intel Xeon X5365 @ 3.00GHz;4;2331;;150;LGA771;Server
;Intel Xeon X5450 @ 3.00GHz;4;2416;;120;LGA771;Server
;Intel Xeon X5460 @ 3.16GHz;4;2582;;120;LGA771;Server
;Intel Xeon X5470 @ 3.33GHz;4;2869;;120;LGA771;Server
;Intel Xeon X5472 @ 3.00GHz;4;2216;;120;LGA771;Server
;Intel Xeon X5482 @ 3.20GHz;4;2755;;150;LGA771;Server
;Intel Xeon X5492 @ 3.40GHz;4;2912;;150;LGA771;Server
;Intel Xeon X5550 @ 2.67GHz;4;3036;;95;LGA1366;Server
;Intel Xeon X5560 @ 2.80GHz;4;3221;;95;LGA1366;Server
;Intel Xeon X5570 @ 2.93GHz;4;3306;;95;LGA1366;Server
;Intel Xeon X5647 @ 2.93GHz;4;4441;;130;LGA1366;Server
;Intel Xeon X5650 @ 2.67GHz;6;5742;;95;LGA1366;Server
;Intel Xeon X5660 @ 2.80GHz;6;5980;;95;LGA1366;Server
;Intel Xeon X5667 @ 3.07GHz;4;4697;;95;LGA1366;Server
;Intel Xeon X5670 @ 2.93GHz;6;6158;;95;LGA1366;Server
;Intel Xeon X5672 @ 3.20GHz;4;5036;;95;LGA1366;Server
;Intel Xeon X5675 @ 3.07GHz;6;6415;;95;LGA1366;Server
;Intel Xeon X5677 @ 3.47GHz;4;5054;;130;LGA1366;Server
;Intel Xeon X5679 @ 3.20GHz;6;7095;;115;LGA1366;Server
;Intel Xeon X5680 @ 3.33GHz;6;6898;;130;LGA1366;Server
;Intel Xeon X5687 @ 3.60GHz;4;5367;;130;LGA1366;Server
;Intel Xeon X5690 @ 3.47GHz;6;7029;;130;LGA1366;Server
;Intel Xeon X5698 @ 4.40GHz;2;3447;;130;LGA1366;Server
;Intel Xeon X6550 @ 2.00GHz;4;1936;;130;LGA1567;Server
;JLQ JR510;8;1049;;NA;Unknown;Mobile/Embedded
;lisa based Qualcomm Technologies, Inc. SM7325;8;5453;;NA;Unknown;Mobile/Embedded
;Loongson-3A6000;4;1423;;NA;Unknown;Unknown
;M7221;4;760;;NA;Unknown;Mobile/Embedded
;Manta;2;356;;NA;Unknown;Mobile/Embedded
;Mars based on Qualcomm Technologies, Inc SM8350;8;5230;;NA;Unknown;Mobile/Embedded
;MediaTek Dimensity 1000+ (MT6889);8;4892;;NA;Unknown;Mobile/Embedded
;Mediatek Dimensity 7025 (MT6855);8;4569;;NA;Unknown;Mobile/Embedded
;Mediatek Dimensity 7200-Pro (MT6886);8;4723;;NA;Unknown;Mobile/Embedded
;Mediatek Dimensity 7300-Ultra (MT6878);8;6338;;NA;Unknown;Mobile/Embedded
;Mediatek Dimensity 8200-Ultimate (MT6896);8;7463;;NA;Unknown;Mobile/Embedded
;Mediatek Dimensity 8350 (MT6897);8;7377;;NA;Unknown;Mobile/Embedded
;Mediatek Dimensity 8400-Turbo (MT6899);8;8868;;NA;Unknown;Mobile/Embedded
;MediaTek Dimensity 900 (MT6877);8;4867;;NA;Unknown;Mobile/Embedded
;Mediatek Dimensity 9200 (MT6985);8;8000;;NA;Unknown;Mobile/Embedded
;Mediatek Dimensity 9400 (MT6991);8;11695;;NA;Unknown;Mobile/Embedded
;Mediatek DM700;8;4471;;NA;Unknown;Mobile/Embedded
;MediaTek G70 (MT6769V/CB);8;2441;;NA;Unknown;Mobile/Embedded
;MediaTek G70 (MT6769V/WB);8;2192;;NA;Unknown;Mobile/Embedded
;MediaTek G80 (MT6769T);8;2604;;NA;Unknown;Mobile/Embedded
;MediaTek G80 (MT6769V/CT);8;2498;;NA;Unknown;Mobile/Embedded
;MediaTek G80 (MT6769V/CU);8;2717;;NA;Unknown;Mobile/Embedded
;MediaTek G85 (MT6769Z);8;2769;;NA;Unknown;Mobile/Embedded
;MediaTek G88 (MT6769H);8;2712;;NA;Unknown;Mobile/Embedded
;MediaTek G99 Ultimate (MT6789);8;4193;;NA;Unknown;Mobile/Embedded
;MediaTek Kompanio 520/528 (MT8186/MT8186T);2;3706;;4;Unknown;Mobile/Embedded
;Mediatek Kompanio 838 MT8188;8;5343;;NA;Unknown;Mobile/Embedded
;MediaTek MT6735;4;581;;NA;Unknown;Mobile/Embedded
;MediaTek MT6737;4;477;;NA;Unknown;Mobile/Embedded
;MediaTek MT6737M;4;465;;NA;Unknown;Mobile/Embedded
;MediaTek MT6737T;4;712;;NA;Unknown;Mobile/Embedded
;Mediatek MT6739;4;611;;NA;Unknown;Mobile/Embedded
;Mediatek MT6739W;4;251;;NA;Unknown;Mobile/Embedded
;MediaTek MT6739WA;4;415;;NA;Unknown;Mobile/Embedded
;MediaTek MT6739WW;4;475;;NA;Unknown;Mobile/Embedded
;MediaTek MT6750;8;1054;;NA;Unknown;Mobile/Embedded
;MediaTek MT6750T;8;1187;;NA;Unknown;Mobile/Embedded
;MediaTek MT6750V/WT;8;1153;;NA;Unknown;Mobile/Embedded
;MediaTek MT6753;8;954;;NA;Unknown;Mobile/Embedded
;MediaTek MT6753T;8;1149;;NA;Unknown;Mobile/Embedded
;MediaTek MT6757CD;8;1782;;NA;Unknown;Mobile/Embedded
;MediaTek MT6757V;8;1804;;NA;Unknown;Mobile/Embedded
;Mediatek MT6761;4;1021;;NA;Unknown;Mobile/Embedded
;Mediatek MT6761V/CAB;4;1074;;NA;Unknown;Mobile/Embedded
;MediaTek MT6761V/WBB;4;809;;NA;Unknown;Mobile/Embedded
;Mediatek MT6761V/WD;4;762;;NA;Unknown;Mobile/Embedded
;MediaTek MT6761V/WE;4;750;;NA;Unknown;Mobile/Embedded
;Mediatek MT6762;8;1798;;NA;Unknown;Mobile/Embedded
;MediaTek MT6762G;8;1248;;NA;Unknown;Mobile/Embedded
;MediaTek MT6762V/CA;8;1318;;NA;Unknown;Mobile/Embedded
;MediaTek MT6762V/CB;8;1638;;NA;Unknown;Mobile/Embedded
;MediaTek MT6762V/CN;4;637;;NA;Unknown;Mobile/Embedded
;MediaTek MT6762V/WA;8;1476;;NA;Unknown;Mobile/Embedded
;MediaTek MT6762V/WB;8;1500;;NA;Unknown;Mobile/Embedded
;MediaTek MT6762V/WD;8;1596;;NA;Unknown;Mobile/Embedded
;MediaTek MT6762V/WR;8;1547;;NA;Unknown;Mobile/Embedded
;MediaTek MT6763V/CE;8;2130;;NA;Unknown;Mobile/Embedded
;MediaTek MT6763V/V;8;1578;;NA;Unknown;Mobile/Embedded
;Mediatek MT6765;8;1698;;NA;Unknown;Mobile/Embedded
;MediaTek MT6765G;8;1678;;NA;Unknown;Mobile/Embedded
;Mediatek MT6765H;8;2058;;NA;Unknown;Mobile/Embedded
;MediaTek MT6765V/CA;8;1845;;NA;Unknown;Mobile/Embedded
;MediaTek MT6765V/CB;8;1915;;NA;Unknown;Mobile/Embedded
;Mediatek MT6765V/WA;8;2186;;NA;Unknown;Mobile/Embedded
;Mediatek MT6765V/WB;8;1823;;NA;Unknown;Mobile/Embedded
;Mediatek MT6765V/XBA;8;1738;;NA;Unknown;Mobile/Embedded
;Mediatek MT6768;8;2820;;NA;Unknown;Mobile/Embedded
;Mediatek MT6768G;8;3232;;NA;Unknown;Mobile/Embedded
;MediaTek MT6768V/CA;8;2351;;NA;Unknown;Mobile/Embedded
;Mediatek MT6769;8;2811;;NA;Unknown;Mobile/Embedded
;Mediatek MT6769V/CB;8;2774;;NA;Unknown;Mobile/Embedded
;MediaTek MT6771V/C;8;2676;;NA;Unknown;Mobile/Embedded
;MediaTek MT6771V/CT;8;2673;;NA;Unknown;Mobile/Embedded
;MediaTek MT6771V/W;8;2462;;NA;Unknown;Mobile/Embedded
;MediaTek MT6771V/WM;8;2286;;NA;Unknown;Mobile/Embedded
;MediaTek MT6771V/WT;8;2374;;NA;Unknown;Mobile/Embedded
;Mediatek MT6779;8;3423;;NA;Unknown;Mobile/Embedded
;MediaTek MT6779V/CE;8;3112;;NA;Unknown;Mobile/Embedded
;MediaTek MT6779V/CU;8;2683;;NA;Unknown;Mobile/Embedded
;MediaTek MT6779V/CV;8;2745;;NA;Unknown;Mobile/Embedded
;Mediatek MT6781;8;3852;;NA;Unknown;Mobile/Embedded
;Mediatek MT6781V/CD;8;4040;;NA;Unknown;Mobile/Embedded
;Mediatek MT6781V/CDZAMB-H;8;4160;;NA;Unknown;Mobile/Embedded
;Mediatek MT6785;8;3731;;NA;Unknown;Mobile/Embedded
;MediaTek MT6785V/CC;8;3424;;NA;Unknown;Mobile/Embedded
;MediaTek MT6785V/CD;8;3649;;NA;Unknown;Mobile/Embedded
;Mediatek MT6789V/CD;8;4273;;NA;Unknown;Mobile/Embedded
;MediaTek MT6797;10;1903;;NA;Unknown;Mobile/Embedded
;MediaTek MT6797T;10;1605;;NA;Unknown;Mobile/Embedded
;MediaTek MT6797X;10;2248;;NA;Unknown;Mobile/Embedded
;Mediatek MT6833;8;4112;;NA;Unknown;Mobile/Embedded
;Mediatek MT6833G;8;4532;;NA;Unknown;Mobile/Embedded
;Mediatek MT6833GP;8;4433;;NA;Unknown;Mobile/Embedded
;Mediatek MT6833P;8;3745;;NA;Unknown;Mobile/Embedded
;Mediatek MT6833V/NZA;8;3609;;NA;Unknown;Mobile/Embedded
;Mediatek MT6833V/PNZA;8;4060;;NA;Unknown;Mobile/Embedded
;Mediatek MT6833V/ZA;8;4219;;NA;Unknown;Mobile/Embedded
;MediaTek MT6853T;8;3549;;NA;Unknown;Mobile/Embedded
;Mediatek MT6853V/NZA;8;3937;;NA;Unknown;Mobile/Embedded
;Mediatek MT6853V/TNZA;8;4171;;NA;Unknown;Mobile/Embedded
;MediaTek MT6873;8;4074;;NA;Unknown;Mobile/Embedded
;Mediatek MT6875;8;5258;;NA;Unknown;Mobile/Embedded
;Mediatek MT6877V/TTZA;8;4943;;NA;Unknown;Mobile/Embedded
;Mediatek MT6877V/TZA;8;4660;;NA;Unknown;Mobile/Embedded
;MediaTek MT6879;8;5472;;NA;Unknown;Mobile/Embedded
;Mediatek MT6879V/ZA;8;4662;;NA;Unknown;Mobile/Embedded
;Mediatek MT6879V_T/ZA;8;5186;;NA;Unknown;Mobile/Embedded
;Mediatek MT6883Z/CZA;8;5914;;NA;Unknown;Mobile/Embedded
;Mediatek MT6891;8;5435;;NA;Unknown;Mobile/Embedded
;Mediatek MT6891Z/CZA;8;6644;;NA;Unknown;Mobile/Embedded
;Mediatek MT6891Z_T/CZA;8;7171;;NA;Unknown;Mobile/Embedded
;Mediatek MT6891Z_Z/CZA;8;6508;;NA;Unknown;Mobile/Embedded
;Mediatek MT6893;8;6375;;NA;Unknown;Mobile/Embedded
;Mediatek MT6893Z_T/CZA;8;6333;;NA;Unknown;Mobile/Embedded
;MediaTek MT6895;8;7569;;NA;Unknown;Mobile/Embedded
;Mediatek MT6895Z/TCZA;8;6732;;NA;Unknown;Mobile/Embedded
;Mediatek MT6895Z_A/TCZA;8;7554;;NA;Unknown;Mobile/Embedded
;Mediatek MT6895Z_B/TCZA;8;7044;;NA;Unknown;Mobile/Embedded
;MediaTek MT6983;8;6733;;NA;Unknown;Mobile/Embedded
;Mediatek MT6983W/CZA;8;9136;;NA;Unknown;Mobile/Embedded
;Mediatek MT6983Z/CZA;8;7726;;NA;Unknown;Mobile/Embedded
;Mediatek MT6989;8;10944;;NA;Unknown;Mobile/Embedded
;MediaTek MT8163;4;628;;NA;Unknown;Mobile/Embedded
;MediaTek MT8166B;4;977;;NA;Unknown;Mobile/Embedded
;MediaTek MT8167B;4;403;;NA;Unknown;Mobile/Embedded
;MediaTek MT8168;4;1029;;NA;Unknown;Mobile/Embedded
;MediaTek MT8168A;4;712;;NA;Unknown;Mobile/Embedded
;Mediatek MT8168B;4;795;;NA;Unknown;Mobile/Embedded
;Mediatek MT8173;4;1366;;NA;Unknown;Mobile/Embedded
;Mediatek MT8175B;4;592;;NA;Unknown;Mobile/Embedded
;MediaTek MT8183;8;2577;;NA;Unknown;Mobile/Embedded
;MediaTek MT8188;8;4158;;NA;Unknown;Mobile/Embedded
;Mediatek MT8189;8;3294;;NA;Unknown;Mobile/Embedded
;Mediatek MT8192;8;5172;;NA;Unknown;Mobile/Embedded
;Mediatek MT8195;8;8419;;NA;Unknown;Mobile/Embedded
;Mediatek MT8195AV;8;6251;;NA;Unknown;Mobile/Embedded
;Mediatek MT8365;4;1156;;NA;Unknown;Mobile/Embedded
;Mediatek MT8370AV/A;6;4107;;NA;Unknown;Mobile/Embedded
;Mediatek MT8390AV/A;8;4943;;NA;Unknown;Mobile/Embedded
;Mediatek MT8696;4;740;;NA;Unknown;Mobile/Embedded
;MediaTek MT8735B;4;418;;NA;Unknown;Mobile/Embedded
;Mediatek MT8755;8;4859;;NA;Unknown;Mobile/Embedded
;Mediatek MT8765WA;4;569;;NA;Unknown;Mobile/Embedded
;Mediatek MT8766A;4;979;;NA;Unknown;Mobile/Embedded
;Mediatek MT8766B;4;1124;;NA;Unknown;Mobile/Embedded
;Mediatek MT8768;8;1957;;NA;Unknown;Mobile/Embedded
;Mediatek MT8768A;8;1524;;NA;Unknown;Mobile/Embedded
;Mediatek MT8768CA;8;1978;;NA;Unknown;Mobile/Embedded
;MediaTek MT8768CT;8;2042;;NA;Unknown;Mobile/Embedded
;Mediatek MT8768CX;8;2274;;NA;Unknown;Mobile/Embedded
;Mediatek MT8768N;8;2382;;NA;Unknown;Mobile/Embedded
;MediaTek MT8768WA;8;1713;;NA;Unknown;Mobile/Embedded
;Mediatek MT8768WE;8;1667;;NA;Unknown;Mobile/Embedded
;MediaTek MT8768WT;8;2001;;NA;Unknown;Mobile/Embedded
;Mediatek MT8771V/PZA;8;4414;;NA;Unknown;Mobile/Embedded
;Mediatek MT8781V/CA;8;4113;;NA;Unknown;Mobile/Embedded
;Mediatek MT8781V/NA;8;4293;;NA;Unknown;Mobile/Embedded
;Mediatek MT8786;8;2560;;NA;Unknown;Mobile/Embedded
;Mediatek MT8786V/CT;8;3100;;NA;Unknown;Mobile/Embedded
;Mediatek MT8786V/N;8;3179;;NA;Unknown;Mobile/Embedded
;Mediatek MT8788;8;3330;;NA;Unknown;Mobile/Embedded
;Mediatek MT8789;8;6640;;NA;Unknown;Mobile/Embedded
;Mediatek MT8789V/CT;8;3946;;NA;Unknown;Mobile/Embedded
;Mediatek MT8789V/T;8;4199;;NA;Unknown;Mobile/Embedded
;Mediatek MT8791;8;5305;;NA;Unknown;Mobile/Embedded
;Mediatek MT8791V/HZA;8;4974;;NA;Unknown;Mobile/Embedded
;Mediatek MT8791V/TN;8;4809;;NA;Unknown;Mobile/Embedded
;Mediatek MT8791V/TZA;8;2284;;NA;Unknown;Mobile/Embedded
;Mediatek MT8792;8;7980;;NA;Unknown;Mobile/Embedded
;Mediatek MT8797Z/CNZA;8;7264;;NA;Unknown;Mobile/Embedded
;Mediatek MT8798Z/CNZA;8;9110;;NA;Unknown;Mobile/Embedded
;Mediatek MT9676;4;635;;NA;Unknown;Mobile/Embedded
;Mediatek t50;4;948;;NA;Unknown;Mobile/Embedded
;Microsoft SQ1 @ 3.0 GHz;4;5998;;15;Unknown;Laptop
;Microsoft SQ2 @ 3.15 GHz;4;6560;;NA;Unknown;Laptop
;Microsoft SQ3 @ 3.0 GHz;4;11828;;NA;Unknown;Laptop
;Mobile AMD Athlon 2500+;1;241;;NA;Unknown;Laptop
;Mobile AMD Athlon 4 2400+;1;233;;NA;Unknown;Laptop
;Mobile AMD Athlon 64 3200+;1;326;;81.5;Unknown;Laptop
;Mobile AMD Athlon 64 3400+;1;333;;81.5;Unknown;Laptop
;Mobile AMD Athlon 64 3700+;1;356;;81.5;Unknown;Laptop
;Mobile AMD Athlon 64 4000+;1;313;;62;Unknown;Laptop
;Mobile AMD Athlon MP-M 1800+;1;173;;35;Unknown;Laptop
;Mobile AMD Athlon MP-M 2400+;1;192;;NA;Unknown;Laptop
;Mobile AMD Athlon XP-M 1600+;1;169;;NA;Unknown;Laptop
;Mobile AMD Athlon XP-M 1800+;1;193;;45;Socket A;Laptop
;Mobile AMD Athlon XP-M 2000+;1;196;;NA;Unknown;Laptop
;Mobile AMD Athlon XP-M 2200+;1;237;;NA;Unknown;Laptop
;Mobile AMD Athlon XP-M 2400+;1;225;;NA;Unknown;Laptop
;Mobile AMD Athlon XP-M 2500+;1;226;;NA;Unknown;Laptop
;Mobile AMD Athlon XP-M 2600+;1;241;;NA;Unknown;Laptop
;Mobile AMD Athlon XP-M 2800+;1;238;;NA;Unknown;Laptop
;Mobile AMD Athlon XP-M 3000+;1;238;;NA;Unknown;Laptop
;Mobile AMD Sempron 2100+;1;164;;8;S1;Laptop, Mobile/Embedded
;Mobile AMD Sempron 2600+;1;256;;NA;Socket 754;Laptop
;Mobile AMD Sempron 2800+;1;237;;NA;Socket 754;Laptop
;Mobile AMD Sempron 3000+;1;269;;NA;Socket 754;Laptop
;Mobile AMD Sempron 3100+;1;277;;NA;Socket 754;Laptop
;Mobile AMD Sempron 3200+;1;245;;NA;S1;Laptop
;Mobile AMD Sempron 3300+;1;294;;NA;Socket 754;Laptop
;Mobile AMD Sempron 3400+;1;269;;25;Socket S1 (S1g1);Laptop
;Mobile AMD Sempron 3500+;1;269;;NA;S1;Laptop
;Mobile AMD Sempron 3600+;1;284;;25;S1;Laptop
;Mobile AMD Sempron 3800+;1;335;;NA;S1;Laptop
;Mobile Intel Celeron 1.70GHz;1;118;;NA;Unknown;Laptop
;Mobile Intel Celeron 1.80GHz;1;121;;66.1; PPGA478;Laptop
;Mobile Intel Celeron 1333MHz;1;183;;NA;Unknown;Laptop
;Mobile Intel Celeron 2.00GHz;1;133;;NA;Unknown;Laptop
;Mobile Intel Celeron 2.20GHz;1;147;;NA;Unknown;Laptop
;Mobile Intel Celeron 2.40GHz;1;154;;NA;Unknown;Laptop
;Mobile Intel Pentium 4 - M 1.70GHz;1;121;;NA;Unknown;Laptop
;Mobile Intel Pentium 4 - M 1.80GHz;1;119;;NA;Unknown;Laptop
;Mobile Intel Pentium 4 - M 2.00GHz;1;138;;NA;Unknown;Laptop
;Mobile Intel Pentium 4 - M 2.20GHz;1;143;;NA;Unknown;Laptop
;Mobile Intel Pentium 4 - M 2.40GHz;1;139;;NA;Unknown;Laptop
;Mobile Intel Pentium 4 2.66GHz;1;182;;66.1;PGA478;Desktop
;Mobile Intel Pentium 4 2.80GHz;1;205;;69.7;PGA478;Desktop
;Mobile Intel Pentium 4 3.06GHz;1;220;;81.8;PGA478;Desktop
;Mobile Intel Pentium 4 3.20GHz;1;232;;82;PGA478;Desktop
;Mobile Intel Pentium 4 3.33GHz;1;344;;NA;Unknown;Laptop
;Mobile Intel Pentium III - M 1200MHz;1;146;;22;BGA2, microPGA2;Laptop
;Mobile Intel Pentium III - M 933MHz;1;130;;20.1;BGA2, microPGA2;Laptop
;mocha;4;1125;;NA;Unknown;Mobile/Embedded
;Montage Jintide C4215R;8;14672;;130;LGA3647;Server
;Montage Jintide C5418Y;24;49045;;185;LGA4677;Server
;msm8960dt;2;306;;NA;Unknown;Mobile/Embedded
;MT3561S;4;723;;NA;Unknown;Mobile/Embedded
;MT5893;4;702;;NA;Unknown;Mobile/Embedded
;MT6580;4;394;;NA;Unknown;Mobile/Embedded
;MT6580M;4;365;;NA;Unknown;Mobile/Embedded
;MT6592;8;521;;NA;Unknown;Mobile/Embedded
;MT6592T;8;1056;;NA;Unknown;Mobile/Embedded
;MT6735M;4;308;;NA;Unknown;Mobile/Embedded
;MT6735P;4;384;;NA;Unknown;Mobile/Embedded
;MT6737H;8;528;;NA;Unknown;Mobile/Embedded
;MT6738;8;692;;NA;Unknown;Mobile/Embedded
;MT6739;4;581;;NA;Unknown;Mobile/Embedded
;MT6739CH;4;533;;NA;Unknown;Mobile/Embedded
;MT6739CW;4;545;;NA;Unknown;Mobile/Embedded
;MT6739WM;4;338;;NA;Unknown;Mobile/Embedded
;MT6750V/C;8;1388;;NA;Unknown;Mobile/Embedded
;MT6750V/CS;8;955;;NA;Unknown;Mobile/Embedded
;MT6750V/CT;8;1544;;NA;Unknown;Mobile/Embedded
;MT6750V/DN;8;1271;;NA;Unknown;Mobile/Embedded
;MT6750V/W;8;845;;NA;Unknown;Mobile/Embedded
;MT6750V/WS;8;934;;NA;Unknown;Mobile/Embedded
;MT6752;8;1728;;NA;Unknown;Mobile/Embedded
;MT6752M;8;1735;;NA;Unknown;Mobile/Embedded
;MT6755;8;1278;;NA;Unknown;Mobile/Embedded
;MT6755BM;8;1070;;NA;Unknown;Mobile/Embedded
;MT6755M;8;1229;;NA;Unknown;Mobile/Embedded
;MT6755V/B;8;1530;;NA;Unknown;Mobile/Embedded
;MT6755V/BM;8;1336;;NA;Unknown;Mobile/Embedded
;MT6755V/C;8;1554;;NA;Unknown;Mobile/Embedded
;MT6755V/CM;8;1426;;NA;Unknown;Mobile/Embedded
;MT6755V/W;8;1608;;NA;Unknown;Mobile/Embedded
;MT6755V/WM;8;1090;;NA;Unknown;Mobile/Embedded
;MT6755V/WS;8;1389;;NA;Unknown;Mobile/Embedded
;MT6757W;8;1941;;NA;Unknown;Mobile/Embedded
;MT6757WD;8;1771;;NA;Unknown;Mobile/Embedded
;MT6757WH;8;1161;;NA;Unknown;Mobile/Embedded
;MT6761;4;903;;NA;Unknown;Mobile/Embedded
;MT6761V/CAB;4;818;;NA;Unknown;Mobile/Embedded
;MT6761V/CBB;4;910;;NA;Unknown;Mobile/Embedded
;MT6761V/CD;4;784;;NA;Unknown;Mobile/Embedded
;MT6761V/WAB;4;816;;NA;Unknown;Mobile/Embedded
;MT6761V/WB;4;988;;NA;Unknown;Mobile/Embedded
;MT6761V/WD;4;580;;NA;Unknown;Mobile/Embedded
;MT6762;8;1735;;NA;Unknown;Mobile/Embedded
;mt6762m;4;538;;NA;Unknown;Mobile/Embedded
;MT6762V/CR;8;1022;;NA;Unknown;Mobile/Embedded
;MT6763V/B;8;1633;;NA;Unknown;Mobile/Embedded
;MT6763V/CT;8;1832;;NA;Unknown;Mobile/Embedded
;MT6763V/WT;8;1375;;NA;Unknown;Mobile/Embedded
;MT6765;8;1906;;NA;Unknown;Mobile/Embedded
;MT6765H;8;2091;;NA;Unknown;Mobile/Embedded
;MT6765V/WA;8;1814;;NA;Unknown;Mobile/Embedded
;MT6765V/WB;8;1917;;NA;Unknown;Mobile/Embedded
;MT6765V/XBA;8;2220;;NA;Unknown;Mobile/Embedded
;MT6768G;8;2838;;NA;Unknown;Mobile/Embedded
;MT6769;8;2651;;NA;Unknown;Mobile/Embedded
;MT6769V;8;2229;;NA;Unknown;Mobile/Embedded
;MT6771V/CL;8;3079;;NA;Unknown;Mobile/Embedded
;MT6771V/WL;8;2299;;NA;Unknown;Mobile/Embedded
;mt6779;8;2251;;NA;Unknown;Mobile/Embedded
;MT6781;8;3882;;NA;Unknown;Mobile/Embedded
;MT6781V/CD;8;3969;;NA;Unknown;Mobile/Embedded
;MT6781V/CDZAMB-H;8;3862;;NA;Unknown;Mobile/Embedded
;MT6785;8;3566;;NA;Unknown;Mobile/Embedded
;MT6795;8;1197;;NA;Unknown;Mobile/Embedded
;MT6795M;8;968;;NA;Unknown;Mobile/Embedded
;MT6795MM;8;618;;NA;Unknown;Mobile/Embedded
;MT6795T;8;1007;;NA;Unknown;Mobile/Embedded
;MT6797D;10;758;;NA;Unknown;Mobile/Embedded
;MT6797M;10;2162;;NA;Unknown;Mobile/Embedded
;MT6833;8;3773;;NA;Unknown;Mobile/Embedded
;MT6833GP;8;3238;;NA;Unknown;Mobile/Embedded
;MT6833P;8;4158;;NA;Unknown;Mobile/Embedded
;MT6833V/NZA;8;3672;;NA;Unknown;Mobile/Embedded
;MT6833V/PNZA;8;4169;;NA;Unknown;Mobile/Embedded
;MT6833V/ZA;8;4095;;NA;Unknown;Mobile/Embedded
;MT6853V/NZA;8;3330;;NA;Unknown;Mobile/Embedded
;MT6853V/TNZA;8;3625;;NA;Unknown;Mobile/Embedded
;MT6853V/ZA;8;3505;;NA;Unknown;Mobile/Embedded
;MT6875;8;4393;;NA;Unknown;Mobile/Embedded
;MT6877T;8;4548;;NA;Unknown;Mobile/Embedded
;MT6877V/TTZA;8;5154;;NA;Unknown;Mobile/Embedded
;MT6877V/TZA;8;4835;;NA;Unknown;Mobile/Embedded
;MT6883Z/CZA;8;5665;;NA;Unknown;Mobile/Embedded
;MT6891;8;5817;;NA;Unknown;Mobile/Embedded
;MT6891Z/CZA;8;6025;;NA;Unknown;Mobile/Embedded
;MT6893;8;5102;;NA;Unknown;Mobile/Embedded
;MT6893Z/CZA;8;6472;;NA;Unknown;Mobile/Embedded
;MT6893Z_A/CZA;8;6050;;NA;Unknown;Mobile/Embedded
;MT6893Z_B/CZA;8;6371;;NA;Unknown;Mobile/Embedded
;MT6893Z_C/CZA;8;6139;;NA;Unknown;Mobile/Embedded
;MT6893Z_D/CZA;8;5701;;NA;Unknown;Mobile/Embedded
;MT6893Z_Z/CZA;8;6485;;NA;Unknown;Mobile/Embedded
;MT6969T;8;2228;;NA;Unknown;Mobile/Embedded
;MT8127;4;429;;NA;Unknown;Mobile/Embedded
;MT8161A;4;818;;NA;Unknown;Mobile/Embedded
;MT8161AA;4;857;;NA;Unknown;Mobile/Embedded
;MT8161AB;4;700;;NA;Unknown;Mobile/Embedded
;MT8161P;4;542;;NA;Unknown;Mobile/Embedded
;MT8165;4;962;;NA;Unknown;Mobile/Embedded
;MT8167A;4;478;;NA;Unknown;Mobile/Embedded
;MT8167D;4;532;;NA;Unknown;Mobile/Embedded
;MT8168B;4;1056;;NA;Unknown;Mobile/Embedded
;MT8168M;4;887;;NA;Unknown;Mobile/Embedded
;MT8169A;6;2019;;NA;Unknown;Mobile/Embedded
;MT8173;4;804;;NA;Unknown;Mobile/Embedded
;MT8175B;4;1199;;NA;Unknown;Mobile/Embedded
;MT8176;6;1406;;NA;Unknown;Mobile/Embedded
;MT8188JV/A;8;5130;;NA;Unknown;Mobile/Embedded
;MT8195AV/ZA;8;5935;;NA;Unknown;Mobile/Embedded
;MT8365;4;889;;NA;Unknown;Mobile/Embedded
;MT8395AV/ZA;8;2410;;NA;Unknown;Mobile/Embedded
;MT8667;8;3235;;NA;Unknown;Mobile/Embedded
;MT8696;4;738;;NA;Unknown;Mobile/Embedded
;MT8732T;4;1083;;NA;Unknown;Mobile/Embedded
;MT8735;4;662;;NA;Unknown;Mobile/Embedded
;MT8735A;4;655;;NA;Unknown;Mobile/Embedded
;MT8735M;4;388;;NA;Unknown;Mobile/Embedded
;MT8735P;4;572;;NA;Unknown;Mobile/Embedded
;MT8735T;4;704;;NA;Unknown;Mobile/Embedded
;MT8765WA;4;567;;NA;Unknown;Mobile/Embedded
;MT8765WB;4;468;;NA;Unknown;Mobile/Embedded
;MT8766A;4;956;;NA;Unknown;Mobile/Embedded
;MT8766B;4;845;;NA;Unknown;Mobile/Embedded
;MT8768CA;10;1912;;NA;Unknown;Mobile/Embedded
;MT8768WB;4;1074;;NA;Unknown;Mobile/Embedded
;MT8768WD;8;1122;;NA;Unknown;Mobile/Embedded
;MT8768WE;8;1350;;NA;Unknown;Mobile/Embedded
;MT8771V/PZA;8;4723;;NA;Unknown;Mobile/Embedded
;MT8783;8;1039;;NA;Unknown;Mobile/Embedded
;MT8786V/CA;8;3128;;NA;Unknown;Mobile/Embedded
;MT8786V/N;8;2992;;NA;Unknown;Mobile/Embedded
;MT8788;8;2756;;NA;Unknown;Mobile/Embedded
;MT8789V/CT;8;4119;;NA;Unknown;Mobile/Embedded
;MT8789V/T;8;4111;;NA;Unknown;Mobile/Embedded
;MT8791V/TN;8;4850;;NA;Unknown;Mobile/Embedded
;MT8797Z/CNZA;8;6550;;NA;Unknown;Mobile/Embedded
;MT9950;4;845;;NA;Unknown;Mobile/Embedded
;MTK6757;8;1158;;NA;Unknown;Mobile/Embedded
;MTK8257;8;842;;NA;Unknown;Mobile/Embedded
;Nakamichi;4;353;;NA;Unknown;Mobile/Embedded
;Neoverse-N1;4;117;;NA;Unknown;Server
;Nvidia Tegra T132;2;1242;;NA;Unknown;Mobile/Embedded
;Nvidia Tegra T210;4;1746;;NA;Unknown;Mobile/Embedded
;nxp IMX8MP;4;918;;NA;Unknown;Mobile/Embedded
;nxp IMX8MQ;4;831;;NA;Unknown;Mobile/Embedded
;Odin based on Qualcomm Technologies, Inc SM8350;8;6465;;NA;Unknown;Mobile/Embedded
;OMAP4 Espresso board;2;98;;NA;Unknown;Mobile/Embedded
;P22;8;1908;;NA;Unknown;Mobile/Embedded
;Pentium Dual-Core E6000 @ 3.46GHz;2;1472;;NA;Unknown;Unknown
;Pentium Dual-Core T4200 @ 2.00GHz;2;775;;NA;Unknown;Mobile/Embedded
;Pentium Dual-Core T4300 @ 2.10GHz;2;903;;NA;Unknown;Unknown
;Pentium Dual-Core T4500 @ 2.30GHz;2;955;;NA;Unknown;Unknown
;PXA1908;4;486;;NA;Unknown;Mobile/Embedded
;QCT APQ8064 AWIFI;4;382;;NA;Unknown;Mobile/Embedded
;QCT APQ8064 DEB;4;453;;NA;Unknown;Mobile/Embedded
;QCT APQ8064 FLO;4;566;;NA;Unknown;Mobile/Embedded
;QCT APQ8064 MAKO;4;399;;NA;Unknown;Unknown
;QCT APQ8064 MTP;4;389;;NA;Unknown;Mobile/Embedded
;QTI MSM8937;8;2142;;NA;Unknown;Mobile/Embedded
;QTI MSM8953;8;2065;;NA;Unknown;Mobile/Embedded
;QTI QCM2290;4;1078;;NA;Unknown;Mobile/Embedded
;QTI QCM4290;8;2512;;NA;Unknown;Mobile/Embedded
;QTI QCM4325;6;2526;;NA;Unknown;Mobile/Embedded
;QTI QCM4490;8;5132;;NA;Unknown;Mobile/Embedded
;QTI QCM5430;6;4006;;NA;Unknown;Mobile/Embedded
;QTI QCS4490;8;5179;;NA;Unknown;Mobile/Embedded
;QTI QCS5430;6;3760;;NA;Unknown;Mobile/Embedded
;QTI QCS8550;8;10487;;NA;Unknown;Mobile/Embedded
;QTI QM215;4;563;;NA;Unknown;Mobile/Embedded
;QTI SDM439;8;1560;;NA;Unknown;Mobile/Embedded
;QTI SDM450;8;1680;;NA;Unknown;Mobile/Embedded
;QTI SDM660;8;2623;;NA;Unknown;Mobile/Embedded
;QTI SDM845;8;3713;;NA;Unknown;Mobile/Embedded
;QTI SG4250P;8;5191;;NA;Unknown;Mobile/Embedded
;QTI SG8175P;8;6713;;NA;Unknown;Mobile/Embedded
;QTI SG8275;8;10036;;NA;Unknown;Mobile/Embedded
;QTI SM4250;8;2631;;NA;Unknown;Mobile/Embedded
;QTI SM4350;8;3709;;NA;Unknown;Mobile/Embedded
;QTI SM4375;8;3882;;NA;Unknown;Mobile/Embedded
;QTI SM4450;8;4162;;NA;Unknown;Mobile/Embedded
;QTI SM4635;8;3864;;NA;Unknown;Mobile/Embedded
;QTI SM611;8;3085;;NA;Unknown;Mobile/Embedded
;QTI SM6115;8;2899;;NA;Unknown;Mobile/Embedded
;QTI SM6125;8;2876;;NA;Unknown;Mobile/Embedded
;QTI SM6150;8;3367;;NA;Unknown;Mobile/Embedded
;QTI SM6225;8;3481;;NA;Unknown;Mobile/Embedded
;QTI SM6350;8;4120;;NA;Unknown;Mobile/Embedded
;QTI SM6375;8;4188;;NA;Unknown;Mobile/Embedded
;QTI SM6450;8;5825;;NA;Unknown;Mobile/Embedded
;QTI SM6450P;8;6321;;NA;Unknown;Mobile/Embedded
;QTI SM6475;8;5960;;NA;Unknown;Mobile/Embedded
;QTI SM6650;8;6356;;NA;Unknown;Mobile/Embedded
;QTI SM7125;8;3877;;NA;Unknown;Mobile/Embedded
;QTI SM7150;8;3733;;NA;Unknown;Mobile/Embedded
;QTI SM7225;8;4280;;NA;Unknown;Mobile/Embedded
;QTI SM7250;8;4216;;NA;Unknown;Mobile/Embedded
;QTI SM7325;8;5922;;NA;Unknown;Mobile/Embedded
;QTI SM7350;8;5634;;NA;Unknown;Mobile/Embedded
;QTI SM7435;8;5670;;NA;Unknown;Mobile/Embedded
;QTI SM7450;8;5532;;NA;Unknown;Mobile/Embedded
;QTI SM7475;8;7246;;NA;Unknown;Mobile/Embedded
;QTI SM7550;8;6787;;NA;Unknown;Mobile/Embedded
;QTI SM7635;8;6028;;NA;Unknown;Mobile/Embedded
;QTI SM7675;8;8271;;NA;Unknown;Mobile/Embedded
;QTI SM8150;8;5356;;NA;Unknown;Mobile/Embedded
;QTI SM8250;8;6583;;NA;Unknown;Mobile/Embedded
;QTI SM8350;8;6494;;NA;Unknown;Mobile/Embedded
;QTI SM8450;8;6408;;NA;Unknown;Mobile/Embedded
;QTI SM8475;8;7325;;NA;Unknown;Mobile/Embedded
;QTI SM8550;8;9045;;NA;Unknown;Mobile/Embedded
;QTI SM8635;8;8208;;NA;Unknown;Mobile/Embedded
;QTI SM8650;8;11376;;NA;Unknown;Mobile/Embedded
;QTI SM8735;8;11555;;NA;Unknown;Mobile/Embedded
;QTI SM8750;8;12316;;NA;Unknown;Mobile/Embedded
;QTI SM8750P;8;14239;;NA;Unknown;Mobile/Embedded
;Qualcomm;8;1354;;NA;Unknown;Mobile/Embedded
;Qualcomm APQ 8084 (Flattened Device Tree);4;741;;NA;Unknown;Mobile/Embedded
;Qualcomm APQ8026;4;330;;NA;Unknown;Mobile/Embedded
;Qualcomm APQ8084;4;605;;NA;Unknown;Mobile/Embedded
;Qualcomm MSM 8939 HUAWEI KIW-L21;8;1088;;NA;Unknown;Mobile/Embedded
;Qualcomm MSM 8939 HUAWEI KIW-L24;8;1065;;NA;Unknown;Mobile/Embedded
;Qualcomm MSM 8939 HUAWEI TEXAS-A1;8;1085;;NA;Unknown;Mobile/Embedded
;Qualcomm MSM 8974 HAMMERHEAD (Flattened Device Tre;4;566;;NA;Unknown;Mobile/Embedded
;Qualcomm MSM8212;4;378;;NA;Unknown;Mobile/Embedded
;Qualcomm MSM8226;4;344;;NA;Unknown;Mobile/Embedded
;Qualcomm MSM8228;4;332;;NA;Unknown;Mobile/Embedded
;Qualcomm MSM8626;4;294;;NA;Unknown;Mobile/Embedded
;Qualcomm MSM8916;4;424;;NA;Unknown;Mobile/Embedded
;Qualcomm MSM8917;4;656;;NA;Unknown;Mobile/Embedded
;Qualcomm MSM8926;4;310;;NA;Unknown;Mobile/Embedded
;Qualcomm MSM8928;4;367;;NA;Unknown;Mobile/Embedded
;Qualcomm MSM8937;8;1047;;NA;Unknown;Mobile/Embedded
;Qualcomm MSM8939;8;1180;;NA;Unknown;Mobile/Embedded
;Qualcomm MSM8953;8;1589;;NA;Unknown;Mobile/Embedded
;Qualcomm MSM8956;6;2127;;NA;Unknown;Mobile/Embedded
;Qualcomm MSM8974;4;740;;NA;Unknown;Mobile/Embedded
;Qualcomm MSM8974PRO-AA;4;763;;NA;Unknown;Mobile/Embedded
;Qualcomm MSM8974PRO-AB;4;692;;NA;Unknown;Mobile/Embedded
;Qualcomm MSM8974PRO-AC;4;663;;NA;Unknown;Mobile/Embedded
;Qualcomm MSM8976;8;1749;;NA;Unknown;Mobile/Embedded
;Qualcomm MSM8992;6;1268;;NA;Unknown;Mobile/Embedded
;Qualcomm MSM8994;8;785;;NA;Unknown;Mobile/Embedded
;Qualcomm MSM8996;4;1455;;NA;Unknown;Mobile/Embedded
;Qualcomm MSM8996PRO-AB;4;1667;;NA;Unknown;Mobile/Embedded
;Qualcomm MSM8998;8;3540;;NA;Unknown;Mobile/Embedded
;Qualcomm QCM6490;8;6186;;NA;Unknown;Mobile/Embedded
;Qualcomm QCS5430;8;4693;;NA;Unknown;Unknown
;Qualcomm QCS6490;8;6149;;NA;Unknown;Mobile/Embedded
;Qualcomm SA8155P;8;4770;;NA;Unknown;Mobile/Embedded
;Qualcomm SA8195P;8;5429;;NA;Unknown;Mobile/Embedded
;Qualcomm SA8255P;8;5583;;NA;Unknown;Mobile/Embedded
;Qualcomm SC7180;8;3584;;NA;Unknown;Mobile/Embedded
;Qualcomm SC7180P;8;4347;;NA;Unknown;Mobile/Embedded
;Qualcomm SDM439;8;2151;;NA;Unknown;Mobile/Embedded
;Qualcomm SDM450;8;2808;;NA;Unknown;Mobile/Embedded
;Qualcomm SDM630;8;2429;;NA;Unknown;Mobile/Embedded
;Qualcomm SDM660;8;2461;;NA;Unknown;Mobile/Embedded
;Qualcomm SDM670;8;3254;;NA;Unknown;Mobile/Embedded
;Qualcomm SDM845;8;4398;;NA;Unknown;Mobile/Embedded
;Qualcomm SM4250;8;2550;;NA;Unknown;Mobile/Embedded
;Qualcomm SM4350;8;3577;;NA;Unknown;Mobile/Embedded
;Qualcomm SM6115;8;3107;;NA;Unknown;Mobile/Embedded
;Qualcomm SM6125;8;2938;;NA;Unknown;Mobile/Embedded
;Qualcomm SM6150;8;3509;;NA;Unknown;Mobile/Embedded
;Qualcomm SM6225;8;3781;;NA;Unknown;Mobile/Embedded
;Qualcomm SM6375;8;4713;;NA;Unknown;Mobile/Embedded
;Qualcomm SM7125;8;3788;;NA;Unknown;Mobile/Embedded
;Qualcomm SM7150;8;4093;;NA;Unknown;Mobile/Embedded
;Qualcomm SM7250;8;3960;;NA;Unknown;Mobile/Embedded
;Qualcomm SM7325;8;6031;;NA;Unknown;Mobile/Embedded
;Qualcomm SM8150;8;5738;;NA;Unknown;Mobile/Embedded
;Qualcomm SM8250;8;6690;;NA;Unknown;Mobile/Embedded
;Qualcomm SM8350;8;6564;;NA;Unknown;Mobile/Embedded
;Qualcomm Snapdragon 808 (8992);6;720;;NA;Unknown;Unknown
;Qualcomm Snapdragon 810;4;1316;;NA;Unknown;Mobile/Embedded
;Qualcomm Snapdragon X Elite - X1E-78-100;12;22843;;23;Unknown;Laptop
;Qualcomm Snapdragon X Elite - X1E-80-100;12;22927;;NA;Unknown;Laptop
;Qualcomm Snapdragon X Elite - X1E-84-100;12;24726;;NA;Unknown;Laptop
;Qualcomm Snapdragon X Elite - X1E001DE;12;31863;;NA;Unknown;Laptop
;Qualcomm Snapdragon X Plus X1P-64-100;10;21332;;NA;Unknown;Laptop
;Qualcomm SXR2230P;6;3829;;NA;Unknown;Mobile/Embedded
;Qualcomm Technologies, Inc;8;3865;;NA;Unknown;Mobile/Embedded
;Qualcomm Technologies, Inc 450;8;1978;;NA;Unknown;Mobile/Embedded
;Qualcomm Technologies, Inc APQ8009;4;346;;NA;Unknown;Mobile/Embedded
;Qualcomm Technologies, Inc APQ8016;4;415;;NA;Unknown;Mobile/Embedded
;Qualcomm Technologies, Inc APQ8017;4;558;;NA;Unknown;Mobile/Embedded
;Qualcomm Technologies, Inc APQ8053;8;2139;;NA;Unknown;Mobile/Embedded
;Qualcomm Technologies, Inc APQ8076;8;1673;;NA;Unknown;Mobile/Embedded
;Qualcomm Technologies, Inc APQ8094;8;1564;;NA;Unknown;Mobile/Embedded
;Qualcomm Technologies, Inc APQ8096;4;1743;;NA;Unknown;Mobile/Embedded
;Qualcomm Technologies, Inc APQ8096pro;4;730;;NA;Unknown;Mobile/Embedded
;Qualcomm Technologies, Inc ATOLL-AB;8;3490;;NA;Unknown;Mobile/Embedded
;Qualcomm Technologies, Inc BENGAL;8;2455;;NA;Unknown;Mobile/Embedded
;Qualcomm Technologies, Inc BENGAL-IOT;8;2251;;NA;Unknown;Mobile/Embedded
;Qualcomm Technologies, Inc BENGALP;8;2646;;NA;Unknown;Mobile/Embedded
;Qualcomm Technologies, Inc BENGALP-IOT;8;3127;;NA;Unknown;Mobile/Embedded
;Qualcomm Technologies, Inc KHAJE;8;3399;;NA;Unknown;Mobile/Embedded
;Qualcomm Technologies, Inc KONA;8;5675;;NA;Unknown;Mobile/Embedded
;Qualcomm Technologies, Inc KONA-IOT;8;6752;;NA;Unknown;Mobile/Embedded
;Qualcomm Technologies, Inc LAGOON;8;3433;;NA;Unknown;Mobile/Embedded
;Qualcomm Technologies, Inc LITO;8;3364;;NA;Unknown;Mobile/Embedded
;Qualcomm Technologies, Inc MSM8216;4;292;;NA;Unknown;Mobile/Embedded
;Qualcomm Technologies, Inc MSM8909;4;293;;NA;Unknown;Mobile/Embedded
;Qualcomm Technologies, Inc MSM8916;4;415;;NA;Unknown;Mobile/Embedded
;Qualcomm Technologies, Inc MSM8917;4;540;;NA;Unknown;Mobile/Embedded
;Qualcomm Technologies, Inc MSM8920;4;487;;NA;Unknown;Mobile/Embedded
;Qualcomm Technologies, Inc MSM8929;8;560;;NA;Unknown;Mobile/Embedded
;Qualcomm Technologies, Inc MSM8937;8;1103;;NA;Unknown;Mobile/Embedded
;Qualcomm Technologies, Inc MSM8939;8;959;;NA;Unknown;Mobile/Embedded
;Qualcomm Technologies, Inc MSM8952;8;912;;NA;Unknown;Mobile/Embedded
;Qualcomm Technologies, Inc MSM8953;8;1837;;NA;Unknown;Mobile/Embedded
;Qualcomm Technologies, Inc MSM8956;6;1536;;NA;Unknown;Mobile/Embedded
;Qualcomm Technologies, Inc MSM8976;8;1818;;NA;Unknown;Mobile/Embedded
;Qualcomm Technologies, Inc MSM8976SG;8;2139;;NA;Unknown;Mobile/Embedded
;Qualcomm Technologies, Inc MSM8992;6;882;;NA;Unknown;Mobile/Embedded
;Qualcomm Technologies, Inc MSM8994;8;1115;;NA;Unknown;Mobile/Embedded
;Qualcomm Technologies, Inc MSM8996;4;1430;;NA;Unknown;Mobile/Embedded
;Qualcomm Technologies, Inc MSM8996pro;4;1588;;NA;Unknown;Mobile/Embedded
;Qualcomm Technologies, Inc MSM8998;8;2853;;NA;Unknown;Mobile/Embedded
;Qualcomm Technologies, Inc QCM2150;4;409;;NA;Unknown;Mobile/Embedded
;Qualcomm Technologies, Inc QCM6125;8;2775;;NA;Unknown;Mobile/Embedded
;Qualcomm Technologies, Inc QCS610;8;1949;;NA;Unknown;Mobile/Embedded
;Qualcomm Technologies, Inc QM215;4;468;;NA;Unknown;Mobile/Embedded
;Qualcomm Technologies, Inc SA8195P;8;6554;;NA;Unknown;Mobile/Embedded
;Qualcomm Technologies, Inc SCUBAIIOT;4;926;;NA;Unknown;Mobile/Embedded
;Qualcomm Technologies, Inc SCUBAPIIOT;4;1123;;NA;Unknown;Mobile/Embedded
;Qualcomm Technologies, Inc SDA429W;4;715;;NA;Unknown;Mobile/Embedded
;Qualcomm Technologies, Inc SDA450;8;1507;;NA;Unknown;Mobile/Embedded
;Qualcomm Technologies, Inc SDA660;8;2872;;NA;Unknown;Mobile/Embedded
;Qualcomm Technologies, Inc SDM429;4;1030;;NA;Unknown;Mobile/Embedded
;Qualcomm Technologies, Inc SDM439;8;1501;;NA;Unknown;Mobile/Embedded
;Qualcomm Technologies, Inc SDM450;8;1353;;NA;Unknown;Mobile/Embedded
;Qualcomm Technologies, Inc SDM460;8;2106;;NA;Unknown;Mobile/Embedded
;Qualcomm Technologies, Inc SDM630;8;1939;;NA;Unknown;Mobile/Embedded
;Qualcomm Technologies, Inc SDM632;8;2103;;NA;Unknown;Mobile/Embedded
;Qualcomm Technologies, Inc SDM636;8;2197;;NA;Unknown;Mobile/Embedded
;Qualcomm Technologies, Inc SDM660;8;2442;;NA;Unknown;Mobile/Embedded
;Qualcomm Technologies, Inc SDM662;8;2237;;NA;Unknown;Mobile/Embedded
;Qualcomm Technologies, Inc SDM665;8;2396;;NA;Unknown;Mobile/Embedded
;Qualcomm Technologies, Inc SDM670;8;2584;;NA;Unknown;Mobile/Embedded
;Qualcomm Technologies, Inc SDM710;8;2712;;NA;Unknown;Mobile/Embedded
;Qualcomm Technologies, Inc SDM712;2;2621;;NA;Unknown;Mobile/Embedded
;Qualcomm Technologies, Inc SDM720G;8;3289;;NA;Unknown;Mobile/Embedded
;Qualcomm Technologies, Inc SDM730G AIE;8;3421;;NA;Unknown;Mobile/Embedded
;Qualcomm Technologies, Inc SDM750G;8;4350;;NA;Unknown;Mobile/Embedded
;Qualcomm Technologies, Inc SDM765G 5G;8;3439;;NA;Unknown;Mobile/Embedded
;Qualcomm Technologies, Inc SDM778G;8;5553;;NA;Unknown;Mobile/Embedded
;Qualcomm Technologies, Inc SDM845;8;3398;;NA;Unknown;Mobile/Embedded
;Qualcomm Technologies, Inc SDMMAGPIE;8;3169;;NA;Unknown;Mobile/Embedded
;Qualcomm Technologies, Inc SDMMAGPIEP;8;3523;;NA;Unknown;Mobile/Embedded
;Qualcomm Technologies, Inc SM4250;8;2139;;NA;Unknown;Mobile/Embedded
;Qualcomm Technologies, Inc SM4350;8;3087;;NA;Unknown;Mobile/Embedded
;Qualcomm Technologies, Inc SM6125;8;2307;;NA;Unknown;Mobile/Embedded
;Qualcomm Technologies, Inc SM6150;8;2943;;NA;Unknown;Mobile/Embedded
;Qualcomm Technologies, Inc SM6225;8;2694;;NA;Unknown;Mobile/Embedded
;Qualcomm Technologies, Inc SM6375;8;4218;;NA;Unknown;Mobile/Embedded
;Qualcomm Technologies, Inc SM7125;8;3387;;NA;Unknown;Mobile/Embedded
;Qualcomm Technologies, Inc SM7150;8;3274;;NA;Unknown;Mobile/Embedded
;Qualcomm Technologies, Inc SM7225;8;3390;;NA;Unknown;Mobile/Embedded
;Qualcomm Technologies, Inc SM7250;8;3437;;NA;Unknown;Mobile/Embedded
;Qualcomm Technologies, Inc SM7325;8;6431;;NA;Unknown;Mobile/Embedded
;Qualcomm Technologies, Inc SM8150;8;4616;;NA;Unknown;Mobile/Embedded
;Qualcomm Technologies, Inc SM8150_Plus;8;4289;;NA;Unknown;Mobile/Embedded
;Qualcomm Technologies, Inc SM8150P;8;4543;;NA;Unknown;Mobile/Embedded
;Qualcomm Technologies, Inc SM8250;8;5865;;NA;Unknown;Mobile/Embedded
;Qualcomm Technologies, Inc SM8250_AC;8;6414;;NA;Unknown;Mobile/Embedded
;Qualcomm Technologies, Inc SM8350;8;6117;;NA;Unknown;Mobile/Embedded
;Qualcomm Technologies, Inc SM8350AC;8;6588;;NA;Unknown;Mobile/Embedded
;Qualcomm Technologies, Inc TRINKET;8;2472;;NA;Unknown;Mobile/Embedded
;Qualcomm Technologies, Inc TRINKET-IOT;8;2559;;NA;Unknown;Mobile/Embedded
;Qualcomm Technologies, Inc. MSM8940-PMI8940 MTP;8;1426;;NA;Unknown;Mobile/Embedded
;Qualcomm Technologies, Inc. MSM8952 QRD SKUM;8;1359;;NA;Unknown;Mobile/Embedded
;redwood based Qualcomm Technologies, Inc. SM7325;8;5911;;NA;Unknown;Mobile/Embedded
;Renoir based on Qualcomm Technologies, Inc SM7350;8;4886;;NA;Unknown;Mobile/Embedded
;RK30board;4;198;;NA;Unknown;Mobile/Embedded
;rk3399;6;2046;;NA;Unknown;Mobile/Embedded
;rk3566;4;595;;NA;Unknown;Mobile/Embedded
;RK3568 AIoT3568 Board V2.1-AD52068, LVDS(8775), HD;4;1178;;NA;Unknown;Mobile/Embedded
;ROC-RK3568-PC HDMI (Android);4;1197;;NA;Unknown;Mobile/Embedded
;Rockchip (Device Tree);4;666;;NA;Unknown;Mobile/Embedded
;Rockchip RK;8;1246;;NA;Unknown;Mobile/Embedded
;Rockchip RK3228A;4;314;;NA;Unknown;Mobile/Embedded
;Rockchip RK3229;4;280;;NA;Unknown;Mobile/Embedded
;Rockchip RK3288;4;708;;NA;Unknown;Mobile/Embedded
;Rockchip RK3288 (Flattened Device Tree);4;515;;NA;Unknown;Mobile/Embedded
;Rockchip RK3326;4;440;;NA;Unknown;Mobile/Embedded
;Rockchip rk3326 863 rkisp1 board;4;365;;NA;Unknown;Mobile/Embedded
;Rockchip RK3326 Board;4;386;;NA;Unknown;Mobile/Embedded
;Rockchip rk3326 evb board;4;463;;NA;Unknown;Mobile/Embedded
;Rockchip RK3328;4;319;;NA;Unknown;Mobile/Embedded
;Rockchip RK3328 box liantong avb;4;491;;NA;Unknown;Mobile/Embedded
;Rockchip RK3368;8;827;;NA;Unknown;Mobile/Embedded
;Rockchip RK3399;2;1560;;NA;Unknown;Mobile/Embedded
;Rockchip RK3399 Board (Android);6;1456;;NA;Unknown;Mobile/Embedded
;Rockchip RK3399 EVB IND LPDDR4 Board lvds (Android;6;1862;;NA;Unknown;Mobile/Embedded
;Rockchip RK3399 Excavator Board edp avb (Android);6;1533;;NA;Unknown;Mobile/Embedded
;Rockchip RK3399 Generic Board edp (Android);6;391;;NA;Unknown;Mobile/Embedded
;Rockchip RK3528 DEMO4 DDR4 V10 Board;4;888;;NA;Unknown;Mobile/Embedded
;Rockchip RK3562;4;1045;;NA;Unknown;Mobile/Embedded
;Rockchip RK3566;4;922;;NA;Unknown;Mobile/Embedded
;Rockchip RK3566 BOX DEMO V10 ANDROID Board;4;1093;;NA;Unknown;Mobile/Embedded
;Rockchip RK3566 EVB1 DDR4 V10 Board;4;751;;NA;Unknown;Mobile/Embedded
;Rockchip RK3566 EVB2 LP4X V10 Board;4;933;;NA;Unknown;Mobile/Embedded
;Rockchip RK3566 EVB2 LP4X V10 Board PDM Mic Array;4;337;;NA;Unknown;Mobile/Embedded
;Rockchip RK3566 EVB3 DDR3 V10 Board;4;994;;NA;Unknown;Mobile/Embedded
;Rockchip RK3566 HD15 Board;4;1160;;NA;Unknown;Mobile/Embedded
;Rockchip RK3566 RK817 EINK LP4X Board;4;667;;NA;Unknown;Mobile/Embedded
;Rockchip RK3566 RK817 TABLET LP4X Board;4;1021;;NA;Unknown;Mobile/Embedded
;Rockchip RK3566 RK817 TABLET RKG11 LP4 Board;8;686;;NA;Unknown;Mobile/Embedded
;Rockchip RK3566 RK817 ZIDOO TABLET LP4X Board;4;795;;NA;Unknown;Mobile/Embedded
;Rockchip RK3568;4;1120;;NA;Unknown;Mobile/Embedded
;Rockchip RK3568 EVB1 DDR4 V10 Board;4;1082;;NA;Unknown;Mobile/Embedded
;Rockchip RK3568 EVB2 LP4X V10 Board;4;883;;NA;Unknown;Mobile/Embedded
;Rockchip RK3568 EVB7 DDR4 V10 Board;4;1106;;NA;Unknown;Mobile/Embedded
;Rockchip RK3576;8;3871;;NA;Unknown;Mobile/Embedded
;Rockchip RK3588;8;4566;;NA;Unknown;Mobile/Embedded
;rockchip,rk3328;4;453;;NA;Unknown;Mobile/Embedded
;rockchip,rk3368;8;870;;NA;Unknown;Mobile/Embedded
;Ryzen 5 150 with Radeon Graphics;6;15376;;NA;Unknown;Unknown
;Samsung Exynos 9610;8;3168;;NA;Unknown;Mobile/Embedded
;Samsung A04S EUR OPEN REV03C board based on EXYNOS;8;2452;;NA;Unknown;Mobile/Embedded
;Samsung A13 EUR OPEN REV02B board based on EXYNOS8;8;1230;;NA;Unknown;Mobile/Embedded
;Samsung A13 USA SINGLE REV02B board based on EXYNO;8;1528;;NA;Unknown;Mobile/Embedded
;SAMSUNG EXPRESS2;2;233;;NA;Unknown;Mobile/Embedded
;Samsung Exynos;8;2423;;NA;Unknown;Mobile/Embedded
;Samsung Exynos 2100;8;5527;;NA;Unknown;Mobile/Embedded
;Samsung Exynos 7420;8;2164;;NA;Unknown;Mobile/Embedded
;Samsung Exynos 7570;4;479;;NA;Unknown;Mobile/Embedded
;Samsung Exynos 7580;8;964;;NA;Unknown;Mobile/Embedded
;Samsung Exynos 7870;8;1052;;NA;Unknown;Mobile/Embedded
;Samsung Exynos 7880;8;1818;;NA;Unknown;Mobile/Embedded
;Samsung Exynos 7884;8;1624;;NA;Unknown;Mobile/Embedded
;Samsung Exynos 7885;8;1843;;NA;Unknown;Mobile/Embedded
;Samsung Exynos 7904;8;1852;;NA;Unknown;Mobile/Embedded
;Samsung Exynos 850;8;2087;;NA;Unknown;Mobile/Embedded
;Samsung Exynos 8890;8;2606;;NA;Unknown;Mobile/Embedded
;Samsung Exynos 8895;8;3168;;NA;Unknown;Mobile/Embedded
;Samsung Exynos 9610;8;2279;;NA;Unknown;Mobile/Embedded
;Samsung Exynos 9611;8;2550;;NA;Unknown;Mobile/Embedded
;Samsung Exynos 980;8;4584;;NA;Unknown;Mobile/Embedded
;Samsung Exynos 9810;8;3778;;NA;Unknown;Mobile/Embedded
;Samsung Exynos 9820;8;3984;;NA;Unknown;Mobile/Embedded
;Samsung Exynos 9825;8;3812;;NA;Unknown;Mobile/Embedded
;Samsung Exynos 990;8;6040;;NA;Unknown;Mobile/Embedded
;Samsung EXYNOS5420;4;704;;NA;Unknown;Mobile/Embedded
;Samsung EXYNOS5430;8;1380;;NA;Unknown;Mobile/Embedded
;Samsung EXYNOS5433;8;1196;;NA;Unknown;Mobile/Embedded
;SAMSUNG Exynos7420;8;2054;;NA;Unknown;Mobile/Embedded
;SAMSUNG Exynos7580;8;910;;NA;Unknown;Mobile/Embedded
;Samsung Exynos7870;8;2093;;NA;Unknown;Mobile/Embedded
;samsung exynos7885;8;2496;;NA;Unknown;Mobile/Embedded
;Samsung GrandPrimePlus LTE CIS rev04 board based o;4;312;;NA;Unknown;Mobile/Embedded
;Samsung GrandPrimePlus LTE LTN DTV rev04 board bas;4;599;;NA;Unknown;Mobile/Embedded
;Samsung GrandPrimePlus LTE LTN OPEN rev04 board ba;4;415;;NA;Unknown;Mobile/Embedded
;Samsung J7 Max LTE SWA board based on MT6757V/WL;8;928;;NA;Unknown;Mobile/Embedded
;SAMSUNG JF;4;540;;NA;Unknown;Mobile/Embedded
;Samsung M13 EUR OPEN REV02 board based on EXYNOS85;8;1425;;NA;Unknown;Mobile/Embedded
;Samsung M13 SWA INS 00 board based on EXYNOS850;8;1269;;NA;Unknown;Mobile/Embedded
;Samsung s5e8535;8;4592;;NA;Unknown;Mobile/Embedded
;Samsung s5e8825;8;4498;;NA;Unknown;Mobile/Embedded
;Samsung s5e8835;8;5893;;NA;Unknown;Mobile/Embedded
;Samsung s5e8845;8;7008;;NA;Unknown;Mobile/Embedded
;Samsung s5e8855;8;7677;;NA;Unknown;Mobile/Embedded
;Samsung s5e9925;8;6388;;NA;Unknown;Mobile/Embedded
;Samsung s5e9945;10;10882;;NA;Unknown;Mobile/Embedded
;Samsung s5e9955;10;9739;;NA;Unknown;Mobile/Embedded
;SAMSUNG SERRANO;2;266;;NA;Unknown;Mobile/Embedded
;Samsung Technologies, Inc Exynos E1080;8;4846;;NA;Unknown;Mobile/Embedded
;sc8830;4;410;;NA;Unknown;Mobile/Embedded
;SM6375;8;4441;;NA;Unknown;Mobile/Embedded
;SM7325;8;6108;;NA;Unknown;Mobile/Embedded
;SM8325;8;5799;;NA;Unknown;Mobile/Embedded
;SM8350;8;6138;;NA;Unknown;Mobile/Embedded
;SM8450;8;4896;;NA;Unknown;Mobile/Embedded
;SM8550;8;8629;;NA;Unknown;Mobile/Embedded
;SM8750;8;12573;;NA;Unknown;Mobile/Embedded
;SMDK4x12;8;3006;;NA;Unknown;Mobile/Embedded
;Snapdragon 435;8;1079;;NA;Unknown;Mobile/Embedded
;Snapdragon 662;4;2431;;NA;Unknown;Mobile/Embedded
;Snapdragon 7325;4;5564;;NA;Unknown;Mobile/Embedded
;Snapdragon 7c @ 1.96 GHz;2;3712;;NA;Unknown;Laptop, Mobile/Embedded
;Snapdragon 7c @ 2.40 GHz;2;3434;;9;Unknown;Laptop, Mobile/Embedded
;Snapdragon 7c Gen 2 @ 2.55 GHz;2;3855;;7;Unknown;Laptop, Mobile/Embedded
;Snapdragon 7cPlus Gen 3 @ 2.40 GHz;8;6044;;NA;Unknown;Mobile/Embedded
;Snapdragon 8 Gen2 Mobile Platform for Galaxy;8;9362;;NA;Unknown;Mobile/Embedded
;Snapdragon 835;8;2536;;9;Unknown;Laptop, Mobile/Embedded
;Snapdragon 835 @ 2.45 GHz;8;3524;;NA;Unknown;Mobile/Embedded
;Snapdragon 8350;4;4618;;NA;Unknown;Mobile/Embedded
;Snapdragon 845 @ 2.8 GHz;4;3446;;NA;Unknown;Mobile/Embedded
;Snapdragon 850 @ 2.40 GHz;4;2946;;NA;Unknown;Mobile/Embedded
;Snapdragon 850 @ 2.96 GHz;4;3395;;5;Unknown;Laptop, Mobile/Embedded
;Snapdragon 855 @ 2.84 GHz;4;5070;;NA;Unknown;Mobile/Embedded
;Snapdragon 860 @ 2.96 GHz;8;4804;;NA;Unknown;Mobile/Embedded
;Snapdragon 8c @ 2.46 GHz;4;5230;;NA;Unknown;Laptop, Mobile/Embedded
;Snapdragon 8cx @ 2.84 GHz;4;5180;;NA;Unknown;Laptop, Mobile/Embedded
;Snapdragon 8cx Gen 2 @ 3.0 GHz;4;6796;;NA;Unknown;Laptop, Mobile/Embedded
;Snapdragon 8cx Gen 2 @ 3.15 GHz;4;6725;;7;Unknown;Laptop, Mobile/Embedded
;Snapdragon 8cx Gen 3 @ 2.69 GHz;8;10799;;NA;Unknown;Mobile/Embedded
;Snapdragon 8cx Gen 3 @ 3.0;1;1811;;NA;Unknown;Mobile/Embedded
;Snapdragon 8cx Gen 3 @ 3.0 GHz;4;11820;;NA;Unknown;Laptop, Mobile/Embedded
;Snapdragon X - X126100 - Qualcomm Oryon;8;16677;;30;Unknown;Laptop
;Snapdragon X Plus (8-core) @ 3.30 GHz;8;16786;;NA;Unknown;Mobile/Embedded
;Snapdragon X Plus - X1P42100 - Qualcomm Ory;8;18033;;30;Unknown;Laptop
;Sony Mobile fusion3;4;428;;NA;Unknown;Unknown
;Spreadtrum SC7731e;4;333;;NA;Unknown;Unknown
;Spreadtrum SC9832E;4;576;;NA;Unknown;Mobile/Embedded
;Spreadtrum SC9853I-IA;8;748;;NA;Unknown;Mobile/Embedded
;Spreadtrum SC9863A;8;1530;;NA;Unknown;Mobile/Embedded
;Spreadtrum SC9863A Board;8;1671;;NA;Unknown;Mobile/Embedded
;Spreadtrum T310;4;1584;;NA;Unknown;Mobile/Embedded
;Spreadtrum T603;8;1765;;NA;Unknown;Mobile/Embedded
;Spreadtrum T606;8;2673;;NA;Unknown;Mobile/Embedded
;Spreadtrum T610;8;2646;;NA;Unknown;Mobile/Embedded
;Spreadtrum T612;8;2898;;NA;Unknown;Mobile/Embedded
;Spreadtrum T615;8;2962;;NA;Unknown;Mobile/Embedded
;Spreadtrum T616;8;2918;;NA;Unknown;Mobile/Embedded
;Spreadtrum T618;8;2934;;NA;Unknown;Mobile/Embedded
;Spreadtrum T620;8;3016;;NA;Unknown;Mobile/Embedded
;Spreadtrum T760;8;5091;;NA;Unknown;Mobile/Embedded
;Spreadtrum T765;8;3804;;NA;Unknown;Mobile/Embedded
;Spreadtrum T820;8;5543;;NA;Unknown;Mobile/Embedded
;Spreadtrum UIS7885(prototype);8;5619;;NA;Unknown;Mobile/Embedded
;Spreadtrum UMS9230;8;2878;;NA;Unknown;Mobile/Embedded
;Spreadtrum UMS9230E;8;2961;;NA;Unknown;Mobile/Embedded
;Spreadtrum UMS9230H;8;2861;;NA;Unknown;Mobile/Embedded
;Spreadtrum UMS9230T;8;2250;;NA;Unknown;Mobile/Embedded
;Spreadtrum UMS9621S;8;4550;;NA;Unknown;Mobile/Embedded
;Spreadtrum UMS9632;8;4411;;NA;Unknown;Mobile/Embedded
;Star based on Qualcomm Technologies, Inc SM8350;8;5241;;NA;Unknown;Mobile/Embedded
;StratoVirt;8;11676;;NA;Unknown;Unknown
;sun50iw1p1;4;559;;NA;Unknown;Mobile/Embedded
;sun50iw6;4;498;;NA;Unknown;Mobile/Embedded
;sun8iw11p1;4;335;;NA;Unknown;Mobile/Embedded
;sun8iw7;4;237;;NA;Unknown;Mobile/Embedded
;Synaptics VS640;4;862;;NA;Unknown;Mobile/Embedded
;Synaptics VS680;4;1728;;NA;Unknown;Mobile/Embedded
;T606;8;2824;;NA;Unknown;Mobile/Embedded
;T610-Unisoc;8;2575;;NA;Unknown;Mobile/Embedded
;T610S-Unisoc;8;2781;;NA;Unknown;Mobile/Embedded
;T618;8;2771;;NA;Unknown;Mobile/Embedded
;T700-Unisoc;8;2421;;NA;Unknown;Mobile/Embedded
;taoyao based Qualcomm Technologies, Inc. Yupik IDP;8;6359;;NA;Unknown;Mobile/Embedded
;Thor;6;839;;NA;Unknown;Mobile/Embedded
;tn8;4;1028;;NA;Unknown;Mobile/Embedded
;UGOOS UT8 Board;4;1152;;NA;Unknown;Mobile/Embedded
;UIS7862A;8;2638;;NA;Unknown;Mobile/Embedded
;Unisoc L3R;8;1381;;NA;Unknown;Mobile/Embedded
;Unisoc SC7731e;4;343;;NA;Unknown;Mobile/Embedded
;Unisoc SC9832e;4;501;;NA;Unknown;Mobile/Embedded
;Unisoc SC9863a;8;1436;;NA;Unknown;Mobile/Embedded
;Unisoc SC9863A1;8;1444;;NA;Unknown;Mobile/Embedded
;Unisoc T310;4;1416;;NA;Unknown;Mobile/Embedded
;Unisoc T603;8;1835;;NA;Unknown;Mobile/Embedded
;Unisoc T606;8;2656;;NA;Unknown;Mobile/Embedded
;Unisoc T610;8;2821;;NA;Unknown;Mobile/Embedded
;Unisoc T612;8;2530;;NA;Unknown;Mobile/Embedded
;Unisoc T616;8;3116;;NA;Unknown;Mobile/Embedded
;Unisoc T618;8;2588;;NA;Unknown;Mobile/Embedded
;Unisoc T700;8;2635;;NA;Unknown;Mobile/Embedded
;Unisoc T760;8;4720;;NA;Unknown;Mobile/Embedded
;Unisoc UIS7862S;8;2780;;NA;Unknown;Mobile/Embedded
;Unisoc UIS8581A;8;1704;;NA;Unknown;Mobile/Embedded
;Unisoc UIS8581E;8;1279;;NA;Unknown;Mobile/Embedded
;Unisoc ums312;4;988;;NA;Unknown;Mobile/Embedded
;Unisoc ums512;8;2599;;NA;Unknown;Mobile/Embedded
;Unisoc ums9230;8;2285;;NA;Unknown;Mobile/Embedded
;Unisoc ums9230H;8;2924;;NA;Unknown;Mobile/Embedded
;Unisoc ums9230T;8;2914;;NA;Unknown;Mobile/Embedded
;UNIVERSAL3470;4;391;;NA;Unknown;Mobile/Embedded
;UNIVERSAL3475;4;310;;NA;Unknown;Mobile/Embedded
;vendor Kirin710;8;2831;;NA;Unknown;Mobile/Embedded
;vendor Kirin810;8;4237;;NA;Unknown;Mobile/Embedded
;vendor Kirin820;8;4947;;NA;Unknown;Mobile/Embedded
;vendor Kirin9000;8;6914;;NA;Unknown;Mobile/Embedded
;vendor Kirin9000E;8;7141;;NA;Unknown;Mobile/Embedded
;vendor Kirin970;8;3045;;NA;Unknown;Mobile/Embedded
;vendor Kirin980;8;5198;;NA;Unknown;Mobile/Embedded
;vendor Kirin985;8;5481;;NA;Unknown;Mobile/Embedded
;vendor Kirin990;8;6123;;NA;Unknown;Mobile/Embedded
;Venus based on Qualcomm Technologies, Inc SM8350;8;5398;;NA;Unknown;Mobile/Embedded
;VIA C7-D 1800MHz;1;150;;20;BGA400;Desktop
;VIA C7-M 1200MHz;1;112;;NA;Unknown;Laptop
;VIA C7-M 1600MHz;1;116;;15;BGA400;Laptop
;VIA C7-M 6300MHz;1;145;;NA;Unknown;Laptop
;VIA Eden 1000MHz;1;80;;5;NanoBGA2;Laptop
;VIA Eden 1200MHz;1;93;;7;NanoBGA2;Laptop
;VIA Eden C1050@1.06GHz;1;263;;NA;Unknown;Mobile/Embedded
;VIA Eden X2 U4200 @ 1.0+ GHz;2;326;;NA;Unknown;Mobile/Embedded
;VIA Eden X4 C4250 @ 1.2+GHz;4;904;;NA;Unknown;Mobile/Embedded
;VIA Esther 1000MHz;1;95;;NA;Unknown;Unknown
;VIA Esther 1500MHz;1;135;;NA;Unknown;Unknown
;VIA Nano L2007@1600MHz;1;238;;25;BGA400;Laptop
;VIA Nano L2100@1800MHz;1;279;;25;BGA400;Laptop
;VIA Nano L2207@1600MHz;1;165;;17;BGA400;Laptop
;VIA Nano U2250 (1.6GHz Capable);1;187;;8;BGA400;Laptop
;VIA Nano U2250@1300+MHz;1;179;;10;BGA400;Laptop
;VIA Nano U2500@1200MHz;1;199;;7;BGA400;Laptop
;VIA Nano U3500@1000MHz;1;184;;5;BGA400;Laptop
;VIA Nano X2 U4025 @ 1.2 GHz;2;362;;NA;BGA400;Laptop
;VIA Nehemiah;1;101;;NA;Unknown;Unknown
;VIA QuadCore C4650@2.0GHz;4;1352;;NA;Unknown;Unknown
;VIA QuadCore L4700 @ 1.2+ GHz;4;773;;27.5;Unknown;Laptop
;VIA QuadCore U4650 @ 1.0+ GHz;4;666;;27.5;Unknown;Desktop
;Vili based on Qualcomm Technologies, Inc SM8350;8;5296;;NA;Unknown;Mobile/Embedded
;virt-10.0;4;3127;;NA;Unknown;Unknown
;virt-8.2;6;6547;;NA;Unknown;Unknown
;virt-9.1;4;9461;;NA;Unknown;Unknown
;virt-9.2;4;2967;;NA;Unknown;Unknown
;Virtual @ 2.32GHz;2;1826;;NA;Unknown;Unknown
;Virtual @ 2.39GHz;4;1412;;NA;Unknown;Unknown
;Virtual @ 2.49GHz;6;4599;;NA;Unknown;Unknown
;Virtual @ 2.56GHz;4;3778;;NA;Unknown;Unknown
;Virtual @ 2.70GHz;4;3688;;NA;Unknown;Unknown
;Virtual @ 2.89GHz;7;4134;;NA;Unknown;Unknown
;Virtual @ 2.95GHz;4;11262;;NA;Unknown;Unknown
;Virtual @ 3.24GHz;4;11685;;NA;Unknown;Unknown
;Virtual @ 3.41GHz;6;14113;;NA;Unknown;Unknown
;Virtual @ 3.80GHz;8;16736;;NA;Unknown;Unknown
;Welcome SC9863A;8;1897;;NA;Unknown;Mobile/Embedded
;XTRONS_IX;8;1266;;NA;Unknown;Mobile/Embedded
;Z3-6540M@2.1GHz;4;1599;;NA;Unknown;Unknown
;ZHAOXIN KaiXian KX-6640A@2.6GHz;4;1766;;NA;Unknown;Unknown
;ZHAOXIN KaiXian KX-6640MA@2.1+GHz;4;1597;;NA;Unknown;Desktop
;ZHAOXIN KaiXian KX-6640MA@2.2+GHz;4;1566;;70;Unknown;Unknown
;ZHAOXIN KaiXian KX-7000;8;7172;;NA;Unknown;Unknown
;ZHAOXIN KaiXian KX-U6580@2.5GHz;8;3227;;NA;Unknown;Unknown
;ZHAOXIN KaiXian KX-U6780@2.7GHz;8;3693;;NA;Unknown;Unknown
;ZHAOXIN KaiXian KX-U6780A;8;3058;;NA;Unknown;Desktop
;ZHAOXIN KaiXian KX-U6780A@2.7GHz;8;3464;;NA;Unknown;Unknown
;ZHAOXIN KaiXian ZX-C+ C4700@2.0GHz;4;1547;;NA;Unknown;Unknown
;ZHAOXIN KaiXian ZX-C+ C4701@2.0GHz;4;1442;;NA;Unknown;Unknown
;ZHAOXIN KaiXian ZX-D D4600@2.0GHz;4;1492;;NA;Unknown;Unknown
;ZHAOXIN Z3-6540M@2.1+GHz;4;1415;;NA;Unknown;Desktop
;天玑900;8;4259;;NA;Unknown;Mobile/Embedded
